This is pdfTeX, Version 3.141592653-2.6-1.40.27 (TeX Live 2025) (preloaded format=pdflatex 2026.2.7)  27 AUG 2026 23:49
entering extended mode
 restricted \write18 enabled.
 %&-line parsing enabled.
**main.tex
(./main.tex
LaTeX2e <2024-11-01> patch level 2
L3 programming layer <2025-01-18>
(d:/texlive/2025/texmf-dist/tex/latex/ieeetran/IEEEtran.cls
Document Class: IEEEtran 2015/08/26 V1.8b by Michael Shell
-- See the "IEEEtran_HOWTO" manual for usage information.
-- http://www.michaelshell.org/tex/ieeetran/
\@IEEEtrantmpdimenA=\dimen141
\@IEEEtrantmpdimenB=\dimen142
\@IEEEtrantmpdimenC=\dimen143
\@IEEEtrantmpcountA=\count196
\@IEEEtrantmpcountB=\count197
\@IEEEtrantmpcountC=\count198
\@IEEEtrantmptoksA=\toks17
LaTeX Font Info:    Trying to load font information for OT1+ptm on input line 5
03.
(d:/texlive/2025/texmf-dist/tex/latex/psnfss/ot1ptm.fd
File: ot1ptm.fd 2001/06/04 font definitions for OT1/ptm.
)
-- Using 8.5in x 11in (letter) paper.
-- Using PDF output.
\@IEEEnormalsizeunitybaselineskip=\dimen144
-- This is a 10 point document.
\CLASSINFOnormalsizebaselineskip=\dimen145
\CLASSINFOnormalsizeunitybaselineskip=\dimen146
\IEEEnormaljot=\dimen147
LaTeX Font Info:    Font shape `OT1/ptm/bx/n' in size <5> not available
(Font)              Font shape `OT1/ptm/b/n' tried instead on input line 1090.
LaTeX Font Info:    Font shape `OT1/ptm/bx/it' in size <5> not available
(Font)              Font shape `OT1/ptm/b/it' tried instead on input line 1090.

LaTeX Font Info:    Font shape `OT1/ptm/bx/n' in size <7> not available
(Font)              Font shape `OT1/ptm/b/n' tried instead on input line 1090.
LaTeX Font Info:    Font shape `OT1/ptm/bx/it' in size <7> not available
(Font)              Font shape `OT1/ptm/b/it' tried instead on input line 1090.

LaTeX Font Info:    Font shape `OT1/ptm/bx/n' in size <8> not available
(Font)              Font shape `OT1/ptm/b/n' tried instead on input line 1090.
LaTeX Font Info:    Font shape `OT1/ptm/bx/it' in size <8> not available
(Font)              Font shape `OT1/ptm/b/it' tried instead on input line 1090.

LaTeX Font Info:    Font shape `OT1/ptm/bx/n' in size <9> not available
(Font)              Font shape `OT1/ptm/b/n' tried instead on input line 1090.
LaTeX Font Info:    Font shape `OT1/ptm/bx/it' in size <9> not available
(Font)              Font shape `OT1/ptm/b/it' tried instead on input line 1090.

LaTeX Font Info:    Font shape `OT1/ptm/bx/n' in size <10> not available
(Font)              Font shape `OT1/ptm/b/n' tried instead on input line 1090.
LaTeX Font Info:    Font shape `OT1/ptm/bx/it' in size <10> not available
(Font)              Font shape `OT1/ptm/b/it' tried instead on input line 1090.

LaTeX Font Info:    Font shape `OT1/ptm/bx/n' in size <11> not available
(Font)              Font shape `OT1/ptm/b/n' tried instead on input line 1090.
LaTeX Font Info:    Font shape `OT1/ptm/bx/it' in size <11> not available
(Font)              Font shape `OT1/ptm/b/it' tried instead on input line 1090.

LaTeX Font Info:    Font shape `OT1/ptm/bx/n' in size <12> not available
(Font)              Font shape `OT1/ptm/b/n' tried instead on input line 1090.
LaTeX Font Info:    Font shape `OT1/ptm/bx/it' in size <12> not available
(Font)              Font shape `OT1/ptm/b/it' tried instead on input line 1090.

LaTeX Font Info:    Font shape `OT1/ptm/bx/n' in size <17> not available
(Font)              Font shape `OT1/ptm/b/n' tried instead on input line 1090.
LaTeX Font Info:    Font shape `OT1/ptm/bx/it' in size <17> not available
(Font)              Font shape `OT1/ptm/b/it' tried instead on input line 1090.

LaTeX Font Info:    Font shape `OT1/ptm/bx/n' in size <20> not available
(Font)              Font shape `OT1/ptm/b/n' tried instead on input line 1090.
LaTeX Font Info:    Font shape `OT1/ptm/bx/it' in size <20> not available
(Font)              Font shape `OT1/ptm/b/it' tried instead on input line 1090.

LaTeX Font Info:    Font shape `OT1/ptm/bx/n' in size <24> not available
(Font)              Font shape `OT1/ptm/b/n' tried instead on input line 1090.
LaTeX Font Info:    Font shape `OT1/ptm/bx/it' in size <24> not available
(Font)              Font shape `OT1/ptm/b/it' tried instead on input line 1090.

\IEEEquantizedlength=\dimen148
\IEEEquantizedlengthdiff=\dimen149
\IEEEquantizedtextheightdiff=\dimen150
\IEEEilabelindentA=\dimen151
\IEEEilabelindentB=\dimen152
\IEEEilabelindent=\dimen153
\IEEEelabelindent=\dimen154
\IEEEdlabelindent=\dimen155
\IEEElabelindent=\dimen156
\IEEEiednormlabelsep=\dimen157
\IEEEiedmathlabelsep=\dimen158
\IEEEiedtopsep=\skip49
\c@section=\count199
\c@subsection=\count266
\c@subsubsection=\count267
\c@paragraph=\count268
\c@IEEEsubequation=\count269
\abovecaptionskip=\skip50
\belowcaptionskip=\skip51
\c@figure=\count270
\c@table=\count271
\@IEEEeqnnumcols=\count272
\@IEEEeqncolcnt=\count273
\@IEEEsubeqnnumrollback=\count274
\@IEEEquantizeheightA=\dimen159
\@IEEEquantizeheightB=\dimen160
\@IEEEquantizeheightC=\dimen161
\@IEEEquantizeprevdepth=\dimen162
\@IEEEquantizemultiple=\count275
\@IEEEquantizeboxA=\box52
\@IEEEtmpitemindent=\dimen163
\IEEEPARstartletwidth=\dimen164
\c@IEEEbiography=\count276
\@IEEEtranrubishbin=\box53
) (d:/texlive/2025/texmf-dist/tex/latex/tools/enumerate.sty
Package: enumerate 2023/07/04 v3.00 enumerate extensions (DPC)
\@enLab=\toks18
)
(d:/texlive/2025/texmf-dist/tex/latex/sttools/stfloats.sty
Package: stfloats 2017/03/27 v3.3 Improve float mechanism and baselineskip sett
ings
\@dblbotnum=\count277
\c@dblbotnumber=\count278
)
(d:/texlive/2025/texmf-dist/tex/latex/graphics/graphicx.sty
Package: graphicx 2021/09/16 v1.2d Enhanced LaTeX Graphics (DPC,SPQR)

(d:/texlive/2025/texmf-dist/tex/latex/graphics/keyval.sty
Package: keyval 2022/05/29 v1.15 key=value parser (DPC)
\KV@toks@=\toks19
)
(d:/texlive/2025/texmf-dist/tex/latex/graphics/graphics.sty
Package: graphics 2024/08/06 v1.4g Standard LaTeX Graphics (DPC,SPQR)

(d:/texlive/2025/texmf-dist/tex/latex/graphics/trig.sty
Package: trig 2023/12/02 v1.11 sin cos tan (DPC)
)
(d:/texlive/2025/texmf-dist/tex/latex/graphics-cfg/graphics.cfg
File: graphics.cfg 2016/06/04 v1.11 sample graphics configuration
)
Package graphics Info: Driver file: pdftex.def on input line 106.

(d:/texlive/2025/texmf-dist/tex/latex/graphics-def/pdftex.def
File: pdftex.def 2024/04/13 v1.2c Graphics/color driver for pdftex
))
\Gin@req@height=\dimen165
\Gin@req@width=\dimen166
)
(d:/texlive/2025/texmf-dist/tex/latex/hyperref/hyperref.sty
Package: hyperref 2024-11-05 v7.01l Hypertext links for LaTeX

(d:/texlive/2025/texmf-dist/tex/generic/iftex/iftex.sty
Package: iftex 2024/12/12 v1.0g TeX engine tests
)
(d:/texlive/2025/texmf-dist/tex/latex/kvsetkeys/kvsetkeys.sty
Package: kvsetkeys 2022-10-05 v1.19 Key value parser (HO)
)
(d:/texlive/2025/texmf-dist/tex/generic/kvdefinekeys/kvdefinekeys.sty
Package: kvdefinekeys 2019-12-19 v1.6 Define keys (HO)
)
(d:/texlive/2025/texmf-dist/tex/generic/pdfescape/pdfescape.sty
Package: pdfescape 2019/12/09 v1.15 Implements pdfTeX's escape features (HO)

(d:/texlive/2025/texmf-dist/tex/generic/ltxcmds/ltxcmds.sty
Package: ltxcmds 2023-12-04 v1.26 LaTeX kernel commands for general use (HO)
)
(d:/texlive/2025/texmf-dist/tex/generic/pdftexcmds/pdftexcmds.sty
Package: pdftexcmds 2020-06-27 v0.33 Utility functions of pdfTeX for LuaTeX (HO
)

(d:/texlive/2025/texmf-dist/tex/generic/infwarerr/infwarerr.sty
Package: infwarerr 2019/12/03 v1.5 Providing info/warning/error messages (HO)
)
Package pdftexcmds Info: \pdf@primitive is available.
Package pdftexcmds Info: \pdf@ifprimitive is available.
Package pdftexcmds Info: \pdfdraftmode found.
))
(d:/texlive/2025/texmf-dist/tex/latex/hycolor/hycolor.sty
Package: hycolor 2020-01-27 v1.10 Color options for hyperref/bookmark (HO)
)
(d:/texlive/2025/texmf-dist/tex/latex/hyperref/nameref.sty
Package: nameref 2023-11-26 v2.56 Cross-referencing by name of section

(d:/texlive/2025/texmf-dist/tex/latex/refcount/refcount.sty
Package: refcount 2019/12/15 v3.6 Data extraction from label references (HO)
)
(d:/texlive/2025/texmf-dist/tex/generic/gettitlestring/gettitlestring.sty
Package: gettitlestring 2019/12/15 v1.6 Cleanup title references (HO)

(d:/texlive/2025/texmf-dist/tex/latex/kvoptions/kvoptions.sty
Package: kvoptions 2022-06-15 v3.15 Key value format for package options (HO)
))
\c@section@level=\count279
)
(d:/texlive/2025/texmf-dist/tex/latex/etoolbox/etoolbox.sty
Package: etoolbox 2025/02/11 v2.5l e-TeX tools for LaTeX (JAW)
\etb@tempcnta=\count280
)
(d:/texlive/2025/texmf-dist/tex/generic/stringenc/stringenc.sty
Package: stringenc 2019/11/29 v1.12 Convert strings between diff. encodings (HO
)
)
\@linkdim=\dimen167
\Hy@linkcounter=\count281
\Hy@pagecounter=\count282

(d:/texlive/2025/texmf-dist/tex/latex/hyperref/pd1enc.def
File: pd1enc.def 2024-11-05 v7.01l Hyperref: PDFDocEncoding definition (HO)
Now handling font encoding PD1 ...
... no UTF-8 mapping file for font encoding PD1
)
(d:/texlive/2025/texmf-dist/tex/generic/intcalc/intcalc.sty
Package: intcalc 2019/12/15 v1.3 Expandable calculations with integers (HO)
)
\Hy@SavedSpaceFactor=\count283

(d:/texlive/2025/texmf-dist/tex/latex/hyperref/puenc.def
File: puenc.def 2024-11-05 v7.01l Hyperref: PDF Unicode definition (HO)
Now handling font encoding PU ...
... no UTF-8 mapping file for font encoding PU
)
Package hyperref Info: Hyper figures OFF on input line 4157.
Package hyperref Info: Link nesting OFF on input line 4162.
Package hyperref Info: Hyper index ON on input line 4165.
Package hyperref Info: Plain pages OFF on input line 4172.
Package hyperref Info: Backreferencing OFF on input line 4177.
Package hyperref Info: Implicit mode ON; LaTeX internals redefined.
Package hyperref Info: Bookmarks ON on input line 4424.
\c@Hy@tempcnt=\count284

(d:/texlive/2025/texmf-dist/tex/latex/url/url.sty
\Urlmuskip=\muskip17
Package: url 2013/09/16  ver 3.4  Verb mode for urls, etc.
)
LaTeX Info: Redefining \url on input line 4763.
\XeTeXLinkMargin=\dimen168

(d:/texlive/2025/texmf-dist/tex/generic/bitset/bitset.sty
Package: bitset 2019/12/09 v1.3 Handle bit-vector datatype (HO)

(d:/texlive/2025/texmf-dist/tex/generic/bigintcalc/bigintcalc.sty
Package: bigintcalc 2019/12/15 v1.5 Expandable calculations on big integers (HO
)
))
\Fld@menulength=\count285
\Field@Width=\dimen169
\Fld@charsize=\dimen170
Package hyperref Info: Hyper figures OFF on input line 6042.
Package hyperref Info: Link nesting OFF on input line 6047.
Package hyperref Info: Hyper index ON on input line 6050.
Package hyperref Info: backreferencing OFF on input line 6057.
Package hyperref Info: Link coloring OFF on input line 6062.
Package hyperref Info: Link coloring with OCG OFF on input line 6067.
Package hyperref Info: PDF/A mode OFF on input line 6072.

(d:/texlive/2025/texmf-dist/tex/latex/base/atbegshi-ltx.sty
Package: atbegshi-ltx 2021/01/10 v1.0c Emulation of the original atbegshi
package with kernel methods
)
\Hy@abspage=\count286
\c@Item=\count287
\c@Hfootnote=\count288
)
Package hyperref Info: Driver (autodetected): hpdftex.

(d:/texlive/2025/texmf-dist/tex/latex/hyperref/hpdftex.def
File: hpdftex.def 2024-11-05 v7.01l Hyperref driver for pdfTeX

(d:/texlive/2025/texmf-dist/tex/latex/base/atveryend-ltx.sty
Package: atveryend-ltx 2020/08/19 v1.0a Emulation of the original atveryend pac
kage
with kernel methods
)
\Fld@listcount=\count289
\c@bookmark@seq@number=\count290

(d:/texlive/2025/texmf-dist/tex/latex/rerunfilecheck/rerunfilecheck.sty
Package: rerunfilecheck 2022-07-10 v1.10 Rerun checks for auxiliary files (HO)

(d:/texlive/2025/texmf-dist/tex/generic/uniquecounter/uniquecounter.sty
Package: uniquecounter 2019/12/15 v1.4 Provide unlimited unique counter (HO)
)
Package uniquecounter Info: New unique counter `rerunfilecheck' on input line 2
85.
)
\Hy@SectionHShift=\skip52
)
(d:/texlive/2025/texmf-dist/tex/latex/multirow/multirow.sty
Package: multirow 2024/11/12 v2.9 Span multiple rows of a table
\multirow@colwidth=\skip53
\multirow@cntb=\count291
\multirow@dima=\skip54
\bigstrutjot=\dimen171
)
(d:/texlive/2025/texmf-dist/tex/latex/tools/array.sty
Package: array 2024/10/17 v2.6g Tabular extension package (FMi)
\col@sep=\dimen172
\ar@mcellbox=\box54
\extrarowheight=\dimen173
\NC@list=\toks20
\extratabsurround=\skip55
\backup@length=\skip56
\ar@cellbox=\box55
)
(d:/texlive/2025/texmf-dist/tex/latex/booktabs/booktabs.sty
Package: booktabs 2020/01/12 v1.61803398 Publication quality tables
\heavyrulewidth=\dimen174
\lightrulewidth=\dimen175
\cmidrulewidth=\dimen176
\belowrulesep=\dimen177
\belowbottomsep=\dimen178
\aboverulesep=\dimen179
\abovetopsep=\dimen180
\cmidrulesep=\dimen181
\cmidrulekern=\dimen182
\defaultaddspace=\dimen183
\@cmidla=\count292
\@cmidlb=\count293
\@aboverulesep=\dimen184
\@belowrulesep=\dimen185
\@thisruleclass=\count294
\@lastruleclass=\count295
\@thisrulewidth=\dimen186
)
(d:/texlive/2025/texmf-dist/tex/latex/amsmath/amsmath.sty
Package: amsmath 2024/11/05 v2.17t AMS math features
\@mathmargin=\skip57

For additional information on amsmath, use the `?' option.
(d:/texlive/2025/texmf-dist/tex/latex/amsmath/amstext.sty
Package: amstext 2021/08/26 v2.01 AMS text

(d:/texlive/2025/texmf-dist/tex/latex/amsmath/amsgen.sty
File: amsgen.sty 1999/11/30 v2.0 generic functions
\@emptytoks=\toks21
\ex@=\dimen187
))
(d:/texlive/2025/texmf-dist/tex/latex/amsmath/amsbsy.sty
Package: amsbsy 1999/11/29 v1.2d Bold Symbols
\pmbraise@=\dimen188
)
(d:/texlive/2025/texmf-dist/tex/latex/amsmath/amsopn.sty
Package: amsopn 2022/04/08 v2.04 operator names
)
\inf@bad=\count296
LaTeX Info: Redefining \frac on input line 233.
\uproot@=\count297
\leftroot@=\count298
LaTeX Info: Redefining \overline on input line 398.
LaTeX Info: Redefining \colon on input line 409.
\classnum@=\count299
\DOTSCASE@=\count300
LaTeX Info: Redefining \ldots on input line 495.
LaTeX Info: Redefining \dots on input line 498.
LaTeX Info: Redefining \cdots on input line 619.
\Mathstrutbox@=\box56
\strutbox@=\box57
LaTeX Info: Redefining \big on input line 721.
LaTeX Info: Redefining \Big on input line 722.
LaTeX Info: Redefining \bigg on input line 723.
LaTeX Info: Redefining \Bigg on input line 724.
\big@size=\dimen189
LaTeX Font Info:    Redeclaring font encoding OML on input line 742.
LaTeX Font Info:    Redeclaring font encoding OMS on input line 743.
\macc@depth=\count301
LaTeX Info: Redefining \bmod on input line 904.
LaTeX Info: Redefining \pmod on input line 909.
LaTeX Info: Redefining \smash on input line 939.
LaTeX Info: Redefining \relbar on input line 969.
LaTeX Info: Redefining \Relbar on input line 970.
\c@MaxMatrixCols=\count302
\dotsspace@=\muskip18
\c@parentequation=\count303
\dspbrk@lvl=\count304
\tag@help=\toks22
\row@=\count305
\column@=\count306
\maxfields@=\count307
\andhelp@=\toks23
\eqnshift@=\dimen190
\alignsep@=\dimen191
\tagshift@=\dimen192
\tagwidth@=\dimen193
\totwidth@=\dimen194
\lineht@=\dimen195
\@envbody=\toks24
\multlinegap=\skip58
\multlinetaggap=\skip59
\mathdisplay@stack=\toks25
LaTeX Info: Redefining \[ on input line 2953.
LaTeX Info: Redefining \] on input line 2954.
)
(d:/texlive/2025/texmf-dist/tex/generic/babel/babel.sty
Package: babel 2025/02/14 v25.4 The multilingual framework for pdfLaTeX, LuaLaT
eX and XeLaTeX
\babel@savecnt=\count308
\U@D=\dimen196
\l@unhyphenated=\language90

(d:/texlive/2025/texmf-dist/tex/generic/babel/txtbabel.def)
\bbl@readstream=\read2
\bbl@dirlevel=\count309

(d:/texlive/2025/texmf-dist/tex/generic/babel-english/english.ldf
Language: english 2017/06/06 v3.3r English support from the babel system
Package babel Info: Hyphen rules for 'canadian' set to \l@english
(babel)             (\language0). Reported on input line 102.
Package babel Info: Hyphen rules for 'australian' set to \l@ukenglish
(babel)             (\language22). Reported on input line 105.
Package babel Info: Hyphen rules for 'newzealand' set to \l@ukenglish
(babel)             (\language22). Reported on input line 108.
))
(d:/texlive/2025/texmf-dist/tex/generic/babel/locale/en/babel-english.tex
Package babel Info: Importing font and identification data for english
(babel)             from babel-en.ini. Reported on input line 11.
)
(d:/texlive/2025/texmf-dist/tex/latex/float/float.sty
Package: float 2001/11/08 v1.3d Float enhancements (AL)
\c@float@type=\count310
\float@exts=\toks26
\float@box=\box58
\@float@everytoks=\toks27
\@floatcapt=\box59
)
(d:/texlive/2025/texmf-dist/tex/latex/xcolor/xcolor.sty
Package: xcolor 2024/09/29 v3.02 LaTeX color extensions (UK)

(d:/texlive/2025/texmf-dist/tex/latex/graphics-cfg/color.cfg
File: color.cfg 2016/01/02 v1.6 sample color configuration
)
Package xcolor Info: Driver file: pdftex.def on input line 274.

(d:/texlive/2025/texmf-dist/tex/latex/graphics/mathcolor.ltx)
Package xcolor Info: Model `cmy' substituted by `cmy0' on input line 1349.
Package xcolor Info: Model `hsb' substituted by `rgb' on input line 1353.
Package xcolor Info: Model `RGB' extended on input line 1365.
Package xcolor Info: Model `HTML' substituted by `rgb' on input line 1367.
Package xcolor Info: Model `Hsb' substituted by `hsb' on input line 1368.
Package xcolor Info: Model `tHsb' substituted by `hsb' on input line 1369.
Package xcolor Info: Model `HSB' substituted by `hsb' on input line 1370.
Package xcolor Info: Model `Gray' substituted by `gray' on input line 1371.
Package xcolor Info: Model `wave' substituted by `hsb' on input line 1372.
)
(d:/texlive/2025/texmf-dist/tex/latex/amsfonts/amssymb.sty
Package: amssymb 2013/01/14 v3.01 AMS font symbols

(d:/texlive/2025/texmf-dist/tex/latex/amsfonts/amsfonts.sty
Package: amsfonts 2013/01/14 v3.01 Basic AMSFonts support
\symAMSa=\mathgroup4
\symAMSb=\mathgroup5
LaTeX Font Info:    Redeclaring math symbol \hbar on input line 98.
LaTeX Font Info:    Overwriting math alphabet `\mathfrak' in version `bold'
(Font)                  U/euf/m/n --> U/euf/b/n on input line 106.
))
(d:/texlive/2025/texmf-dist/tex/latex/gensymb/gensymb.sty
Package: gensymb 2022/10/17 v1.0.2 (KJH)
)
(d:/texlive/2025/texmf-dist/tex/latex/comment/comment.sty
\CommentStream=\write3

Excluding comment 'comment')
(d:/texlive/2025/texmf-dist/tex/latex/base/inputenc.sty
Package: inputenc 2024/02/08 v1.3d Input encoding file
\inpenc@prehook=\toks28
\inpenc@posthook=\toks29
)
(d:/texlive/2025/texmf-dist/tex/latex/caption/caption.sty
Package: caption 2023/08/05 v3.6o Customizing captions (AR)

(d:/texlive/2025/texmf-dist/tex/latex/caption/caption3.sty
Package: caption3 2023/07/31 v2.4d caption3 kernel (AR)
\caption@tempdima=\dimen197
\captionmargin=\dimen198
\caption@leftmargin=\dimen199
\caption@rightmargin=\dimen256
\caption@width=\dimen257
\caption@indent=\dimen258
\caption@parindent=\dimen259
\caption@hangindent=\dimen260
Package caption Info: Unknown document class (or package),
(caption)             standard defaults will be used.
Package caption Info: \@makecaption = \long macro:#1#2->\ifx \@captype \@IEEEta
blestring \footnotesize \bgroup \par \centering \@IEEEtabletopskipstrut {\norma
lfont \footnotesize #1}\\{\normalfont \footnotesize \scshape #2}\par \addvspace
 {0.5\baselineskip }\egroup \@IEEEtablecaptionsepspace \else \@IEEEfigurecaptio
nsepspace \setbox \@tempboxa \hbox {\normalfont \footnotesize {#1.}\nobreakspac
e \nobreakspace #2}\ifdim \wd \@tempboxa >\hsize \setbox \@tempboxa \hbox {\nor
malfont \footnotesize {#1.}\nobreakspace \nobreakspace }\parbox [t]{\hsize }{\n
ormalfont \footnotesize \noindent \unhbox \@tempboxa #2}\else \ifCLASSOPTIONcon
ference \hbox to\hsize {\normalfont \footnotesize \hfil \box \@tempboxa \hfil }
\else \hbox to\hsize {\normalfont \footnotesize \box \@tempboxa \hfil }\fi \fi 
\fi  on input line 1175.
)

Package caption Warning: Unknown document class (or package),
(caption)                standard defaults will be used.
See the caption package documentation for explanation.

\c@caption@flags=\count311
\c@continuedfloat=\count312
Package caption Info: float package is loaded.
Package caption Info: hyperref package is loaded.
) (d:/texlive/2025/texmf-dist/tex/latex/geometry/geometry.sty
Package: geometry 2020/01/02 v5.9 Page Geometry

(d:/texlive/2025/texmf-dist/tex/generic/iftex/ifvtex.sty
Package: ifvtex 2019/10/25 v1.7 ifvtex legacy package. Use iftex instead.
)
\Gm@cnth=\count313
\Gm@cntv=\count314
\c@Gm@tempcnt=\count315
\Gm@bindingoffset=\dimen261
\Gm@wd@mp=\dimen262
\Gm@odd@mp=\dimen263
\Gm@even@mp=\dimen264
\Gm@layoutwidth=\dimen265
\Gm@layoutheight=\dimen266
\Gm@layouthoffset=\dimen267
\Gm@layoutvoffset=\dimen268
\Gm@dimlist=\toks30
)
(d:/texlive/2025/texmf-dist/tex/latex/biblatex/biblatex.sty
Package: biblatex 2024/03/21 v3.20 programmable bibliographies (PK/MW)

(d:/texlive/2025/texmf-dist/tex/latex/logreq/logreq.sty
Package: logreq 2010/08/04 v1.0 xml request logger
\lrq@indent=\count316

(d:/texlive/2025/texmf-dist/tex/latex/logreq/logreq.def
File: logreq.def 2010/08/04 v1.0 logreq spec v1.0
))
(d:/texlive/2025/texmf-dist/tex/latex/base/ifthen.sty
Package: ifthen 2024/03/16 v1.1e Standard LaTeX ifthen package (DPC)
)
\c@tabx@nest=\count317
\c@listtotal=\count318
\c@listcount=\count319
\c@liststart=\count320
\c@liststop=\count321
\c@citecount=\count322
\c@citetotal=\count323
\c@multicitecount=\count324
\c@multicitetotal=\count325
\c@instcount=\count326
\c@maxnames=\count327
\c@minnames=\count328
\c@maxitems=\count329
\c@minitems=\count330
\c@citecounter=\count331
\c@maxcitecounter=\count332
\c@savedcitecounter=\count333
\c@uniquelist=\count334
\c@uniquename=\count335
\c@refsection=\count336
\c@refsegment=\count337
\c@maxextratitle=\count338
\c@maxextratitleyear=\count339
\c@maxextraname=\count340
\c@maxextradate=\count341
\c@maxextraalpha=\count342
\c@abbrvpenalty=\count343
\c@highnamepenalty=\count344
\c@lownamepenalty=\count345
\c@maxparens=\count346
\c@parenlevel=\count347
\blx@tempcnta=\count348
\blx@tempcntb=\count349
\blx@tempcntc=\count350
\c@blx@maxsection=\count351
\blx@maxsegment@0=\count352
\blx@notetype=\count353
\blx@parenlevel@text=\count354
\blx@parenlevel@foot=\count355
\blx@sectionciteorder@0=\count356
\blx@sectionciteorderinternal@0=\count357
\blx@entrysetcounter=\count358
\blx@biblioinstance=\count359
\labelnumberwidth=\skip60
\labelalphawidth=\skip61
\biblabelsep=\skip62
\bibitemsep=\skip63
\bibnamesep=\skip64
\bibinitsep=\skip65
\bibparsep=\skip66
\bibhang=\skip67
\blx@bcfin=\read3
\blx@bcfout=\write4
\blx@langwohyphens=\language91
\c@mincomprange=\count360
\c@maxcomprange=\count361
\c@mincompwidth=\count362
Package biblatex Info: Trying to load biblatex default data model...
Package biblatex Info: ... file 'blx-dm.def' found.

(d:/texlive/2025/texmf-dist/tex/latex/biblatex/blx-dm.def
File: blx-dm.def 2024/03/21 v3.20 biblatex datamodel (PK/MW)
)
Package biblatex Info: Trying to load biblatex custom data model...
Package biblatex Info: ... file 'biblatex-dm.cfg' not found.
\c@afterword=\count363
\c@savedafterword=\count364
\c@annotator=\count365
\c@savedannotator=\count366
\c@author=\count367
\c@savedauthor=\count368
\c@bookauthor=\count369
\c@savedbookauthor=\count370
\c@commentator=\count371
\c@savedcommentator=\count372
\c@editor=\count373
\c@savededitor=\count374
\c@editora=\count375
\c@savededitora=\count376
\c@editorb=\count377
\c@savededitorb=\count378
\c@editorc=\count379
\c@savededitorc=\count380
\c@foreword=\count381
\c@savedforeword=\count382
\c@holder=\count383
\c@savedholder=\count384
\c@introduction=\count385
\c@savedintroduction=\count386
\c@namea=\count387
\c@savednamea=\count388
\c@nameb=\count389
\c@savednameb=\count390
\c@namec=\count391
\c@savednamec=\count392
\c@translator=\count393
\c@savedtranslator=\count394
\c@shortauthor=\count395
\c@savedshortauthor=\count396
\c@shorteditor=\count397
\c@savedshorteditor=\count398
\c@labelname=\count399
\c@savedlabelname=\count400
\c@institution=\count401
\c@savedinstitution=\count402
\c@lista=\count403
\c@savedlista=\count404
\c@listb=\count405
\c@savedlistb=\count406
\c@listc=\count407
\c@savedlistc=\count408
\c@listd=\count409
\c@savedlistd=\count410
\c@liste=\count411
\c@savedliste=\count412
\c@listf=\count413
\c@savedlistf=\count414
\c@location=\count415
\c@savedlocation=\count416
\c@organization=\count417
\c@savedorganization=\count418
\c@origlocation=\count419
\c@savedoriglocation=\count420
\c@origpublisher=\count421
\c@savedorigpublisher=\count422
\c@publisher=\count423
\c@savedpublisher=\count424
\c@language=\count425
\c@savedlanguage=\count426
\c@origlanguage=\count427
\c@savedoriglanguage=\count428
\c@pageref=\count429
\c@savedpageref=\count430
\shorthandwidth=\skip68
\shortjournalwidth=\skip69
\shortserieswidth=\skip70
\shorttitlewidth=\skip71
\shortauthorwidth=\skip72
\shorteditorwidth=\skip73
\locallabelnumberwidth=\skip74
\locallabelalphawidth=\skip75
\localshorthandwidth=\skip76
\localshortjournalwidth=\skip77
\localshortserieswidth=\skip78
\localshorttitlewidth=\skip79
\localshortauthorwidth=\skip80
\localshorteditorwidth=\skip81
Package biblatex Info: Trying to load compatibility code...
Package biblatex Info: ... file 'blx-compat.def' found.

(d:/texlive/2025/texmf-dist/tex/latex/biblatex/blx-compat.def
File: blx-compat.def 2024/03/21 v3.20 biblatex compatibility (PK/MW)
)
Package biblatex Info: Trying to load generic definitions...
Package biblatex Info: ... file 'biblatex.def' found.

(d:/texlive/2025/texmf-dist/tex/latex/biblatex/biblatex.def
File: biblatex.def 2024/03/21 v3.20 biblatex compatibility (PK/MW)
\c@textcitecount=\count431
\c@textcitetotal=\count432
\c@textcitemaxnames=\count433
\c@biburlbigbreakpenalty=\count434
\c@biburlbreakpenalty=\count435
\c@biburlnumpenalty=\count436
\c@biburlucpenalty=\count437
\c@biburllcpenalty=\count438
\biburlbigskip=\muskip19
\biburlnumskip=\muskip20
\biburlucskip=\muskip21
\biburllcskip=\muskip22
\c@smartand=\count439
)
Package biblatex Info: Trying to load bibliography style 'numeric'...
Package biblatex Info: ... file 'numeric.bbx' found.

(d:/texlive/2025/texmf-dist/tex/latex/biblatex/bbx/numeric.bbx
File: numeric.bbx 2024/03/21 v3.20 biblatex bibliography style (PK/MW)
Package biblatex Info: Trying to load bibliography style 'standard'...
Package biblatex Info: ... file 'standard.bbx' found.

(d:/texlive/2025/texmf-dist/tex/latex/biblatex/bbx/standard.bbx
File: standard.bbx 2024/03/21 v3.20 biblatex bibliography style (PK/MW)
\c@bbx:relatedcount=\count440
\c@bbx:relatedtotal=\count441
))
Package biblatex Info: Trying to load citation style 'numeric'...
Package biblatex Info: ... file 'numeric.cbx' found.

(d:/texlive/2025/texmf-dist/tex/latex/biblatex/cbx/numeric.cbx
File: numeric.cbx 2024/03/21 v3.20 biblatex citation style (PK/MW)
Package biblatex Info: Redefining '\cite'.
Package biblatex Info: Redefining '\parencite'.
Package biblatex Info: Redefining '\footcite'.
Package biblatex Info: Redefining '\footcitetext'.
Package biblatex Info: Redefining '\smartcite'.
Package biblatex Info: Redefining '\supercite'.
Package biblatex Info: Redefining '\textcite'.
Package biblatex Info: Redefining '\textcites'.
Package biblatex Info: Redefining '\cites'.
Package biblatex Info: Redefining '\parencites'.
Package biblatex Info: Redefining '\smartcites'.
)
Package biblatex Info: Trying to load configuration file...
Package biblatex Info: ... file 'biblatex.cfg' found.

(d:/texlive/2025/texmf-dist/tex/latex/biblatex/biblatex.cfg
File: biblatex.cfg 
)
Package biblatex Info: Input encoding 'utf8' detected.
Package biblatex Info: Document encoding is UTF8 ....

(d:/texlive/2025/texmf-dist/tex/latex/l3kernel/expl3.sty
Package: expl3 2025-01-18 L3 programming layer (loader) 

(d:/texlive/2025/texmf-dist/tex/latex/l3backend/l3backend-pdftex.def
File: l3backend-pdftex.def 2024-05-08 L3 backend support: PDF output (pdfTeX)
\l__color_backend_stack_int=\count442
\l__pdf_internal_box=\box60
))
Package biblatex Info: ... and expl3
(biblatex)             2025-01-18 L3 programming layer (loader) 
(biblatex)             is new enough (at least 2020/04/06),
(biblatex)             setting 'casechanger=expl3'.

(d:/texlive/2025/texmf-dist/tex/latex/biblatex/blx-case-expl3.sty
(d:/texlive/2025/texmf-dist/tex/latex/l3packages/xparse/xparse.sty
Package: xparse 2024-08-16 L3 Experimental document command parser
)
Package: blx-case-expl3 2024/03/21 v3.20 expl3 case changing code for biblatex
))

Package biblatex Warning: 'babel/polyglossia' detected but 'csquotes' missing.
(biblatex)                Loading 'csquotes' recommended.

\@quotelevel=\count443
\@quotereset=\count444
(./main.aux)
\openout1 = `main.aux'.

LaTeX Font Info:    Checking defaults for OML/cmm/m/it on input line 41.
LaTeX Font Info:    ... okay on input line 41.
LaTeX Font Info:    Checking defaults for OMS/cmsy/m/n on input line 41.
LaTeX Font Info:    ... okay on input line 41.
LaTeX Font Info:    Checking defaults for OT1/cmr/m/n on input line 41.
LaTeX Font Info:    ... okay on input line 41.
LaTeX Font Info:    Checking defaults for T1/cmr/m/n on input line 41.
LaTeX Font Info:    ... okay on input line 41.
LaTeX Font Info:    Checking defaults for TS1/cmr/m/n on input line 41.
LaTeX Font Info:    ... okay on input line 41.
LaTeX Font Info:    Checking defaults for OMX/cmex/m/n on input line 41.
LaTeX Font Info:    ... okay on input line 41.
LaTeX Font Info:    Checking defaults for U/cmr/m/n on input line 41.
LaTeX Font Info:    ... okay on input line 41.
LaTeX Font Info:    Checking defaults for PD1/pdf/m/n on input line 41.
LaTeX Font Info:    ... okay on input line 41.
LaTeX Font Info:    Checking defaults for PU/pdf/m/n on input line 41.
LaTeX Font Info:    ... okay on input line 41.

-- Lines per column: 56 (approximate, difference = 9.15898pt).
(d:/texlive/2025/texmf-dist/tex/context/base/mkii/supp-pdf.mkii
[Loading MPS to PDF converter (version 2006.09.02).]
\scratchcounter=\count445
\scratchdimen=\dimen269
\scratchbox=\box61
\nofMPsegments=\count446
\nofMParguments=\count447
\everyMPshowfont=\toks31
\MPscratchCnt=\count448
\MPscratchDim=\dimen270
\MPnumerator=\count449
\makeMPintoPDFobject=\count450
\everyMPtoPDFconversion=\toks32
) (d:/texlive/2025/texmf-dist/tex/latex/epstopdf-pkg/epstopdf-base.sty
Package: epstopdf-base 2020-01-24 v2.11 Base part for package epstopdf
Package epstopdf-base Info: Redefining graphics rule for `.eps' on input line 4
85.

(d:/texlive/2025/texmf-dist/tex/latex/latexconfig/epstopdf-sys.cfg
File: epstopdf-sys.cfg 2010/07/13 v1.3 Configuration of (r)epstopdf for TeX Liv
e
))
Package hyperref Info: Link coloring OFF on input line 41.

(./main.out) (./main.out)
\@outlinefile=\write5
\openout5 = `main.out'.

LaTeX Info: Redefining \celsius on input line 41.
Package gensymb Info: Faking symbols for \degree and \celsius on input line 41.



Package gensymb Warning: Not defining \perthousand.

LaTeX Info: Redefining \ohm on input line 41.
Package gensymb Info: Using \Omega for \ohm on input line 41.

Package gensymb Warning: Not defining \micro.

Package caption Info: Begin \AtBeginDocument code.
Package caption Info: End \AtBeginDocument code.
*geometry* driver: auto-detecting
*geometry* detected driver: pdftex
*geometry* verbose mode - [ preamble ] result:
* driver: pdftex
* paper: <default>
* layout: <same size as paper>
* layoutoffset:(h,v)=(0.0pt,0.0pt)
* modes: 
* h-part:(L,W,R)=(56.9055pt, 500.484pt, 56.9055pt)
* v-part:(T,H,B)=(56.9055pt, 681.15898pt, 56.9055pt)
* \paperwidth=614.295pt
* \paperheight=794.96999pt
* \textwidth=500.484pt
* \textheight=681.15898pt
* \oddsidemargin=-15.36449pt
* \evensidemargin=-15.36449pt
* \topmargin=-48.70648pt
* \headheight=12.0pt
* \headsep=21.342pt
* \topskip=12.0pt
* \footskip=25.80774pt
* \marginparwidth=20.0pt
* \marginparsep=10.0pt
* \columnsep=12.0pt
* \skip\footins=10.79993pt plus 4.79993pt minus 2.39996pt
* \hoffset=0.0pt
* \voffset=0.0pt
* \mag=1000
* \@twocolumntrue
* \@twosidefalse
* \@mparswitchfalse
* \@reversemarginfalse
* (1in=72.27pt=25.4mm, 1cm=28.453pt)

Package biblatex Info: Trying to load language 'english'...
Package biblatex Info: ... file 'english.lbx' found.
(d:/texlive/2025/texmf-dist/tex/latex/biblatex/lbx/english.lbx
File: english.lbx 2024/03/21 v3.20 biblatex localization (PK/MW)
)
Package biblatex Info: Input encoding 'utf8' detected.
Package biblatex Info: Automatic encoding selection.
(biblatex)             Assuming data encoding 'utf8'.
\openout4 = `main.bcf'.

Package biblatex Info: Trying to load bibliographic data...


Package biblatex Warning: File 'main.bbl' is wrong format version - expected 3.
3.

Package biblatex Info: ... file 'main.bbl' found.
(./main.bbl)
Package biblatex Info: Reference section=0 on input line 41.
Package biblatex Info: Reference segment=0 on input line 41.

Overfull \hbox (26.61646pt too wide) in paragraph at lines 23--42
[]\OT1/ptm/m/n/10 author1hash=4459a7e783de4f93dc38a03555f4191ffamily=NHS,
 []


Underfull \hbox (badness 10000) in paragraph at lines 23--42
\OT1/ptm/m/n/10 fam-i-lyi=N.                  au-
 []


Overfull \hbox (24.28636pt too wide) in paragraph at lines 23--42
\OT1/ptm/m/n/10 thor6hash=5abc23a6afcc9795376920849d51d6a7family=Goyanes,
 []


Underfull \hbox (badness 10000) in paragraph at lines 23--42
\OT1/ptm/m/n/10 fam-i-lyi=G., given=Alvaro,
 []


Overfull \hbox (32.67613pt too wide) in paragraph at lines 23--42
\OT1/ptm/m/n/10 giveni=A.hash=f44d996eafe17fb29aa7c160296996b2family=Scarpa,
 []


Underfull \hbox (badness 10000) in paragraph at lines 23--42
\OT1/ptm/m/n/10 fam-i-lyi=S., given=Mariagiovanna,
 []


Overfull \hbox (46.33614pt too wide) in paragraph at lines 23--42
\OT1/ptm/m/n/10 giveni=M.hash=6ca1ac1800b56b28984319e4b375716efamily=Kamlow,
 []


Underfull \hbox (badness 10000) in paragraph at lines 23--42
\OT1/ptm/m/n/10 fam-i-lyi=K., given=Michael,
 []


Overfull \hbox (42.12595pt too wide) in paragraph at lines 23--42
\OT1/ptm/m/n/10 giveni=M.hash=663df44ca4fde7f63c1ba5083351618cfamily=Gaisford,
 []


Overfull \hbox (132.24464pt too wide) in paragraph at lines 23--42
\OT1/ptm/m/n/10 fam-i-lyi=G., given=Simon, giveni=S.hash=2a4c7b444cdb15259f26a8
fc57a3bbaafamily=Basit,
 []


Underfull \hbox (badness 10000) in paragraph at lines 23--42
\OT1/ptm/m/n/10 fam-i-lyi=B., given=Abdul W.,
 []


Overfull \hbox (43.24884pt too wide) in paragraph at lines 23--42
\OT1/ptm/m/n/10 giveni=A. W.hash=01eb74d5424425650b8d1e715a56e528family=Orlu,
 []


Overfull \hbox (17.7363pt too wide) in paragraph at lines 23--42
\OT1/ptm/m/n/10 thor1hash=a4e0dbb7e386453f2549408bf109f97dfamily=Barnatt,
 []


Overfull \hbox (31.12659pt too wide) in paragraph at lines 23--42
\OT1/ptm/m/n/10 thor1hash=914da260047c1b946ff9c5d64729ed16family=Chowdhry,
 []


Overfull \hbox (18.28633pt too wide) in paragraph at lines 23--42
\OT1/ptm/m/n/10 thor1hash=160b7a1865af96b7fd00d1e92717c0f4family=Ventola,
 []


Overfull \hbox (30.4962pt too wide) in paragraph at lines 23--42
\OT1/ptm/m/n/10 thor21hash=a73bad3709e9d22a07dc2d0e3a5d9ac5family=Sahlgren,
 []


Overfull \hbox (160.01454pt too wide) in paragraph at lines 23--42
\OT1/ptm/m/n/10 fam-i-lyi=S., given=Cecilia, giveni=C.hash=9e35546e451a12225c78
bdf35930745efamily=Meinander,
 []


Underfull \hbox (badness 10000) in paragraph at lines 23--42
\OT1/ptm/m/n/10 fam-i-lyi=M., given=Annika,
 []


Overfull \hbox (37.70665pt too wide) in paragraph at lines 23--42
\OT1/ptm/m/n/10 giveni=A.hash=9c50d8b8e5cb99212625db3491b1313dfamily=Zhang,
 []


Underfull \hbox (badness 10000) in paragraph at lines 23--42
\OT1/ptm/m/n/10 fam-i-lyi=Z., given=Hongbo,
 []


Overfull \hbox (33.23619pt too wide) in paragraph at lines 23--42
\OT1/ptm/m/n/10 giveni=H.hash=6a797edba4f85a75d84dc0b1ea8ab2c9family=Cheng,
 []


Overfull \hbox (125.74516pt too wide) in paragraph at lines 23--42
\OT1/ptm/m/n/10 fam-i-lyi=C., given=Fang, giveni=F.hash=2e843c62991f903f3439a1e
0a50b7927family=Preis,
 []


Overfull \hbox (125.57526pt too wide) in paragraph at lines 23--42
\OT1/ptm/m/n/10 fam-i-lyi=P., given=Maren, giveni=M.hash=1b9d7d9f1a263f5292f8d3
a90d78177efamily=Xu,
 []


Underfull \hbox (badness 10000) in paragraph at lines 23--42
\OT1/ptm/m/n/10 fam-i-lyi=X., given=Chunlin,
 []


Overfull \hbox (44.3659pt too wide) in paragraph at lines 23--42
\OT1/ptm/m/n/10 giveni=C.hash=da2985a8dca941c3bf2fba1373307609family=Salminen,
 []


Underfull \hbox (badness 10000) in paragraph at lines 23--42
\OT1/ptm/m/n/10 fam-i-lyi=S., given=Tiina A,
 []


Overfull \hbox (44.37845pt too wide) in paragraph at lines 23--42
\OT1/ptm/m/n/10 giveni=T. A.hash=d8319de3be3fbe2f04fe8dcb5cb9a7e3family=Toivola
,
 []


Overfull \hbox (151.94534pt too wide) in paragraph at lines 23--42
\OT1/ptm/m/n/10 fam-i-lyi=T., given=Diana, giveni=D.hash=63a58a038365c85b109048
7424b59f25family=Abankwa,
 []


Overfull \hbox (145.00465pt too wide) in paragraph at lines 23--42
\OT1/ptm/m/n/10 fam-i-lyi=A., given=Daniel, giveni=D.hash=1c3eec8269ab56846fd5b
ef9b1c83e14family=Rosling,
 []


Overfull \hbox (141.12517pt too wide) in paragraph at lines 23--42
\OT1/ptm/m/n/10 fam-i-lyi=R., given=Ari, giveni=A.hash=254bb2f51686bda857a60a09
4749869bfamily=Karaman,
 []


Underfull \hbox (badness 10000) in paragraph at lines 23--42
\OT1/ptm/m/n/10 fam-i-lyi=K., given=Didem []en,
 []


Overfull \hbox (34.43843pt too wide) in paragraph at lines 23--42
\OT1/ptm/m/n/10 giveni=D. [].hash=6d63f52b9871bacdef883f146e0b3ee5family=Salo-
 []


Underfull \hbox (badness 10000) in paragraph at lines 23--42
\OT1/ptm/m/n/10 Ahen, familyi=S.[]A., given=Outi M H,
 []


Overfull \hbox (52.66058pt too wide) in paragraph at lines 23--42
\OT1/ptm/m/n/10 giveni=O. M. H.hash=9de5dc09a3ff0677d72c8ae2403f07a7family=[]Os
ter-
 []


Underfull \hbox (badness 10000) in paragraph at lines 23--42
\OT1/ptm/m/n/10 backa, fam-i-lyi=[]O., given=Ronald,
 []


Overfull \hbox (39.35593pt too wide) in paragraph at lines 23--42
\OT1/ptm/m/n/10 giveni=R.hash=58b904e9c22cfebca26b1f35461f8c85family=Eriksson,
 []


Underfull \hbox (badness 10000) in paragraph at lines 23--42
\OT1/ptm/m/n/10 fam-i-lyi=E., given=John E,
 []


Overfull \hbox (44.86832pt too wide) in paragraph at lines 23--42
\OT1/ptm/m/n/10 giveni=J. E.hash=dc7cea3b94ed89262bf2364a45c32243family=Willf[]
or,
 []


Overfull \hbox (136.21498pt too wide) in paragraph at lines 23--42
\OT1/ptm/m/n/10 fam-i-lyi=W., given=Stefan, giveni=S.hash=8d2bddfe664d7e1a29ded
edb21b75d50family=Petre,
 []


Overfull \hbox (127.68495pt too wide) in paragraph at lines 23--42
\OT1/ptm/m/n/10 fam-i-lyi=P., given=Ion, giveni=I.hash=5e8f3d34fa7fb54b42ec2a48
79318e5afamily=Peltonen,
 []


Overfull \hbox (129.9252pt too wide) in paragraph at lines 23--42
\OT1/ptm/m/n/10 fam-i-lyi=P., given=Jouko, giveni=J.hash=611654e39f020c3452234e
691de1fcb6family=Leino,
 []


Overfull \hbox (139.67523pt too wide) in paragraph at lines 23--42
\OT1/ptm/m/n/10 fam-i-lyi=L., given=Reko, giveni=R.hash=36abc6d98046449ff16c432
759b3fcd6family=Johnson,
 []


Overfull \hbox (156.69487pt too wide) in paragraph at lines 23--42
\OT1/ptm/m/n/10 fam-i-lyi=J., given=Mark, giveni=M.hash=9bc5c124bbb4bfd13275830
41c426e08family=Rosenholm,
 []


Overfull \hbox (140.54424pt too wide) in paragraph at lines 23--42
\OT1/ptm/m/n/10 fam-i-lyi=R., given=Jessica, giveni=J.hash=af0a755c6dd1ae2973ec
be0e3fbc5d33family=Sandler,
 []


Overfull \hbox (5.4962pt too wide) in paragraph at lines 23--42
\OT1/ptm/m/n/10 tor4hash=f8fc05a100b6a3a0afef875df72108c5family=Shinde,
 []


Overfull \hbox (143.31715pt too wide) in paragraph at lines 23--42
\OT1/ptm/m/n/10 fam-i-lyi=S., given=S. V., giveni=S. V.hash=81aebca38295fc2fa76
f123c6935df3dfamily=Mahalle,
 []


Underfull \hbox (badness 10000) in paragraph at lines 23--42
\OT1/ptm/m/n/10 fam-i-lyi=M., given=P. N.,
 []


Overfull \hbox (44.05853pt too wide) in paragraph at lines 23--42
\OT1/ptm/m/n/10 giveni=P. N.hash=9a52d33378351ebfa69a4f1734955f8cfamily=Bendre,

 []


Overfull \hbox (124.145pt too wide) in paragraph at lines 23--42
\OT1/ptm/m/n/10 fam-i-lyi=B., given=V., giveni=V.hash=550b19567b126ff80974afda8
2bf1d2cfamily=Castillo,
 []


Overfull \hbox (16.87595pt too wide) in paragraph at lines 23--42
\OT1/ptm/m/n/10 thor1hash=795a1a58dcf84e192a3cfe3e842590defamily=Jim[]enez
 []


Underfull \hbox (badness 10000) in paragraph at lines 23--42
\OT1/ptm/m/n/10 Oliver, fam-i-lyi=J. O., given=Karla,
 []


Underfull \hbox (badness 4144) in paragraph at lines 23--42
\OT1/ptm/m/n/10 giveni=K.                      au-
 []


Overfull \hbox (10.24646pt too wide) in paragraph at lines 23--42
\OT1/ptm/m/n/10 thor8hash=4ef507906c1ec3f28ff0d718ed7a1b97family=Zheng,
 []


Underfull \hbox (badness 10000) in paragraph at lines 23--42
\OT1/ptm/m/n/10 fam-i-lyi=Z., given=XuanQi,
 []


Overfull \hbox (32.67625pt too wide) in paragraph at lines 23--42
\OT1/ptm/m/n/10 giveni=X.hash=f0c1f6e878dc5e25cd165966c04ed3e3family=Huang,
 []


Underfull \hbox (badness 10000) in paragraph at lines 23--42
\OT1/ptm/m/n/10 fam-i-lyi=H., given=JinFeng,
 []


Overfull \hbox (15.91609pt too wide) in paragraph at lines 23--42
\OT1/ptm/m/n/10 giveni=J.hash=a4323f9cc82e8a64e3ed2fa04c436054family=Lin,
 []


Underfull \hbox (badness 10000) in paragraph at lines 23--42
\OT1/ptm/m/n/10 fam-i-lyi=L., given=JiaLiang,
 []


Overfull \hbox (18.7961pt too wide) in paragraph at lines 23--42
\OT1/ptm/m/n/10 giveni=J.hash=b31f6d31ae75a4dc94cf9fbf244fa59efamily=Yang,
 []


Overfull \hbox (125.9455pt too wide) in paragraph at lines 23--42
\OT1/ptm/m/n/10 fam-i-lyi=Y., given=DeJun, giveni=D.hash=0688ebbc01b22bf6975be6
98e108f854family=Xu,
 []


Underfull \hbox (badness 10000) in paragraph at lines 23--42
\OT1/ptm/m/n/10 fam-i-lyi=X., given=TianZhen,
 []


Overfull \hbox (22.24619pt too wide) in paragraph at lines 23--42
\OT1/ptm/m/n/10 giveni=T.hash=f8ff1228cc4422c31e97a0f5e9dc2940family=Chen,
 []


Overfull \hbox (121.17537pt too wide) in paragraph at lines 23--42
\OT1/ptm/m/n/10 fam-i-lyi=C., given=Dong, giveni=D.hash=f30b428c57909d03dfff79a
1a7f7bc98family=Zan,
 []


Underfull \hbox (badness 10000) in paragraph at lines 23--42
\OT1/ptm/m/n/10 fam-i-lyi=Z., given=Xingjie,
 []


Overfull \hbox (21.06625pt too wide) in paragraph at lines 23--42
\OT1/ptm/m/n/10 giveni=X.hash=f543c4b25929ee5eebe092a5c854a5ddfamily=Wu,
 []


Overfull \hbox (20.99606pt too wide) in paragraph at lines 23--42
\OT1/ptm/m/n/10 thor8hash=3cd9aaa65c12a53c88e8b135aff38f88family=Trenfield,
 []


Underfull \hbox (badness 10000) in paragraph at lines 23--42
\OT1/ptm/m/n/10 fam-i-lyi=T., given=Sarah J,
 []


Overfull \hbox (35.80852pt too wide) in paragraph at lines 23--42
\OT1/ptm/m/n/10 giveni=S. J.hash=80816dc53cc849d952fadcc08fe47c34family=Awad,
 []


Overfull \hbox (143.32487pt too wide) in paragraph at lines 23--42
\OT1/ptm/m/n/10 fam-i-lyi=A., given=Atheer, giveni=A.hash=703abba1e4e950cec680b
14d9d9a5233family=Madla,
 []


Underfull \hbox (badness 10000) in paragraph at lines 23--42
\OT1/ptm/m/n/10 fam-i-lyi=M., given=Christine M,
 []


Overfull \hbox (47.49835pt too wide) in paragraph at lines 23--42
\OT1/ptm/m/n/10 giveni=C. M.hash=ac7f9b3d261eb8631f2a441e03a135b6family=Hatton,

 []


Underfull \hbox (badness 10000) in paragraph at lines 23--42
\OT1/ptm/m/n/10 fam-i-lyi=H., given=Grace B,
 []


Overfull \hbox (41.3985pt too wide) in paragraph at lines 23--42
\OT1/ptm/m/n/10 giveni=G. B.hash=98767c9c3b69719493489a9ec69c5629family=Firth,
 []


Overfull \hbox (136.325pt too wide) in paragraph at lines 23--42
\OT1/ptm/m/n/10 fam-i-lyi=F., given=Jack, giveni=J.hash=5abc23a6afcc97953769208
49d51d6a7family=Goyanes,
 []


Underfull \hbox (badness 10000) in paragraph at lines 23--42
\OT1/ptm/m/n/10 fam-i-lyi=G., given=Alvaro,
 []


Overfull \hbox (40.45602pt too wide) in paragraph at lines 23--42
\OT1/ptm/m/n/10 giveni=A.hash=663df44ca4fde7f63c1ba5083351618cfamily=Gaisford,
 []


Overfull \hbox (126.13518pt too wide) in paragraph at lines 23--42
\OT1/ptm/m/n/10 fam-i-lyi=G., given=Simon, giveni=S.hash=bd3f8b53d5392adcd5f826
3a28edf8c0family=and,
 []


Underfull \hbox (badness 10000) in paragraph at lines 23--42
\OT1/ptm/m/n/10 fam-i-lyi=a., given=Abdul W Ba-sit,
 []


Overfull \hbox (20.99606pt too wide) in paragraph at lines 23--42
\OT1/ptm/m/n/10 thor5hash=3cd9aaa65c12a53c88e8b135aff38f88family=Trenfield,
 []


Underfull \hbox (badness 10000) in paragraph at lines 23--42
\OT1/ptm/m/n/10 fam-i-lyi=T., given=Sarah J,
 []


Overfull \hbox (35.80852pt too wide) in paragraph at lines 23--42
\OT1/ptm/m/n/10 giveni=S. J.hash=80816dc53cc849d952fadcc08fe47c34family=Awad,
 []


Overfull \hbox (151.55498pt too wide) in paragraph at lines 23--42
\OT1/ptm/m/n/10 fam-i-lyi=A., given=Atheer, giveni=A.hash=5abc23a6afcc979537692
0849d51d6a7family=Goyanes,
 []


Overfull \hbox (149.18486pt too wide) in paragraph at lines 23--42
\OT1/ptm/m/n/10 fam-i-lyi=G., given=Alvaro, giveni=A.hash=663df44ca4fde7f63c1ba
5083351618cfamily=Gaisford,
 []


Overfull \hbox (132.24464pt too wide) in paragraph at lines 23--42
\OT1/ptm/m/n/10 fam-i-lyi=G., given=Simon, giveni=S.hash=2a4c7b444cdb15259f26a8
fc57a3bbaafamily=Basit,
 []


Overfull \hbox (43.12607pt too wide) in paragraph at lines 23--42
\OT1/ptm/m/n/10 thor1hash=c4aad4ae862560a707a89150d0c67a02family=Technologies,
 []


Overfull \hbox (31.6159pt too wide) in paragraph at lines 23--42
\OT1/ptm/m/n/10 thor6hash=a3567364ab52973659adf74ee0c6e6f3family=Mildenhall,
 []


Overfull \hbox (147.86491pt too wide) in paragraph at lines 23--42
\OT1/ptm/m/n/10 fam-i-lyi=M., given=Ben, giveni=B.hash=b503d22b8c86fb9dfd477d2f
70a59650family=Srinivasan,
 []


Underfull \hbox (badness 10000) in paragraph at lines 23--42
\OT1/ptm/m/n/10 fam-i-lyi=S., given=Pratul P.,
 []


Overfull \hbox (42.24844pt too wide) in paragraph at lines 23--42
\OT1/ptm/m/n/10 giveni=P. P.hash=9a18985a5c8b8be23d0ec9de0a3c87b9family=Tancik,

 []


Overfull \hbox (153.46487pt too wide) in paragraph at lines 23--42
\OT1/ptm/m/n/10 fam-i-lyi=T., given=Matthew, giveni=M.hash=562f3254a241932db4a6
d44a97473ec5family=Barron,
 []


Overfull \hbox (194.23656pt too wide) in paragraph at lines 23--42
\OT1/ptm/m/n/10 fam-i-lyi=B., given=Jonathan T., giveni=J. T.hash=e7e274981ceb0
dd123d44af35cc7bedffamily=Ramamoorthi,
 []


Overfull \hbox (119.82526pt too wide) in paragraph at lines 23--42
\OT1/ptm/m/n/10 fam-i-lyi=R., given=Ravi, giveni=R.hash=96e30bdc2cf905aa1109c46
617b16252family=Ng,
 []


Overfull \hbox (9.39648pt too wide) in paragraph at lines 23--42
\OT1/ptm/m/n/10 thor5hash=5bc9a6fec3933078a185ee4453786020family=Shen,
 []


Overfull \hbox (145.58524pt too wide) in paragraph at lines 23--42
\OT1/ptm/m/n/10 fam-i-lyi=S., given=Tianchang, giveni=T.hash=9a3433149c20baec10
f299b1558363b5family=Gao,
 []


Overfull \hbox (112.2453pt too wide) in paragraph at lines 23--42
\OT1/ptm/m/n/10 fam-i-lyi=G., given=Jun, giveni=J.hash=1adf49945f851251a1149f87
07acd2a3family=Yin,
 []


Overfull \hbox (133.14519pt too wide) in paragraph at lines 23--42
\OT1/ptm/m/n/10 fam-i-lyi=Y., given=Kangxue, giveni=K.hash=0c3c4604957af5f2ce5f
1537fdbaa510family=Liu,
 []


Overfull \hbox (162.88477pt too wide) in paragraph at lines 23--42
\OT1/ptm/m/n/10 fam-i-lyi=L., given=Ming-Yu, giveni=M.[]Y.hash=132467c4a712be47
25c988c89c68a30efamily=Fidler,
 []


Overfull \hbox (198.1177pt too wide) in paragraph at lines 23--42
\OT1/ptm/m/n/10 fam-i-lyi=F., given=Sanja, giveni=S.              au-thor5hash=
fc19c0dc057e2a02419916b39da6895bfamily=Nichol,
 []


Overfull \hbox (120.16534pt too wide) in paragraph at lines 23--42
\OT1/ptm/m/n/10 fam-i-lyi=N., given=Alex, giveni=A.hash=3dd736ee38ff1cbcc6f0d05
487b9950bfamily=Jun,
 []


Overfull \hbox (150.64479pt too wide) in paragraph at lines 23--42
\OT1/ptm/m/n/10 fam-i-lyi=J., given=Heewoo, giveni=H.hash=4164e43d8cf919f5e3f8d
80f5ea23f36family=Dhariwal,
 []


Overfull \hbox (155.59485pt too wide) in paragraph at lines 23--42
\OT1/ptm/m/n/10 fam-i-lyi=D., given=Prafulla, giveni=P.hash=2321e04943bcadb0275
819652b980521family=Mishkin,
 []


Overfull \hbox (134.29471pt too wide) in paragraph at lines 23--42
\OT1/ptm/m/n/10 fam-i-lyi=M., given=Pamela, giveni=P.hash=fb15a691583ec94aafe0b
e6e7da4878ffamily=Chen,
 []


Overfull \hbox (217.94482pt too wide) in paragraph at lines 23--42
\OT1/ptm/m/n/10 fam-i-lyi=C., given=Mark, giveni=M.                 au-thor8has
h=7f28e84700536646dd6620a0db07ad09family=Vaswani,
 []


Overfull \hbox (144.15482pt too wide) in paragraph at lines 23--42
\OT1/ptm/m/n/10 fam-i-lyi=V., given=Ashish, giveni=A.hash=62efade83d70f0323fe24
8755e6c90c5family=Shazeer,
 []


Overfull \hbox (142.075pt too wide) in paragraph at lines 23--42
\OT1/ptm/m/n/10 fam-i-lyi=S., given=Noam, giveni=N.hash=06649ebab1ea5cac0250746
a19764975family=Parmar,
 []


Overfull \hbox (141.57469pt too wide) in paragraph at lines 23--42
\OT1/ptm/m/n/10 fam-i-lyi=P., given=Niki, giveni=N.hash=831027ee0ebf22375e2a86a
fc1881909family=Uszkoreit,
 []


Overfull \hbox (127.1148pt too wide) in paragraph at lines 23--42
\OT1/ptm/m/n/10 fam-i-lyi=U., given=Jakob, giveni=J.hash=2fd2982e30ebcec93ec1cf
76e0d797fdfamily=Jones,
 []


Overfull \hbox (133.33487pt too wide) in paragraph at lines 23--42
\OT1/ptm/m/n/10 fam-i-lyi=J., given=Llion, giveni=L.hash=27b07e4eacbf4ef7a1438e
3badb7dd8dfamily=Gomez,
 []


Overfull \hbox (163.49738pt too wide) in paragraph at lines 23--42
\OT1/ptm/m/n/10 fam-i-lyi=G., given=Aidan N., giveni=A. N.hash=f2bc899b11601634
17da7bf510f15d33family=Kaiser,
 []


Overfull \hbox (161.68498pt too wide) in paragraph at lines 23--42
\OT1/ptm/m/n/10 fam-i-lyi=K., given=Lukasz, giveni=L.hash=95595a0fefb86187cbc36
e551017d332family=Polosukhin,
 []


Overfull \hbox (199.86594pt too wide) in paragraph at lines 23--42
\OT1/ptm/m/n/10 fam-i-lyi=P., given=Illia, giveni=I.                          a
u-thor3hash=2ac2ca10b22e4d13af1767e87495412ffamily=Ho,
 []


Overfull \hbox (136.42485pt too wide) in paragraph at lines 23--42
\OT1/ptm/m/n/10 fam-i-lyi=H., given=Jonathan, giveni=J.hash=31ac0835ffc3ba6d612
252522a6a2011family=Jain,
 []


Overfull \hbox (135.56511pt too wide) in paragraph at lines 23--42
\OT1/ptm/m/n/10 fam-i-lyi=J., given=Ajay, giveni=A.hash=e28d4ee199593959d8c2998
0a64f1974family=Abbeel,
 []


Overfull \hbox (198.50233pt too wide) in paragraph at lines 23--42
\OT1/ptm/m/n/10 fam-i-lyi=A., given=Pieter, giveni=P.                au-thor3ha
sh=705a5ed355c190be3a39e0a5134d2ae5family=Oord,
 []


Underfull \hbox (badness 10000) in paragraph at lines 23--42
\OT1/ptm/m/n/10 fam-i-lyi=O., given=Aaron, giveni=A., pre-fix=van den,
 []


Overfull \hbox (43.71857pt too wide) in paragraph at lines 23--42
\OT1/ptm/m/n/10 pre-fixi=v. d.hash=494b568c5dc85ba8f3f409635f9c5f25family=Vinya
ls,
 []


Overfull \hbox (164.63527pt too wide) in paragraph at lines 23--42
\OT1/ptm/m/n/10 fam-i-lyi=V., given=Oriol, giveni=O.hash=481308b301166b521c74fd
e6566e97e6family=Kavukcuoglu,
 []


Overfull \hbox (217.0225pt too wide) in paragraph at lines 23--42
\OT1/ptm/m/n/10 fam-i-lyi=K., given=Koray, giveni=K.                au-thor12ha
sh=a812c46caad94fc8701be37871f303bafamily=Radford,
 []


Overfull \hbox (123.345pt too wide) in paragraph at lines 23--42
\OT1/ptm/m/n/10 fam-i-lyi=R., given=Alec, giveni=A.hash=37a96525bc70870f8509160
f7eccf4b7family=Kim,
 []


Overfull \hbox (179.1376pt too wide) in paragraph at lines 23--42
\OT1/ptm/m/n/10 fam-i-lyi=K., given=Jong Wook, giveni=J. W.hash=4d5d078d439e163
a02d9d1ba0002bb12family=Hallacy,
 []


Overfull \hbox (140.32475pt too wide) in paragraph at lines 23--42
\OT1/ptm/m/n/10 fam-i-lyi=H., given=Chris, giveni=C.hash=82063a12702e7b2c026ae0
ff03b8f102family=Ramesh,
 []


Overfull \hbox (131.1049pt too wide) in paragraph at lines 23--42
\OT1/ptm/m/n/10 fam-i-lyi=R., given=Aditya, giveni=A.hash=e5e3e996c0a95da7e97ca
e269822bbeffamily=Goh,
 []


Overfull \hbox (154.84497pt too wide) in paragraph at lines 23--42
\OT1/ptm/m/n/10 fam-i-lyi=G., given=Gabriel, giveni=G.hash=abe4801e322e893b2378
5fd6d0800b5cfamily=Agarwal,
 []


Overfull \hbox (144.90456pt too wide) in paragraph at lines 23--42
\OT1/ptm/m/n/10 fam-i-lyi=A., given=Sandhini, giveni=S.hash=3c1d9a663596faaf544
c1a65aac581befamily=Sastry,
 []


Overfull \hbox (131.88464pt too wide) in paragraph at lines 23--42
\OT1/ptm/m/n/10 fam-i-lyi=S., given=Girish, giveni=G.hash=1e84eff933be9f4887bf3
69cf181bf12family=Askell,
 []


Overfull \hbox (160.58511pt too wide) in paragraph at lines 23--42
\OT1/ptm/m/n/10 fam-i-lyi=A., given=Amanda, giveni=A.hash=2321e04943bcadb027581
9652b980521family=Mishkin,
 []


Overfull \hbox (142.65492pt too wide) in paragraph at lines 23--42
\OT1/ptm/m/n/10 fam-i-lyi=M., given=Pamela, giveni=P.hash=1480c861b1a73e1d1de1b
227e985b179family=Clark,
 []


Overfull \hbox (133.16487pt too wide) in paragraph at lines 23--42
\OT1/ptm/m/n/10 fam-i-lyi=C., given=Jack, giveni=J.hash=c3a5cc5e520e0d1a9f8bbf3
77c74cd27family=Krueger,
 []


Overfull \hbox (167.84512pt too wide) in paragraph at lines 23--42
\OT1/ptm/m/n/10 fam-i-lyi=K., given=Gretchen, giveni=G.hash=8d569d1d5b8b5a78360
17a98b430f959family=Sutskever,
 []


Overfull \hbox (194.62245pt too wide) in paragraph at lines 23--42
\OT1/ptm/m/n/10 fam-i-lyi=S., given=Ilya, giveni=I.                au-thor8hash
=fc19c0dc057e2a02419916b39da6895bfamily=Nichol,
 []


Overfull \hbox (140.29494pt too wide) in paragraph at lines 23--42
\OT1/ptm/m/n/10 fam-i-lyi=N., given=Alex, giveni=A.hash=4164e43d8cf919f5e3f8d80
f5ea23f36family=Dhariwal,
 []


Overfull \hbox (148.09462pt too wide) in paragraph at lines 23--42
\OT1/ptm/m/n/10 fam-i-lyi=D., given=Prafulla, giveni=P.hash=82063a12702e7b2c026
ae0ff03b8f102family=Ramesh,
 []


Overfull \hbox (143.29494pt too wide) in paragraph at lines 23--42
\OT1/ptm/m/n/10 fam-i-lyi=R., given=Aditya, giveni=A.hash=ab5d7d7b9cfeaad635c4a
60e8950d7ddfamily=Shyam,
 []


Overfull \hbox (149.84512pt too wide) in paragraph at lines 23--42
\OT1/ptm/m/n/10 fam-i-lyi=S., given=Pranav, giveni=P.hash=2321e04943bcadb027581
9652b980521family=Mishkin,
 []


Overfull \hbox (151.80447pt too wide) in paragraph at lines 23--42
\OT1/ptm/m/n/10 fam-i-lyi=M., given=Pamela, giveni=P.hash=6da1a977c02cecc78ec16
c61217dcc42family=McGrew,
 []


Overfull \hbox (148.98528pt too wide) in paragraph at lines 23--42
\OT1/ptm/m/n/10 fam-i-lyi=M., given=Bob, giveni=B.hash=8d569d1d5b8b5a7836017a98
b430f959family=Sutskever,
 []


Overfull \hbox (116.10492pt too wide) in paragraph at lines 23--42
\OT1/ptm/m/n/10 fam-i-lyi=S., given=Ilya, giveni=I.hash=fb15a691583ec94aafe0be6
e7da4878ffamily=Chen,
 []


Overfull \hbox (230.84471pt too wide) in paragraph at lines 23--42
\OT1/ptm/m/n/10 fam-i-lyi=C., given=Mark, giveni=M.                 au-thor1has
h=3637fc94258549b9822f36e1d3349483family=Community,
 []


Underfull \hbox (badness 10000) in paragraph at lines 23--42
\OT1/ptm/m/n/10 fam-i-lyi=C., given=Blender On-line, giveni=B. O.
 []


Overfull \hbox (10.25647pt too wide) in paragraph at lines 23--42
\OT1/ptm/m/n/10 au-thor2hash=3dd736ee38ff1cbcc6f0d05487b9950bfamily=Jun,
 []


Overfull \hbox (146.87503pt too wide) in paragraph at lines 23--42
\OT1/ptm/m/n/10 fam-i-lyi=J., given=Heewoo, giveni=H.hash=fc19c0dc057e2a0241991
6b39da6895bfamily=Nichol,
 []


Overfull \hbox (205.02287pt too wide) in paragraph at lines 23--42
\OT1/ptm/m/n/10 fam-i-lyi=N., given=Alex, giveni=A.                au-thor10has
h=a290e47443e8a29c4c2ad731495b789dfamily=Hong,
 []


Overfull \hbox (140.28543pt too wide) in paragraph at lines 23--42
\OT1/ptm/m/n/10 fam-i-lyi=H., given=Yicong, giveni=Y.hash=accfaf086a407bfb746d7
875478d9130family=Zhang,
 []


Overfull \hbox (115.56537pt too wide) in paragraph at lines 23--42
\OT1/ptm/m/n/10 fam-i-lyi=Z., given=Kai, giveni=K.hash=75773f34c6c6b4a5992acbd1
a91d6287family=Gu,
 []


Overfull \hbox (126.69498pt too wide) in paragraph at lines 23--42
\OT1/ptm/m/n/10 fam-i-lyi=G., given=Jiuxiang, giveni=J.hash=f36362dbcfedbd85713
8488bfcb10fb2family=Bi,
 []


Overfull \hbox (121.1352pt too wide) in paragraph at lines 23--42
\OT1/ptm/m/n/10 fam-i-lyi=B., given=Sai, giveni=S.hash=2ba74e19a950c5a40b85cc13
6538f42bfamily=Zhou,
 []


Overfull \hbox (119.3854pt too wide) in paragraph at lines 23--42
\OT1/ptm/m/n/10 fam-i-lyi=Z., given=Yang, giveni=Y.hash=29675366837ddf19fc08a30
f34eea555family=Liu,
 []


Overfull \hbox (120.44498pt too wide) in paragraph at lines 23--42
\OT1/ptm/m/n/10 fam-i-lyi=L., given=Difan, giveni=D.hash=8cfebbe54197d0a6e7c196
b6fe8cf3a3family=Liu,
 []


Overfull \hbox (149.90529pt too wide) in paragraph at lines 23--42
\OT1/ptm/m/n/10 fam-i-lyi=L., given=Feng, giveni=F.hash=f7290b005248bb351971921
65ddb02fcfamily=Sunkavalli,
 []


Overfull \hbox (131.69524pt too wide) in paragraph at lines 23--42
\OT1/ptm/m/n/10 fam-i-lyi=S., given=Kalyan, giveni=K.hash=7b1f6727abf0670a255c8
74503496995family=Bui,
 []


Overfull \hbox (123.10526pt too wide) in paragraph at lines 23--42
\OT1/ptm/m/n/10 fam-i-lyi=B., given=Trung, giveni=T.hash=a9b1e03c8b331f80f52e20
aa6cd4cd8afamily=Tan,
 []


Overfull \hbox (252.40852pt too wide) in paragraph at lines 23--42
\OT1/ptm/m/n/10 fam-i-lyi=T., given=Hao, giveni=H.                           au
-thor12hash=72308762399d6ab62bbd9391c64c7bfdfamily=Dosovitskiy,
 []


Overfull \hbox (141.51543pt too wide) in paragraph at lines 23--42
\OT1/ptm/m/n/10 fam-i-lyi=D., given=Alexey, giveni=A.hash=836254958eac09b30d45d
d67a75ce4fafamily=Beyer,
 []


Overfull \hbox (158.86513pt too wide) in paragraph at lines 23--42
\OT1/ptm/m/n/10 fam-i-lyi=B., given=Lucas, giveni=L.hash=6807e3c00242c6bf6a3179
905040471bfamily=Kolesnikov,
 []


Overfull \hbox (179.58475pt too wide) in paragraph at lines 23--42
\OT1/ptm/m/n/10 fam-i-lyi=K., given=Alexander, giveni=A.hash=b398fca6879fde89a0
32b8e7de2f26b5family=Weissenborn,
 []


Overfull \hbox (128.53531pt too wide) in paragraph at lines 23--42
\OT1/ptm/m/n/10 fam-i-lyi=W., given=Dirk, giveni=D.hash=00b950307c7d096765bb6df
00c7c5c3afamily=Zhai,
 []


Overfull \hbox (167.7748pt too wide) in paragraph at lines 23--42
\OT1/ptm/m/n/10 fam-i-lyi=Z., given=Xiaohua, giveni=X.hash=1a47640139e63b9b5969
c969dfe95deffamily=Unterthiner,
 []


Overfull \hbox (154.71498pt too wide) in paragraph at lines 23--42
\OT1/ptm/m/n/10 fam-i-lyi=U., given=Thomas, giveni=T.hash=965baf6fa5686a42b1564
330c5e11f2ffamily=Dehghani,
 []


Overfull \hbox (159.3345pt too wide) in paragraph at lines 23--42
\OT1/ptm/m/n/10 fam-i-lyi=D., given=Mostafa, giveni=M.hash=06829adce8713f0ace44
4279dcd7328ffamily=Minderer,
 []


Overfull \hbox (160.00427pt too wide) in paragraph at lines 23--42
\OT1/ptm/m/n/10 fam-i-lyi=M., given=Matthias, giveni=M.hash=c95269b4a2e23e1e526
be521c7ec6ad4family=Heigold,
 []


Overfull \hbox (133.70512pt too wide) in paragraph at lines 23--42
\OT1/ptm/m/n/10 fam-i-lyi=H., given=Georg, giveni=G.hash=450963f966620925cb8fec
d32f7a6ee1family=Gelly,
 []


Overfull \hbox (155.2146pt too wide) in paragraph at lines 23--42
\OT1/ptm/m/n/10 fam-i-lyi=G., given=Sylvain, giveni=S.hash=831027ee0ebf22375e2a
86afc1881909family=Uszkoreit,
 []


Overfull \hbox (143.8051pt too wide) in paragraph at lines 23--42
\OT1/ptm/m/n/10 fam-i-lyi=U., given=Jakob, giveni=J.hash=493a532418540859dca92c
f3b579de2afamily=Houlsby,
 []


Overfull \hbox (226.06859pt too wide) in paragraph at lines 23--42
\OT1/ptm/m/n/10 fam-i-lyi=H., given=Neil, giveni=N.                           a
u-thor7hash=3edb601111e59d5826c21f2b90550b2dfamily=Caron,
 []


Overfull \hbox (152.52455pt too wide) in paragraph at lines 23--42
\OT1/ptm/m/n/10 fam-i-lyi=C., given=Mathilde, giveni=M.hash=a2a13fcd633ec70c55a
7f3f4812afdcffamily=Touvron,
 []


Overfull \hbox (130.92497pt too wide) in paragraph at lines 23--42
\OT1/ptm/m/n/10 fam-i-lyi=T., given=Hugo, giveni=H.hash=4ada721a93e1592ecdc3df0
fc9876469family=Misra,
 []


Overfull \hbox (132.78511pt too wide) in paragraph at lines 23--42
\OT1/ptm/m/n/10 fam-i-lyi=M., given=Ishan, giveni=I.hash=a2329be98a372037fcb953
34bdc0c720family=J[]egou,
 []


Overfull \hbox (136.65471pt too wide) in paragraph at lines 23--42
\OT1/ptm/m/n/10 fam-i-lyi=J., given=Herv[]e, giveni=H.hash=d699b6cdc55cf5811dd1
9c9a2e13c7c1family=Mairal,
 []


Overfull \hbox (161.45473pt too wide) in paragraph at lines 23--42
\OT1/ptm/m/n/10 fam-i-lyi=M., given=Julien, giveni=J.hash=dfd2b635b41689b48c4b8
1ce769b940bfamily=Bojanowski,
 []


Overfull \hbox (130.03479pt too wide) in paragraph at lines 23--42
\OT1/ptm/m/n/10 fam-i-lyi=B., given=Piotr, giveni=P.hash=977d047821122d1c2e7aa8
55c30c8cf2family=Joulin,
 []


Overfull \hbox (245.97595pt too wide) in paragraph at lines 23--42
\OT1/ptm/m/n/10 fam-i-lyi=J., given=Armand, giveni=A.                          
au-thor5hash=0921e3810ca1ba112b5f374d82f0735ffamily=Rombach,
 []


Overfull \hbox (149.46448pt too wide) in paragraph at lines 23--42
\OT1/ptm/m/n/10 fam-i-lyi=R., given=Robin, giveni=R.hash=43a95cf5d0fe271fe6d6d0
e5803cbfc9family=Blattmann,
 []


Overfull \hbox (148.07503pt too wide) in paragraph at lines 23--42
\OT1/ptm/m/n/10 fam-i-lyi=B., given=Andreas, giveni=A.hash=809ae73566d8d76e9931
ffde3969f1dcfamily=Lorenz,
 []


Overfull \hbox (146.67484pt too wide) in paragraph at lines 23--42
\OT1/ptm/m/n/10 fam-i-lyi=L., given=Dominik, giveni=D.hash=e61c1cb5e29d764299a1
2d1ab334cdc2family=Esser,
 []


Overfull \hbox (138.39476pt too wide) in paragraph at lines 23--42
\OT1/ptm/m/n/10 fam-i-lyi=E., given=Patrick, giveni=P.hash=030fdbe4b0bf5c4210fa
2e50c87b9ff1family=Ommer,
 []


Overfull \hbox (221.28613pt too wide) in paragraph at lines 23--42
\OT1/ptm/m/n/10 fam-i-lyi=O., given=Bj[]orn, giveni=B.                         
 au-thor6hash=4542ed745413f648c28eaca7eb8c1b09family=Tang,
 []


Overfull \hbox (138.05482pt too wide) in paragraph at lines 23--42
\OT1/ptm/m/n/10 fam-i-lyi=T., given=Jiaxiang, giveni=J.hash=8b1ee88161dfa048d34
9ca79ece23b62family=Chen,
 []


Overfull \hbox (138.91534pt too wide) in paragraph at lines 23--42
\OT1/ptm/m/n/10 fam-i-lyi=C., given=Zhaoxi, giveni=Z.hash=e7d0935684bd85a2f77c5
1839d706ad5family=Chen,
 []


Overfull \hbox (145.76517pt too wide) in paragraph at lines 23--42
\OT1/ptm/m/n/10 fam-i-lyi=C., given=Xiaokang, giveni=X.hash=b611a31fdd15fef1539
7f8328de5bfa2family=Wang,
 []


Overfull \hbox (138.74527pt too wide) in paragraph at lines 23--42
\OT1/ptm/m/n/10 fam-i-lyi=W., given=Tengfei, giveni=T.hash=9bc2b3093e5d695f179c
919cceb17bf4family=Zeng,
 []


Overfull \hbox (121.10516pt too wide) in paragraph at lines 23--42
\OT1/ptm/m/n/10 fam-i-lyi=Z., given=Gang, giveni=G.hash=15a5322a1b261fe95ac6e04
758acf39cfamily=Liu,
 []


Overfull \hbox (192.80803pt too wide) in paragraph at lines 23--42
\OT1/ptm/m/n/10 fam-i-lyi=L., given=Ziwei, giveni=Z.              au-thor157has
h=52125f483129bc84387f6ad4d23047cbfamily=Li,
 []


Overfull \hbox (143.36528pt too wide) in paragraph at lines 23--42
\OT1/ptm/m/n/10 fam-i-lyi=L., given=Jianning, giveni=J.hash=335463264b30d83d055
bbbda6e0ac19bfamily=Zhou,
 []


Overfull \hbox (142.89531pt too wide) in paragraph at lines 23--42
\OT1/ptm/m/n/10 fam-i-lyi=Z., given=Zongwei, giveni=Z.hash=06baa1712b241f8830d4
c0e6d4f923c2family=Yang,
 []


Overfull \hbox (144.27507pt too wide) in paragraph at lines 23--42
\OT1/ptm/m/n/10 fam-i-lyi=Y., given=Jiancheng, giveni=J.hash=d6e217e8f530e436bb
0949d281a3f700family=Pepe,
 []


Overfull \hbox (155.01505pt too wide) in paragraph at lines 23--42
\OT1/ptm/m/n/10 fam-i-lyi=P., given=Antonio, giveni=A.hash=9896d4630de2cec49110
52d7b7ce8517family=Gsaxner,
 []


Overfull \hbox (144.734pt too wide) in paragraph at lines 23--42
\OT1/ptm/m/n/10 fam-i-lyi=G., given=Christina, giveni=C.hash=8fe4ee143a56f58cac
a529affcc32a5ffamily=Luijten,
 []


Overfull \hbox (112.68509pt too wide) in paragraph at lines 23--42
\OT1/ptm/m/n/10 fam-i-lyi=L., given=Gijs, giveni=G.hash=a174bd2d1a075f35f92cfa4
f18e692c9family=Qu,
 []


Overfull \hbox (148.65535pt too wide) in paragraph at lines 23--42
\OT1/ptm/m/n/10 fam-i-lyi=Q., given=Chongyu, giveni=C.hash=b222a9ff41bccc170359
29045dc4959ffamily=Zhang,
 []


Overfull \hbox (140.88516pt too wide) in paragraph at lines 23--42
\OT1/ptm/m/n/10 fam-i-lyi=Z., given=Tiezheng, giveni=T.hash=fcc3b0498e4ff83d66a
2269130122f4dfamily=Chen,
 []


Overfull \hbox (124.45499pt too wide) in paragraph at lines 23--42
\OT1/ptm/m/n/10 fam-i-lyi=C., given=Xiaoxi, giveni=X.hash=3f6e303a287b6759cd4ac
b5831c6aa77family=Li,
 []


Overfull \hbox (162.35484pt too wide) in paragraph at lines 23--42
\OT1/ptm/m/n/10 fam-i-lyi=L., given=Wenxuan, giveni=W.hash=501f1a4f66be3000fecc
caf5fab606b7family=Wodzinski,
 []


Overfull \hbox (154.6348pt too wide) in paragraph at lines 23--42
\OT1/ptm/m/n/10 fam-i-lyi=W., given=Marek, giveni=M.hash=ad286026796fc5bad88760
37d7acfd86family=Friedrich,
 []


Overfull \hbox (116.29518pt too wide) in paragraph at lines 23--42
\OT1/ptm/m/n/10 fam-i-lyi=F., given=Paul, giveni=P.hash=08c949b2258ea2777cc0804
87df8c1edfamily=Xie,
 []


Overfull \hbox (140.56511pt too wide) in paragraph at lines 23--42
\OT1/ptm/m/n/10 fam-i-lyi=X., given=Kangxian, giveni=K.hash=4f069b0323406da9e84
6973ed5cc95a9family=Jin,
 []


Overfull \hbox (161.39511pt too wide) in paragraph at lines 23--42
\OT1/ptm/m/n/10 fam-i-lyi=J., given=Yuan, giveni=Y.hash=43b4ccb11a4334a3cb86dda
40894b4e1family=Ambigapathy,
 []


Overfull \hbox (151.64484pt too wide) in paragraph at lines 23--42
\OT1/ptm/m/n/10 fam-i-lyi=A., given=Narmada, giveni=N.hash=c71329a5ee3a6c1977dd
146692ed32c9family=Nasca,
 []


Overfull \hbox (141.69536pt too wide) in paragraph at lines 23--42
\OT1/ptm/m/n/10 fam-i-lyi=N., given=Enrico, giveni=E.hash=c33d1a3c50036447401b2
56535093644family=Solak,
 []


Overfull \hbox (132.22462pt too wide) in paragraph at lines 23--42
\OT1/ptm/m/n/10 fam-i-lyi=S., given=Naida, giveni=N.hash=48f47fe8fb82143f30cc9c
1ca409f116family=Melito,
 []


Overfull \hbox (163.57722pt too wide) in paragraph at lines 23--42
\OT1/ptm/m/n/10 fam-i-lyi=M., given=Gian Marco, giveni=G. M.hash=8608ec7497c7bb
cf56d574a9f3d24b35family=Vu,
 []


Overfull \hbox (170.05762pt too wide) in paragraph at lines 23--42
\OT1/ptm/m/n/10 fam-i-lyi=V., given=Viet Duc, giveni=V. D.hash=573b45b475b91d6b
76be6a92d27501d4family=Memon,
 []


Overfull \hbox (183.85709pt too wide) in paragraph at lines 23--42
\OT1/ptm/m/n/10 fam-i-lyi=M., given=Afaque R., giveni=A. R.hash=7c837a4fad71bd0
9616b0a9891039338family=Schlachta,
 []


Overfull \hbox (183.34438pt too wide) in paragraph at lines 23--42
\OT1/ptm/m/n/10 fam-i-lyi=S., given=Christopher, giveni=C.hash=851a78604891a9b9
6618ce6a8e3be874family=Ribaupierre,
 []


Overfull \hbox (167.51701pt too wide) in paragraph at lines 23--42
\OT1/ptm/m/n/10 fam-i-lyi=R., given=Sandrine De, giveni=S. D.hash=8fc06a83fdb02
488e14bb9cc17b1353efamily=Patel,
 []


Overfull \hbox (158.35461pt too wide) in paragraph at lines 23--42
\OT1/ptm/m/n/10 fam-i-lyi=P., given=Rajnikant, giveni=R.hash=5f3996eef04c971856
fb51c84bf20d46family=Eagleson,
 []


Overfull \hbox (122.67499pt too wide) in paragraph at lines 23--42
\OT1/ptm/m/n/10 fam-i-lyi=E., given=Roy, giveni=R.hash=5e41c5baeca4c6c9d7fc2b5a
7d279daafamily=Chen,
 []


Overfull \hbox (153.65494pt too wide) in paragraph at lines 23--42
\OT1/ptm/m/n/10 fam-i-lyi=C., given=Xiaojun, giveni=X.hash=26b6e983b9393c9732dd
8942816ff34ffamily=M[]achler,
 []


Overfull \hbox (163.22462pt too wide) in paragraph at lines 23--42
\OT1/ptm/m/n/10 fam-i-lyi=M., given=Heinrich, giveni=H.hash=9161696cced1169e884
6a8c805bcd4c6family=Kirschke,
 []


Overfull \hbox (159.80719pt too wide) in paragraph at lines 23--42
\OT1/ptm/m/n/10 fam-i-lyi=K., given=Jan Ste-fan, giveni=J. S.hash=0661dc18b994e
f9e42222b57d3db8335family=Rosa,
 []


Underfull \hbox (badness 10000) in paragraph at lines 23--42
\OT1/ptm/m/n/10 fam-i-lyi=R., given=Ezequiel, giveni=E., pre-fix=de la,
 []


Overfull \hbox (37.24821pt too wide) in paragraph at lines 23--42
\OT1/ptm/m/n/10 pre-fixi=d. l.hash=faa7f2d38c945844f64178de42d7d6a8family=Chris
t,
 []


Overfull \hbox (177.29712pt too wide) in paragraph at lines 23--42
\OT1/ptm/m/n/10 fam-i-lyi=C., given=Patrick Fer-di-nand, giveni=P. F.hash=e6836
c1bd7c13177ebf7441678496968family=Li,
 []


Overfull \hbox (177.10684pt too wide) in paragraph at lines 23--42
\OT1/ptm/m/n/10 fam-i-lyi=L., given=Hongwei Bran, giveni=H. B.hash=54b61b028be6
bc76dcacb5be8ec044e9family=Ellis,
 []


Overfull \hbox (174.18707pt too wide) in paragraph at lines 23--42
\OT1/ptm/m/n/10 fam-i-lyi=E., given=David G., giveni=D. G.hash=f5e997cc2bf5a41b
ae15d67bceaa2cd9family=Aizenberg,
 []


Overfull \hbox (177.40675pt too wide) in paragraph at lines 23--42
\OT1/ptm/m/n/10 fam-i-lyi=A., given=Michele R., giveni=M. R.hash=44057a45957753
14689a9661ca5fb074family=Gatidis,
 []


Overfull \hbox (148.71477pt too wide) in paragraph at lines 23--42
\OT1/ptm/m/n/10 fam-i-lyi=G., given=Sergios, giveni=S.hash=2e7ee55eb5a3df8620e6
23a874095c8bfamily=K[]ustner,
 []


Overfull \hbox (154.56473pt too wide) in paragraph at lines 23--42
\OT1/ptm/m/n/10 fam-i-lyi=K., given=Thomas, giveni=T.hash=fb95fc21c3d7fbd0bff9f
7367f17af67family=Shusharina,
 []


Overfull \hbox (141.11504pt too wide) in paragraph at lines 23--42
\OT1/ptm/m/n/10 fam-i-lyi=S., given=Nadya, giveni=N.hash=b14408b32db48d73c5d54a
7be99baea2family=Heller,
 []


Overfull \hbox (169.71452pt too wide) in paragraph at lines 23--42
\OT1/ptm/m/n/10 fam-i-lyi=H., given=Nicholas, giveni=N.hash=7a9e96eb01f662ec728
6945feaff0f60family=Andrearczyk,
 []


Overfull \hbox (168.65479pt too wide) in paragraph at lines 23--42
\OT1/ptm/m/n/10 fam-i-lyi=A., given=Vincent, giveni=V.hash=43c86feeb9f290029c4c
b22d69b77e89family=Depeursinge,
 []


Overfull \hbox (132.21487pt too wide) in paragraph at lines 23--42
\OT1/ptm/m/n/10 fam-i-lyi=D., given=Adrien, giveni=A.hash=4cc3f7ceb59d742f38684
e76060ae09cfamily=Hatt,
 []


Overfull \hbox (170.46474pt too wide) in paragraph at lines 23--42
\OT1/ptm/m/n/10 fam-i-lyi=H., given=Mathieu, giveni=M.hash=650d6c9b26a8d087e1f0
3a1b3c69fc78family=Sekuboyina,
 []


Overfull \hbox (144.06537pt too wide) in paragraph at lines 23--42
\OT1/ptm/m/n/10 fam-i-lyi=S., given=Anjany, giveni=A.hash=85f6c051d65613f1b2946
8e396df9176family=L[]offler,
 []


Overfull \hbox (156.13449pt too wide) in paragraph at lines 23--42
\OT1/ptm/m/n/10 fam-i-lyi=L., given=Maximilian, giveni=M.hash=93c9ebf8df8ba8d54
54b6c00052b3d0ffamily=Liebl,
 []


Overfull \hbox (134.89507pt too wide) in paragraph at lines 23--42
\OT1/ptm/m/n/10 fam-i-lyi=L., given=Hans, giveni=H.hash=4d08ef1d32be28fa7a1a8c0
45d43a26bfamily=Dorent,
 []


Overfull \hbox (165.99478pt too wide) in paragraph at lines 23--42
\OT1/ptm/m/n/10 fam-i-lyi=D., given=Reuben, giveni=R.hash=befa5547c0c5b07d62ba6
f20e5977440family=Vercauteren,
 []


Overfull \hbox (126.76527pt too wide) in paragraph at lines 23--42
\OT1/ptm/m/n/10 fam-i-lyi=V., given=Tom, giveni=T.hash=2e8ff79f2c16e89f3a7ed8b1
a5fb4c21family=Shapey,
 []


Overfull \hbox (150.16507pt too wide) in paragraph at lines 23--42
\OT1/ptm/m/n/10 fam-i-lyi=S., given=Jonathan, giveni=J.hash=2aeb54c19ef660f0987
470e4896582b1family=Kujawa,
 []


Overfull \hbox (159.99467pt too wide) in paragraph at lines 23--42
\OT1/ptm/m/n/10 fam-i-lyi=K., given=Aaron, giveni=A.hash=212c25c730f955314c34cc
426908fe3efamily=Cornelissen,
 []


Overfull \hbox (163.77457pt too wide) in paragraph at lines 23--42
\OT1/ptm/m/n/10 fam-i-lyi=C., given=Stefan, giveni=S.hash=f93fb859ecb7fe6c3adf8
9e054e3e646family=Langenhuizen,
 []


Overfull \hbox (130.13492pt too wide) in paragraph at lines 23--42
\OT1/ptm/m/n/10 fam-i-lyi=L., given=Patrick, giveni=P.hash=64c24934d33ae773b2c1
45ecdc54ef76family=Ben-
 []


Overfull \hbox (201.1949pt too wide) in paragraph at lines 23--42
\OT1/ptm/m/n/10 Hamadou, familyi=B.[]H., given=Achraf, giveni=A.hash=226dd11c93
771be18b002754d8e53977family=Rekik,
 []


Overfull \hbox (150.01494pt too wide) in paragraph at lines 23--42
\OT1/ptm/m/n/10 fam-i-lyi=R., given=Ahmed, giveni=A.hash=3071d20be4a2317f3c0d34
75e3ca2143family=Pujades,
 []


Overfull \hbox (127.96498pt too wide) in paragraph at lines 23--42
\OT1/ptm/m/n/10 fam-i-lyi=P., given=Sergi, giveni=S.hash=fac404ca06a7e177a16f40
557189e159family=Boyer,
 []


Overfull \hbox (144.45459pt too wide) in paragraph at lines 23--42
\OT1/ptm/m/n/10 fam-i-lyi=B., given=Edmond, giveni=E.hash=1155fc09950f1ee2ea4ab
d238fcc7cb7family=Bolelli,
 []


Overfull \hbox (145.87505pt too wide) in paragraph at lines 23--42
\OT1/ptm/m/n/10 fam-i-lyi=B., given=Federico, giveni=F.hash=3e0a8a4a817f54482b1
b82495d7f6928family=Grana,
 []


Overfull \hbox (163.26448pt too wide) in paragraph at lines 23--42
\OT1/ptm/m/n/10 fam-i-lyi=G., given=Costantino, giveni=C.hash=8b3b5d0c0fad0332f
ce4948e953685d6family=Lumetti,
 []


Overfull \hbox (132.22502pt too wide) in paragraph at lines 23--42
\OT1/ptm/m/n/10 fam-i-lyi=L., given=Luca, giveni=L.hash=13716cea7520ad2f26e3dba
194b01cd8family=Salehi,
 []


Overfull \hbox (144.43474pt too wide) in paragraph at lines 23--42
\OT1/ptm/m/n/10 fam-i-lyi=S., given=Hamidreza, giveni=H.hash=70d98ba727cc8114a6
e494cf39de84a7family=Ma,
 []


Overfull \hbox (127.24532pt too wide) in paragraph at lines 23--42
\OT1/ptm/m/n/10 fam-i-lyi=M., given=Jun, giveni=J.hash=047f7de07364289ade5035d6
65f1c939family=Zhang,
 []


Overfull \hbox (141.33508pt too wide) in paragraph at lines 23--42
\OT1/ptm/m/n/10 fam-i-lyi=Z., given=Yao, giveni=Y.hash=0a70faacb489d3c5b4cd45b3
cd76cc01family=Gharleghi,
 []


Overfull \hbox (136.65431pt too wide) in paragraph at lines 23--42
\OT1/ptm/m/n/10 fam-i-lyi=G., given=Ramtin, giveni=R.hash=aa2c9e3b0ab08e7b4bd2e
c6f1ac87eeefamily=Beier,
 []


Overfull \hbox (144.51483pt too wide) in paragraph at lines 23--42
\OT1/ptm/m/n/10 fam-i-lyi=B., given=Susann, giveni=S.hash=c48410e4bc12a8f79f46f
8e17ff1ed73family=Sowmya,
 []


Overfull \hbox (137.50519pt too wide) in paragraph at lines 23--42
\OT1/ptm/m/n/10 fam-i-lyi=S., given=Arcot, giveni=A.hash=6f9b93e303141b580b4843
0d82ceb939family=Garza-
 []


Underfull \hbox (badness 10000) in paragraph at lines 23--42
\OT1/ptm/m/n/10 Villarreal, familyi=G.[]V., given=Eduardo A.,
 []


Overfull \hbox (50.70818pt too wide) in paragraph at lines 23--42
\OT1/ptm/m/n/10 giveni=E. A.hash=fa1e2df4342a0e4f46b77d5cc39ec53bfamily=Balducc
i,
 []


Overfull \hbox (148.9849pt too wide) in paragraph at lines 23--42
\OT1/ptm/m/n/10 fam-i-lyi=B., given=Thania, giveni=T.hash=bde3668bc0130a10d72eb
6afb89a2095family=Angeles-
 []


Overfull \hbox (180.73477pt too wide) in paragraph at lines 23--42
\OT1/ptm/m/n/10 Valdez, familyi=A.[]V., given=Diego, giveni=D.hash=e10daab86fa3
91685ad6c5737ddb4ccafamily=Souza,
 []


Overfull \hbox (141.02454pt too wide) in paragraph at lines 23--42
\OT1/ptm/m/n/10 fam-i-lyi=S., given=Roberto, giveni=R.hash=ab68d1f15f6fd2bddfcf
ad6eac66b370family=Rittner,
 []


Overfull \hbox (138.87454pt too wide) in paragraph at lines 23--42
\OT1/ptm/m/n/10 fam-i-lyi=R., given=Leticia, giveni=L.hash=cccc238f91ca99991914
5fc65e20fd6cfamily=Frayne,
 []


Overfull \hbox (123.0049pt too wide) in paragraph at lines 23--42
\OT1/ptm/m/n/10 fam-i-lyi=F., given=Richard, giveni=R.hash=e84f47eadd848b2bd17b
c7cdbfa53a72family=Ji,
 []


Overfull \hbox (149.25491pt too wide) in paragraph at lines 23--42
\OT1/ptm/m/n/10 fam-i-lyi=J., given=Yuanfeng, giveni=Y.hash=b1c5833e672ce68ab3f
1a889605042f2family=Ferrari,
 []


Overfull \hbox (163.40451pt too wide) in paragraph at lines 23--42
\OT1/ptm/m/n/10 fam-i-lyi=F., given=Vincenzo, giveni=V.hash=b10d9a3c1e5dd31e7cf
0a9ac71538ab0family=Chatterjee,
 []


Overfull \hbox (156.72525pt too wide) in paragraph at lines 23--42
\OT1/ptm/m/n/10 fam-i-lyi=C., given=Soumick, giveni=S.hash=54439909631a448d7d98
43763b894640family=Dubost,
 []


Overfull \hbox (156.43483pt too wide) in paragraph at lines 23--42
\OT1/ptm/m/n/10 fam-i-lyi=D., given=Florian, giveni=F.hash=eb8e839a1bc428633296
4889a5d9159cfamily=Schreiber,
 []


Overfull \hbox (149.80443pt too wide) in paragraph at lines 23--42
\OT1/ptm/m/n/10 fam-i-lyi=S., given=Stefanie, giveni=S.hash=5c6adbab077bd6ede0c
556fa7c2d4998family=Mattern,
 []


Overfull \hbox (146.67511pt too wide) in paragraph at lines 23--42
\OT1/ptm/m/n/10 fam-i-lyi=M., given=Hendrik, giveni=H.hash=0dd8df3019fd77270d2a
134f8cc1c102family=Speck,
 []


Overfull \hbox (137.9351pt too wide) in paragraph at lines 23--42
\OT1/ptm/m/n/10 fam-i-lyi=S., given=Oliver, giveni=O.hash=64fd23e83ba8cd935e3be
1292a7df93bfamily=Haehn,
 []


Overfull \hbox (132.77495pt too wide) in paragraph at lines 23--42
\OT1/ptm/m/n/10 fam-i-lyi=H., given=Daniel, giveni=D.hash=c001fef8ecbe81ea35d87
095787de756family=John,
 []


Overfull \hbox (147.52495pt too wide) in paragraph at lines 23--42
\OT1/ptm/m/n/10 fam-i-lyi=J., given=Christoph, giveni=C.hash=42157a414e988010ea
e29d8612bd150ffamily=N[]urn-
 []


Overfull \hbox (180.8547pt too wide) in paragraph at lines 23--42
\OT1/ptm/m/n/10 berger, fam-i-lyi=N., given=Andreas, giveni=A.hash=f854e8e76ac1
d846bd0c9f2ab44f985afamily=Pedrosa,
 []


Overfull \hbox (130.55473pt too wide) in paragraph at lines 23--42
\OT1/ptm/m/n/10 fam-i-lyi=P., given=Jo[]ao, giveni=J.hash=cd3e400a515027af3cd7d
f8c7709fbb8family=Ferreira,
 []


Overfull \hbox (139.77481pt too wide) in paragraph at lines 23--42
\OT1/ptm/m/n/10 fam-i-lyi=F., given=Carlos, giveni=C.hash=f1d919b1a9425214752b8
916ee7bbce7family=Aresta,
 []


Overfull \hbox (157.78494pt too wide) in paragraph at lines 23--42
\OT1/ptm/m/n/10 fam-i-lyi=A., given=Guilherme, giveni=G.hash=3b0f4d17a23938c4bb
4f4de40ce8d74dfamily=Cunha,
 []


Overfull \hbox (161.69482pt too wide) in paragraph at lines 23--42
\OT1/ptm/m/n/10 fam-i-lyi=C., given=Ant[]onio, giveni=A.hash=ace173bb3c63a891d0
5fd810a3932d00family=Campilho,
 []


Overfull \hbox (144.47513pt too wide) in paragraph at lines 23--42
\OT1/ptm/m/n/10 fam-i-lyi=C., given=Aur[]elio, giveni=A.hash=915db0a47363940536
40e4ed195d7187family=Suter,
 []


Overfull \hbox (146.03493pt too wide) in paragraph at lines 23--42
\OT1/ptm/m/n/10 fam-i-lyi=S., given=Yannick, giveni=Y.hash=3782a28a323e31732006
bf0ecae6d704family=Garcia,
 []


Overfull \hbox (131.09467pt too wide) in paragraph at lines 23--42
\OT1/ptm/m/n/10 fam-i-lyi=G., given=Jose, giveni=J.hash=dcbc810de2f824cf1a7d5cd
7ef50c1c1family=Lalande,
 []


Overfull \hbox (170.31497pt too wide) in paragraph at lines 23--42
\OT1/ptm/m/n/10 fam-i-lyi=L., given=Alain, giveni=A.hash=7898252f817e4035878ff4
0fd628b60dfamily=Vandenbossche,
 []


Overfull \hbox (141.8153pt too wide) in paragraph at lines 23--42
\OT1/ptm/m/n/10 fam-i-lyi=V., given=Vicky, giveni=V.hash=f624bec11ed1f05000ea28
a9981c9b33family=Oevelen,
 []


Overfull \hbox (182.48746pt too wide) in paragraph at lines 23--42
\OT1/ptm/m/n/10 fam-i-lyi=O., given=Aline Van, giveni=A. V.hash=fc726403305a294
19bb69034e290450bfamily=Duquesne,
 []


Overfull \hbox (152.76482pt too wide) in paragraph at lines 23--42
\OT1/ptm/m/n/10 fam-i-lyi=D., given=Kate, giveni=K.hash=aca6164d10e43f955dbe6a0
d9ba534ecfamily=Mekhzoum,
 []


Overfull \hbox (202.65454pt too wide) in paragraph at lines 23--42
\OT1/ptm/m/n/10 fam-i-lyi=M., given=Hamza, giveni=H.hash=ea0538c2a30e545e040853
b40a5865b3family=Vandemeulebroucke,
 []


Overfull \hbox (136.4749pt too wide) in paragraph at lines 23--42
\OT1/ptm/m/n/10 fam-i-lyi=V., given=Jef, giveni=J.hash=8c35b30a5eeb963d3ade01a2
6453f2f4family=Audenaert,
 []


Overfull \hbox (156.66483pt too wide) in paragraph at lines 23--42
\OT1/ptm/m/n/10 fam-i-lyi=A., given=Emmanuel, giveni=E.hash=b8eeac94673e72cbdde
7784715da047dfamily=Krebs,
 []


Overfull \hbox (151.56485pt too wide) in paragraph at lines 23--42
\OT1/ptm/m/n/10 fam-i-lyi=K., given=Claudia, giveni=C.hash=2f8b173725d0fbb78fa7
dd2ef35a60affamily=Leeuwen,
 []


Overfull \hbox (237.39444pt too wide) in paragraph at lines 23--42
\OT1/ptm/m/n/10 fam-i-lyi=L., given=Timo, giveni=T., pre-fix=van, pre-fixi=v.ha
sh=99581c14be2b961887e9d4b47801e71ffamily=Vereecke,
 []


Overfull \hbox (155.78517pt too wide) in paragraph at lines 23--42
\OT1/ptm/m/n/10 fam-i-lyi=V., given=Evie, giveni=E.hash=5741dd689f94a543b30d021
636ae34e5family=Heidemeyer,
 []


Overfull \hbox (143.79521pt too wide) in paragraph at lines 23--42
\OT1/ptm/m/n/10 fam-i-lyi=H., given=Hauke, giveni=H.hash=3b3ace78e05b9dc36f82e7
9538bdb2b3family=R[]ohrig,
 []


Overfull \hbox (141.12479pt too wide) in paragraph at lines 23--42
\OT1/ptm/m/n/10 fam-i-lyi=R., given=Rainer, giveni=R.hash=5a1845652b11f7b49bea5
8e1510431fcfamily=H[]olzle,
 []


Overfull \hbox (137.54495pt too wide) in paragraph at lines 23--42
\OT1/ptm/m/n/10 fam-i-lyi=H., given=Frank, giveni=F.hash=e6378595d031ce3cc36636
6dda2c1e67family=Badeli,
 []


Overfull \hbox (138.00514pt too wide) in paragraph at lines 23--42
\OT1/ptm/m/n/10 fam-i-lyi=B., given=Vahid, giveni=V.hash=ecd15d36b398bf1a73bf41
27df83fd0cfamily=Krieger,
 []


Overfull \hbox (144.42485pt too wide) in paragraph at lines 23--42
\OT1/ptm/m/n/10 fam-i-lyi=K., given=Kathrin, giveni=K.hash=a9a95766aefe1f618558
f2bd3dd8a6effamily=Gunzer,
 []


Overfull \hbox (147.79471pt too wide) in paragraph at lines 23--42
\OT1/ptm/m/n/10 fam-i-lyi=G., given=Matthias, giveni=M.hash=c571c66cca0bb90f191
7b8c443b17768family=Chen,
 []


Overfull \hbox (163.35492pt too wide) in paragraph at lines 23--42
\OT1/ptm/m/n/10 fam-i-lyi=C., given=Jianxu, giveni=J.hash=0d2efcad04a9fc5582ef8
d295a469211family=Meegdenburg,
 []


Underfull \hbox (badness 10000) in paragraph at lines 23--42
\OT1/ptm/m/n/10 fam-i-lyi=M., given=Timo, giveni=T., pre-fix=van,
 []


Overfull \hbox (27.41614pt too wide) in paragraph at lines 23--42
\OT1/ptm/m/n/10 pre-fixi=v.hash=9430ea33da50a1ca2ce20b33199ae6a2family=Dada,
 []


Overfull \hbox (132.19449pt too wide) in paragraph at lines 23--42
\OT1/ptm/m/n/10 fam-i-lyi=D., given=Amin, giveni=A.hash=7165f1c6e0af90ef165b5ec
ceea5e26efamily=Balzer,
 []


Overfull \hbox (162.58446pt too wide) in paragraph at lines 23--42
\OT1/ptm/m/n/10 fam-i-lyi=B., given=Miriam, giveni=M.hash=23673efa176000fb79a34
e3cfa0b52b0family=Fragemann,
 []


Overfull \hbox (124.65483pt too wide) in paragraph at lines 23--42
\OT1/ptm/m/n/10 fam-i-lyi=F., given=Jana, giveni=J.hash=cad8ee58ddefcc1f4857804
fd826e605family=Jonske,
 []


Overfull \hbox (143.09476pt too wide) in paragraph at lines 23--42
\OT1/ptm/m/n/10 fam-i-lyi=J., given=Frederic, giveni=F.hash=7215ea2562fd53b85fe
8b10a91f28a9dfamily=Rempe,
 []


Overfull \hbox (165.43497pt too wide) in paragraph at lines 23--42
\OT1/ptm/m/n/10 fam-i-lyi=R., given=Moritz, giveni=M.hash=75584585d8d321ea58a32
71e8bb8b930family=Malorodov,
 []


Overfull \hbox (160.38467pt too wide) in paragraph at lines 23--42
\OT1/ptm/m/n/10 fam-i-lyi=M., given=Stanislav, giveni=S.hash=356e442950dd167493
9fc258e5df1b8cfamily=Bahnsen,
 []


Overfull \hbox (152.7172pt too wide) in paragraph at lines 23--42
\OT1/ptm/m/n/10 fam-i-lyi=B., given=Fin H., giveni=F. H.hash=43aa13a193dcf2b7e0
2926d7c71f7e56family=Seibold,
 []


Overfull \hbox (141.22437pt too wide) in paragraph at lines 23--42
\OT1/ptm/m/n/10 fam-i-lyi=S., given=Constantin, giveni=C.hash=b4a8ff62c2237798a
85cc07c5fafae39family=Jaus,
 []


Overfull \hbox (162.47502pt too wide) in paragraph at lines 23--42
\OT1/ptm/m/n/10 fam-i-lyi=J., given=Alexander, giveni=A.hash=a501477dc20478e0ca
04118b42ef409dfamily=Marinov,
 []


Overfull \hbox (147.31512pt too wide) in paragraph at lines 23--42
\OT1/ptm/m/n/10 fam-i-lyi=M., given=Zdravko, giveni=Z.hash=63350393ee74dce2bfed
a809cbb2f459family=Jaeger,
 []


Overfull \hbox (170.09691pt too wide) in paragraph at lines 23--42
\OT1/ptm/m/n/10 fam-i-lyi=J., given=Paul F., giveni=P. F.hash=ef5e729dbb1c49871
a5c4d578763ee74family=Stiefelhagen,
 []


Overfull \hbox (137.2448pt too wide) in paragraph at lines 23--42
\OT1/ptm/m/n/10 fam-i-lyi=S., given=Rainer, giveni=R.hash=7580664669f82f15fbe54
aa55671f3c1family=Santos,
 []


Overfull \hbox (159.33723pt too wide) in paragraph at lines 23--42
\OT1/ptm/m/n/10 fam-i-lyi=S., given=Ana Sofia, giveni=A. S.hash=f9c6d41591e0999
bf6ca8685ea26ec02family=Lindo,
 []


Overfull \hbox (147.65445pt too wide) in paragraph at lines 23--42
\OT1/ptm/m/n/10 fam-i-lyi=L., given=Mariana, giveni=M.hash=8b68996796f0fef1fa29
5cf7f4eab586family=Ferreira,
 []


Overfull \hbox (136.29546pt too wide) in paragraph at lines 23--42
\OT1/ptm/m/n/10 fam-i-lyi=F., given=Andr[]e, giveni=A.hash=89691ab02fc04338229d
47485f1b304dfamily=Alves,
 []


Overfull \hbox (135.79515pt too wide) in paragraph at lines 23--42
\OT1/ptm/m/n/10 fam-i-lyi=A., given=Victor, giveni=V.hash=593151cb660498f41e328
52b8fc449fafamily=Kamp,
 []


Overfull \hbox (165.54472pt too wide) in paragraph at lines 23--42
\OT1/ptm/m/n/10 fam-i-lyi=K., given=Michael, giveni=M.hash=298fcf0e9dc0720e3da8
987f392b5a42family=Abourayya,
 []


Overfull \hbox (132.77509pt too wide) in paragraph at lines 23--42
\OT1/ptm/m/n/10 fam-i-lyi=A., given=Amr, giveni=A.hash=0d04501eeabd11110367a84c
135c21cffamily=Nensa,
 []


Overfull \hbox (128.115pt too wide) in paragraph at lines 23--42
\OT1/ptm/m/n/10 fam-i-lyi=N., given=Felix, giveni=F.hash=294f998afb0615bf02d51e
a827186bebfamily=H[]orst,
 []


Overfull \hbox (144.4049pt too wide) in paragraph at lines 23--42
\OT1/ptm/m/n/10 fam-i-lyi=H., given=Fabian, giveni=F.hash=370fa37fa29f9d12eef07
4b749b6a93efamily=Brehmer,
 []


Overfull \hbox (150.9246pt too wide) in paragraph at lines 23--42
\OT1/ptm/m/n/10 fam-i-lyi=B., given=Alexander, giveni=A.hash=8b7a41a2caaa7e4ea0
deb4a89ec4f635family=Heine,
 []


Overfull \hbox (164.9948pt too wide) in paragraph at lines 23--42
\OT1/ptm/m/n/10 fam-i-lyi=H., given=Lukas, giveni=L.hash=0654a103be99e804d990da
04a6a3f728family=Hanusrichter,
 []


Overfull \hbox (152.4752pt too wide) in paragraph at lines 23--42
\OT1/ptm/m/n/10 fam-i-lyi=H., given=Yannik, giveni=Y.hash=80db79860d5e035a9a8d3
0590eb25ce5family=We^^Yling,
 []


Overfull \hbox (148.5452pt too wide) in paragraph at lines 23--42
\OT1/ptm/m/n/10 fam-i-lyi=W., given=Martin, giveni=M.hash=8b86beb28d8608cd91537
6b16f4a5318family=Dudda,
 []


Overfull \hbox (155.54448pt too wide) in paragraph at lines 23--42
\OT1/ptm/m/n/10 fam-i-lyi=D., given=Marcel, giveni=M.hash=868bca4da34ce40b63e5e
7e8b005ae27family=Podleska,
 []


Overfull \hbox (141.73735pt too wide) in paragraph at lines 23--42
\OT1/ptm/m/n/10 fam-i-lyi=P., given=Lars E., giveni=L. E.hash=a48fa0cdea90cc271
2b216f9065540b1family=Fink,
 []


Overfull \hbox (165.63698pt too wide) in paragraph at lines 23--42
\OT1/ptm/m/n/10 fam-i-lyi=F., given=Matthias A., giveni=M. A.hash=af3984b196036
e0ce8d82419ca949f68family=Keyl,
 []


Overfull \hbox (143.35478pt too wide) in paragraph at lines 23--42
\OT1/ptm/m/n/10 fam-i-lyi=K., given=Julius, giveni=J.hash=c83483912065ee2d59501
30a0291de0bfamily=Tserpes,
 []


Overfull \hbox (156.15475pt too wide) in paragraph at lines 23--42
\OT1/ptm/m/n/10 fam-i-lyi=T., given=Konstantinos, giveni=K.hash=0369fb9462b0a45
be533f277abcf8183family=Kim,
 []


Overfull \hbox (174.92459pt too wide) in paragraph at lines 23--42
\OT1/ptm/m/n/10 fam-i-lyi=K., given=Moon-Sung, giveni=M.[]S.hash=dddfe9fba1ff3f
e4fbd05c8fa6211f37family=Elhabian,
 []


Overfull \hbox (153.4247pt too wide) in paragraph at lines 23--42
\OT1/ptm/m/n/10 fam-i-lyi=E., given=Shireen, giveni=S.hash=ff85de9fa69b079c3461
1a67e47ca406family=Lamecker,
 []


Overfull \hbox (132.77509pt too wide) in paragraph at lines 23--42
\OT1/ptm/m/n/10 fam-i-lyi=L., given=Hans, giveni=H.hash=21018c5c23ecce23a3e03d7
241b67c99family=Zuki[]c,
 []


Overfull \hbox (155.945pt too wide) in paragraph at lines 23--42
\OT1/ptm/m/n/10 fam-i-lyi=Z., given=D[]zenan, giveni=D.hash=ca1a802c36139451a25
67669be8cac08family=Paniagua,
 []


Overfull \hbox (159.20471pt too wide) in paragraph at lines 23--42
\OT1/ptm/m/n/10 fam-i-lyi=P., given=Beatriz, giveni=B.hash=955dfd050013b01025a7
3a063bc8bec5family=Wachinger,
 []


Overfull \hbox (158.53455pt too wide) in paragraph at lines 23--42
\OT1/ptm/m/n/10 fam-i-lyi=W., given=Christian, giveni=C.hash=f58f738420147a0038
d2ddeaf2691f04family=Urschler,
 []


Overfull \hbox (136.65471pt too wide) in paragraph at lines 23--42
\OT1/ptm/m/n/10 fam-i-lyi=U., given=Martin, giveni=M.hash=13fe80fdaaaafb0da2c2c
2fbbf6119fbfamily=Duong,
 []


Overfull \hbox (150.3251pt too wide) in paragraph at lines 23--42
\OT1/ptm/m/n/10 fam-i-lyi=D., given=Luc, giveni=L.hash=83150ba565524d555bf73b33
a1152967family=Wasserthal,
 []


Overfull \hbox (133.86502pt too wide) in paragraph at lines 23--42
\OT1/ptm/m/n/10 fam-i-lyi=W., given=Jakob, giveni=J.hash=dc31988a7d5a0e70f635c0
caaa9e0899family=Hoyer,
 []


Overfull \hbox (148.58731pt too wide) in paragraph at lines 23--42
\OT1/ptm/m/n/10 fam-i-lyi=H., given=Peter F., giveni=P. F.hash=5b17e85d01d941b8
e8cbbb5b3375e3cefamily=Basu,
 []


Overfull \hbox (130.15482pt too wide) in paragraph at lines 23--42
\OT1/ptm/m/n/10 fam-i-lyi=B., given=Oliver, giveni=O.hash=6317180246fe8f0be88b9
3def5ca2f8afamily=Maal,
 []


Overfull \hbox (145.52452pt too wide) in paragraph at lines 23--42
\OT1/ptm/m/n/10 fam-i-lyi=M., given=Thomas, giveni=T.hash=6df47ac1835e52021b35e
eca407e3ec8family=Witjes,
 []


Overfull \hbox (183.29938pt too wide) in paragraph at lines 23--42
\OT1/ptm/m/n/10 fam-i-lyi=W., given=Max J. H., giveni=M. J. H.hash=b75758b693c5
d0c1b3e73e500f5b1576family=Schiele,
 []


Overfull \hbox (135.93489pt too wide) in paragraph at lines 23--42
\OT1/ptm/m/n/10 fam-i-lyi=S., given=Gregor, giveni=G.hash=bcf3c9a7d17c74ab8ccfe
c0108aee37ffamily=Chang,
 []


Overfull \hbox (165.31493pt too wide) in paragraph at lines 23--42
\OT1/ptm/m/n/10 fam-i-lyi=C., given=Ti-chiun, giveni=T.[]c.hash=9968bdbe4d75410
70894f7956ba4bcc0family=Ahmadi,
 []


Overfull \hbox (175.68512pt too wide) in paragraph at lines 23--42
\OT1/ptm/m/n/10 fam-i-lyi=A., given=Seyed-Ahmad, giveni=S.[]A.hash=e85079235b2a
8c88ee9360e55b37523afamily=Luo,
 []


Overfull \hbox (130.56499pt too wide) in paragraph at lines 23--42
\OT1/ptm/m/n/10 fam-i-lyi=L., given=Ping, giveni=P.hash=b13ac190bedd117c867024d
75c4cfecdfamily=Menze,
 []


Overfull \hbox (136.8349pt too wide) in paragraph at lines 23--42
\OT1/ptm/m/n/10 fam-i-lyi=M., given=Bjoern, giveni=B.hash=7f43974fe5e94102dc5f3
827ff688a30family=Reyes,
 []


Overfull \hbox (162.79485pt too wide) in paragraph at lines 23--42
\OT1/ptm/m/n/10 fam-i-lyi=R., given=Mauricio, giveni=M.hash=7fb172dd93e39908b5c
6d0208c78859dfamily=Deserno,
 []


Overfull \hbox (191.657pt too wide) in paragraph at lines 23--42
\OT1/ptm/m/n/10 fam-i-lyi=D., given=Thomas M., giveni=T. M.hash=9b3e5f4bb3bd538
06daf0873ab42c7b7family=Davatzikos,
 []


Overfull \hbox (145.57448pt too wide) in paragraph at lines 23--42
\OT1/ptm/m/n/10 fam-i-lyi=D., given=Christos, giveni=C.hash=0018f19f79d11aa95ee
b4cce81a01725family=Puladi,
 []


Overfull \hbox (130.03522pt too wide) in paragraph at lines 23--42
\OT1/ptm/m/n/10 fam-i-lyi=P., given=Behrus, giveni=B.hash=c5304d4d3b616054451f1
a8db2a3974ffamily=Fua,
 []


Overfull \hbox (133.51474pt too wide) in paragraph at lines 23--42
\OT1/ptm/m/n/10 fam-i-lyi=F., given=Pascal, giveni=P.hash=7e4cdd805dbfc99ccee45
71698195692family=Yuille,
 []


Overfull \hbox (167.21744pt too wide) in paragraph at lines 23--42
\OT1/ptm/m/n/10 fam-i-lyi=Y., given=Alan L., giveni=A. L.hash=bbcb78861bbdf5b65
94b30905937d12afamily=Kleesiek,
 []


Overfull \hbox (124.43489pt too wide) in paragraph at lines 23--42
\OT1/ptm/m/n/10 fam-i-lyi=K., given=Jens, giveni=J.hash=c9a59ad74e0ba8e8c16df23
9e9af56b6family=Egger,
 []


Overfull \hbox (196.18239pt too wide) in paragraph at lines 23--42
\OT1/ptm/m/n/10 fam-i-lyi=E., given=Jan, giveni=J.                au-thor10hash
=c50132b7128108a2bed8f0fe2d091e0afamily=Deitke,
 []


Overfull \hbox (147.23491pt too wide) in paragraph at lines 23--42
\OT1/ptm/m/n/10 fam-i-lyi=D., given=Matt, giveni=M.hash=0d0cedce73d1ab408eb1d7d
45246f907family=Schwenk,
 []


Overfull \hbox (151.9949pt too wide) in paragraph at lines 23--42
\OT1/ptm/m/n/10 fam-i-lyi=S., given=Dustin, giveni=D.hash=1e9d508b4eeb4ac539166
b1e9535947dfamily=Salvador,
 []


Overfull \hbox (126.9949pt too wide) in paragraph at lines 23--42
\OT1/ptm/m/n/10 fam-i-lyi=S., given=Jordi, giveni=J.hash=54cf889969c7fd120788e1
952a9b2c5ffamily=Weihs,
 []


Overfull \hbox (140.20523pt too wide) in paragraph at lines 23--42
\OT1/ptm/m/n/10 fam-i-lyi=W., given=Luca, giveni=L.hash=0760789e0761f2667443d92
c3de28018family=Michel,
 []


Overfull \hbox (158.88454pt too wide) in paragraph at lines 23--42
\OT1/ptm/m/n/10 fam-i-lyi=M., given=Oscar, giveni=O.hash=84de95159043aac90c146b
4b8a2b5bcefamily=VanderBilt,
 []


Overfull \hbox (128.7147pt too wide) in paragraph at lines 23--42
\OT1/ptm/m/n/10 fam-i-lyi=V., given=Eli, giveni=E.hash=bca2cf46e9eed1a3bcc54f42
86b4e013family=Schmidt,
 []


Overfull \hbox (143.34502pt too wide) in paragraph at lines 23--42
\OT1/ptm/m/n/10 fam-i-lyi=S., given=Ludwig, giveni=L.hash=de3565c2e23b7fec25bd2
da3c08f6b21family=Ehsani,
 []


Overfull \hbox (151.215pt too wide) in paragraph at lines 23--42
\OT1/ptm/m/n/10 fam-i-lyi=E., given=Kiana, giveni=K.hash=d025c5904626f59c3130bc
da8ef9f453family=Kembhavi,
 []


Overfull \hbox (162.63518pt too wide) in paragraph at lines 23--42
\OT1/ptm/m/n/10 fam-i-lyi=K., given=Aniruddha, giveni=A.hash=396c6ddedb6f986906
fc3e4994d19974family=Farhadi,
 []


Overfull \hbox (191.45805pt too wide) in paragraph at lines 23--42
\OT1/ptm/m/n/10 fam-i-lyi=F., given=Ali, giveni=A.              au-thor1hash=23
8b361712d036d4be67aed86155b6c3family=Apose,
 []


Overfull \hbox (99.20135pt too wide) in paragraph at lines 23--42
\OT1/ptm/m/n/10 fam-i-lyi=A.               au-thor3hash=fc2bd85da63b3d182bb3b34
33b80a17ffamily=Zhou,
 []


Overfull \hbox (153.86551pt too wide) in paragraph at lines 23--42
\OT1/ptm/m/n/10 fam-i-lyi=Z., given=Qian-Yi, giveni=Q.[]Y.hash=4601943d47b90174
b1d991712b65af21family=Park,
 []


Overfull \hbox (132.4447pt too wide) in paragraph at lines 23--42
\OT1/ptm/m/n/10 fam-i-lyi=P., given=Jaesik, giveni=J.hash=9025300f43a193cfed8e1
0e924f2a117family=Koltun,
 []


Underfull \vbox (badness 10000) has occurred while \output is active []




Underfull \vbox (badness 10000) has occurred while \output is active []



[1{d:/texlive/2025/texmf-var/fonts/map/pdftex/updmap/pdftex.map}{d:/texlive/202
5/texmf-dist/fonts/enc/dvips/base/8r.enc}

]
Underfull \vbox (badness 10000) has occurred while \output is active []




Underfull \vbox (badness 10000) has occurred while \output is active []



[2]
Underfull \vbox (badness 10000) has occurred while \output is active []




Underfull \vbox (badness 10000) has occurred while \output is active []



[3]



[4

]
LaTeX Font Info:    Calculating math sizes for size <11> on input line 61.
LaTeX Font Info:    Trying to load font information for U+msa on input line 61.

 (d:/texlive/2025/texmf-dist/tex/latex/amsfonts/umsa.fd
File: umsa.fd 2013/01/14 v3.01 AMS symbols A
)
LaTeX Font Info:    Trying to load font information for U+msb on input line 61.


(d:/texlive/2025/texmf-dist/tex/latex/amsfonts/umsb.fd
File: umsb.fd 2013/01/14 v3.01 AMS symbols B
)

LaTeX Warning: Citation 'TP' on page 5 undefined on input line 67.


LaTeX Warning: Citation 'GOYANES201771' on page 5 undefined on input line 67.


Underfull \hbox (badness 3098) in paragraph at lines 67--68
\OT1/ptm/m/n/10 a per-son-al-ized treat-ment ap-proach is un-fea-si-ble with
 []


Underfull \hbox (badness 10000) in paragraph at lines 67--68

 []


LaTeX Warning: Citation 'barnatt20133d' on page 5 undefined on input line 69.


LaTeX Warning: Citation 'Chowdhry2013' on page 5 undefined on input line 69.


LaTeX Warning: Citation 'Ventola2014' on page 5 undefined on input line 69.


LaTeX Warning: Citation 'Sahlgren2017' on page 5 undefined on input line 69.


Underfull \hbox (badness 2057) in paragraph at lines 69--70
\OT1/ptm/m/n/10 ar-chi-tec-tural mod-els, which were pro-duced us-ing this
 []


Underfull \hbox (badness 2229) in paragraph at lines 69--70
\OT1/ptm/m/n/10 print-ing has un-doubt-edly rev-o-lu-tion-ized the health-care
 []


Underfull \hbox (badness 10000) in paragraph at lines 69--70

 []


LaTeX Warning: Citation 'Shinde2022' on page 5 undefined on input line 71.


LaTeX Warning: Citation 'Jim√©nezOliver_2023' on page 5 undefined on input line
 71.

Missing character: There is no √ in font ptmb7t!
Missing character: There is no © in font ptmb7t!

LaTeX Warning: Citation 'zheng20193d' on page 5 undefined on input line 71.



<Aplicaciones_3D.png, id=119, 336.7782pt x 379.6584pt>
File: Aplicaciones_3D.png Graphic file (type png)
<use Aplicaciones_3D.png>
Package pdftex.def Info: Aplicaciones_3D.png  used on input line 75.
(pdftex.def)             Requested size: 195.18845pt x 220.04561pt.

LaTeX Warning: Citation 'img' on page 5 undefined on input line 76.


LaTeX Warning: Citation 'img' on page 5 undefined on input line 76.


LaTeX Warning: Citation 'Trenfield2018' on page 5 undefined on input line 80.


Underfull \hbox (badness 3514) in paragraph at lines 80--81
\OT1/ptm/m/n/10 from a dig-i-tal 3D file us-ing \OT1/ptm/m/it/10 computer-aided
 de-sign
 []


Underfull \hbox (badness 10000) in paragraph at lines 80--81

 []



[5

 <./Aplicaciones_3D.png>]

LaTeX Warning: Citation 'Wavefront' on page 6 undefined on input line 101.


Underfull \hbox (badness 10000) in paragraph at lines 101--102

 []


Underfull \hbox (badness 10000) in paragraph at lines 103--105

 []




LaTeX Warning: Citation 'NeRF' on page 6 undefined on input line 119.


LaTeX Warning: Citation 'dmtet' on page 6 undefined on input line 139.



[6]

LaTeX Warning: Citation 'Point-E' on page 7 undefined on input line 144.


Underfull \hbox (badness 10000) in paragraph at lines 144--146

 []


LaTeX Warning: Citation 'vaswani_attention_2017' on page 7 undefined on input l
ine 147.


LaTeX Warning: Citation 'ho2020denoising' on page 7 undefined on input line 147
.


Underfull \hbox (badness 3815) in paragraph at lines 147--148
[]\OT1/ptm/m/n/10 To gen-er-ate point clouds like the one pre-vi-ously
 []


Underfull \hbox (badness 4927) in paragraph at lines 147--148
\OT1/ptm/m/n/10 de-scribed, the ar-chi-tec-ture is based on trans-form-ers
 []


LaTeX Warning: Citation 'vaswani_attention_2017' on page 7 undefined on input l
ine 152.


Underfull \hbox (badness 1888) in paragraph at lines 152--153
\OT1/ptm/m/n/10 in the noise ad-di-tion pro-cess ap-plied to an ex-am-ple
 []


Underfull \hbox (badness 2318) in paragraph at lines 152--153
\OT1/ptm/m/n/10 a noise schedul-ing vari-able, $\OML/cmm/m/it/10 ^^L$\OT1/ptm/m
/n/10 , grad-u-ally ad-justs the
 []


Underfull \hbox (badness 2486) in paragraph at lines 152--153
\OT1/ptm/m/n/10 pre-vent ex-ces-sive fluc-tu-a-tions be-tween it-er-a-tions. Th
is
 []


Underfull \hbox (badness 10000) in paragraph at lines 152--153

 []


LaTeX Warning: Citation 'oord2018neural' on page 7 undefined on input line 154.



LaTeX Warning: Citation 'Point-E' on page 7 undefined on input line 154.


LaTeX Warning: Citation 'radford2021learning' on page 7 undefined on input line
 154.



<point-e-difussion.png, id=144, 659.46375pt x 467.7475pt>
File: point-e-difussion.png Graphic file (type png)
<use point-e-difussion.png>
Package pdftex.def Info: point-e-difussion.png  used on input line 159.
(pdftex.def)             Requested size: 200.19054pt x 141.9883pt.

LaTeX Warning: Citation 'Point-E' on page 7 undefined on input line 160.


LaTeX Warning: Citation 'Point-E' on page 7 undefined on input line 160.


LaTeX Warning: Citation 'nichol2022glide' on page 7 undefined on input line 164
.


LaTeX Warning: Citation 'radford2021learning' on page 7 undefined on input line
 164.


LaTeX Warning: Citation 'blender' on page 7 undefined on input line 164.


Underfull \hbox (badness 6348) in paragraph at lines 164--166
[]\OT1/ptm/m/n/10 As ob-served, this ar-chi-tec-ture solely en-ables the
 []


Underfull \hbox (badness 3158) in paragraph at lines 164--166
\OT1/ptm/m/n/10 a text-conditioned dif-fu-sion model that, un-like CLIP
 []


Underfull \hbox (badness 10000) in paragraph at lines 164--166
\OT1/ptm/m/n/10 [[]], does not re-quire la-beled
 []


Underfull \hbox (badness 2762) in paragraph at lines 164--166
\OT1/ptm/m/n/10 3D ren-ders us-ing Blender [[]]. Specif-i-cally, 20
 []


Underfull \hbox (badness 10000) in paragraph at lines 164--166

 []


Underfull \hbox (badness 10000) in paragraph at lines 170--171
[]\OT1/ptm/b/n/10 Low-Resolution Point Cloud Gen-er-a-tor\OT1/ptm/m/n/10 : A
 []


Underfull \hbox (badness 10000) in paragraph at lines 171--172

 []


LaTeX Warning: Citation 'ho2020denoising' on page 7 undefined on input line 174
.


Underfull \hbox (badness 10000) in paragraph at lines 174--175

 []



[7 <./point-e-difussion.png>]

LaTeX Warning: Citation 'Shap-E' on page 8 undefined on input line 179.


Underfull \hbox (badness 2961) in paragraph at lines 179--180
\OT1/ptm/m/n/10 ob-ject, as re-quired in NeRF ([][][]) and STF ([][][])
 []


Underfull \hbox (badness 1681) in paragraph at lines 179--180
\OT1/ptm/m/n/10 com-po-nents: an \OT1/ptm/m/it/10 en-coder \OT1/ptm/m/n/10 that
 pro-duces the pa-ram-e-ters
 []


Underfull \hbox (badness 10000) in paragraph at lines 179--180

 []

<arquitectura_encoder_ShapE.png, id=161, 751.80875pt x 629.35126pt>
File: arquitectura_encoder_ShapE.png Graphic file (type png)
<use arquitectura_encoder_ShapE.png>
Package pdftex.def Info: arquitectura_encoder_ShapE.png  used on input line 190
.
(pdftex.def)             Requested size: 245.2399pt x 205.29538pt.

Overfull \hbox (0.99791pt too wide) in paragraph at lines 190--191
 [][] 
 []


LaTeX Warning: Citation 'Shap-E' on page 8 undefined on input line 191.


LaTeX Warning: Citation 'Shap-E' on page 8 undefined on input line 191.


LaTeX Warning: `h' float specifier changed to `ht'.




Underfull \hbox (badness 10000) in paragraph at lines 200--203

 []



[8 <./arquitectura_encoder_ShapE.png>]
Underfull \hbox (badness 10000) in paragraph at lines 211--213

 []

<example_shape.png, id=174, 915.42pt x 395.4775pt>
File: example_shape.png Graphic file (type png)
<use example_shape.png>
Package pdftex.def Info: example_shape.png  used on input line 222.
(pdftex.def)             Requested size: 250.24199pt x 108.10794pt.

Overfull \hbox (6.0pt too wide) in paragraph at lines 222--223
 [][] 
 []


LaTeX Warning: Citation 'Shap-E' on page 9 undefined on input line 223.


LaTeX Warning: Citation 'Shap-E' on page 9 undefined on input line 223.


LaTeX Warning: Citation 'hong_lrm_2023' on page 9 undefined on input line 231.


LaTeX Warning: Citation 'vaswani_attention_2017' on page 9 undefined on input l
ine 231.


LaTeX Warning: Citation 'dosovitskiy_image_2021' on page 9 undefined on input l
ine 234.


LaTeX Warning: Citation 'caron_emerging_2021' on page 9 undefined on input line
 234.




Underfull \hbox (badness 10000) in paragraph at lines 238--239

 []


LaTeX Warning: Citation 'rombach_high-resolution_2022' on page 9 undefined on i
nput line 241.


Underfull \hbox (badness 10000) in paragraph at lines 241--242
[]\OT1/ptm/m/n/10 Finally, to ad-dress the Text-to-3D prob-lem, a
 []


Underfull \hbox (badness 1616) in paragraph at lines 241--242
\OT1/ptm/m/n/10 pre-lim-i-nary model would be re-quired to gen-er-ate the
 []


Underfull \hbox (badness 10000) in paragraph at lines 241--242

 []


LaTeX Warning: Citation 'tang2024lgm' on page 9 undefined on input line 245.


Underfull \hbox (badness 10000) in paragraph at lines 245--246
 \OT1/ptm/m/it/10 2) Large Mul-ti-view Gaus-sian Model: [][][] \OT1/ptm/m/n/10 
The Large
 []


Underfull \hbox (badness 10000) in paragraph at lines 245--246

 []


Underfull \hbox (badness 10000) in paragraph at lines 249--250

 []


Underfull \hbox (badness 10000) in paragraph at lines 252--253

 []

<LGM_comparison.png, id=176, 420.3705pt x 316.7835pt>
File: LGM_comparison.png Graphic file (type png)
<use LGM_comparison.png>
Package pdftex.def Info: LGM_comparison.png  used on input line 258.
(pdftex.def)             Requested size: 250.24199pt x 188.57794pt.

Overfull \hbox (6.0pt too wide) in paragraph at lines 258--259
 [][] 
 []



[9 <./example_shape.png>]

LaTeX Warning: Citation 'li2023medshapenet' on page 10 undefined on input line 
265.

<Ejemplos_Data.png, id=186, 257.2812pt x 454.8192pt>
File: Ejemplos_Data.png Graphic file (type png)
<use Ejemplos_Data.png>
Package pdftex.def Info: Ejemplos_Data.png  used on input line 269.
(pdftex.def)             Requested size: 195.18845pt x 345.06934pt.

LaTeX Warning: Citation 'li2023medshapenet' on page 10 undefined on input line 
270.


LaTeX Warning: Citation 'li2023medshapenet' on page 10 undefined on input line 
270.


LaTeX Warning: `h' float specifier changed to `ht'.


Underfull \hbox (badness 10000) in paragraph at lines 274--276

 []


Underfull \hbox (badness 1675) in paragraph at lines 277--279
[]\OT1/ptm/m/n/10 The 3D fig-ures are stored in stan-dard for-mats for
 []


Underfull \hbox (badness 10000) in paragraph at lines 277--279

 []

<cerebros.png, id=188, 974.64125pt x 382.42876pt>
File: cerebros.png Graphic file (type png)
<use cerebros.png>
Package pdftex.def Info: cerebros.png  used on input line 284.
(pdftex.def)             Requested size: 225.21626pt x 88.37106pt.




[10 <./LGM_comparison.png> <./Ejemplos_Data.png> <./cerebros.png>]
<cat_distrib.png, id=201, 491.79735pt x 212.4738pt>
File: cat_distrib.png Graphic file (type png)
<use cat_distrib.png>
Package pdftex.def Info: cat_distrib.png  used on input line 293.
(pdftex.def)             Requested size: 225.21626pt x 97.30144pt.
<ejemplos_categorias.png, id=202, 1135.24126pt x 669.50125pt>
File: ejemplos_categorias.png Graphic file (type png)
<use ejemplos_categorias.png>
Package pdftex.def Info: ejemplos_categorias.png  used on input line 300.
(pdftex.def)             Requested size: 225.21626pt x 132.815pt.

Underfull \hbox (badness 10000) in paragraph at lines 320--321

 []




LaTeX Warning: Citation 'objaverse' on page 11 undefined on input line 322.


Underfull \hbox (badness 2932) in paragraph at lines 322--323
\OT1/ptm/m/n/10 along with their cor-re-spond-ing an-no-ta-tions (prompts).
 []


Underfull \hbox (badness 10000) in paragraph at lines 322--323

 []


LaTeX Warning: Citation 'Apose' on page 11 undefined on input line 331.


LaTeX Warning: Citation 'open3d' on page 11 undefined on input line 331.



[11 <./cat_distrib.png> <./ejemplos_categorias.png>]
Underfull \hbox (badness 10000) in paragraph at lines 343--344
[]\OT1/ptm/m/n/10 The fine-tuned model was eval-u-ated us-ing two
 []


Underfull \hbox (badness 10000) in paragraph at lines 343--344

 []


Underfull \hbox (badness 1478) in paragraph at lines 349--350
[]\OT1/ptm/m/n/10 The de-ploy-ment was car-ried out us-ing Stream-lit, a
 []


Underfull \hbox (badness 10000) in paragraph at lines 349--350

 []


Underfull \hbox (badness 10000) in paragraph at lines 351--352

 []




Underfull \hbox (badness 2469) in paragraph at lines 358--359
[]\OT1/ptm/m/n/10 During the 25 epochs of fine-tuning, a sig-nif-i-cant
 []


Underfull \hbox (badness 10000) in paragraph at lines 358--359

 []

<loss.png, id=222, 504.4446pt x 337.13956pt>
File: loss.png Graphic file (type png)
<use loss.png>
Package pdftex.def Info: loss.png  used on input line 362.
(pdftex.def)             Requested size: 200.19054pt x 133.79369pt.
<Evolution.png, id=224, 584.78474pt x 181.27725pt>
File: Evolution.png Graphic file (type png)
<use Evolution.png>
Package pdftex.def Info: Evolution.png  used on input line 371.
(pdftex.def)             Requested size: 225.21626pt x 69.8127pt.

Underfull \hbox (badness 1960) in paragraph at lines 378--379
[]\OT1/ptm/m/n/10 For the quan-ti-ta-tive eval-u-a-tion, we used the Mean
 []


Underfull \hbox (badness 10000) in paragraph at lines 378--379

 []



[12 <./loss.png> <./Evolution.png>]
Underfull \hbox (badness 10000) in paragraph at lines 401--402

 []

<Comparison.png, id=236, 484.81125pt x 289.68225pt>
File: Comparison.png Graphic file (type png)
<use Comparison.png>
Package pdftex.def Info: Comparison.png  used on input line 407.
(pdftex.def)             Requested size: 225.21626pt x 134.57266pt.



Underfull \hbox (badness 1845) in paragraph at lines 416--417
[]\OT1/ptm/m/n/10 To achieve this, we em-ployed Ope-nAI's Shap-e, a
 []


Underfull \hbox (badness 10000) in paragraph at lines 416--417

 []


LaTeX Warning: Empty bibliography on input line 420.



[13 <./Comparison.png>] (./main.aux)
 ***********
LaTeX2e <2024-11-01> patch level 2
L3 programming layer <2025-01-18>
 ***********


LaTeX Warning: There were undefined references.

Package rerunfilecheck Info: File `main.out' has not changed.
(rerunfilecheck)             Checksum: E05252C38389F72F2E8E38CDB8334C91;3283.

Package biblatex Warning: Please (re)run Biber on the file:
(biblatex)                main
(biblatex)                and rerun LaTeX afterwards.

Package logreq Info: Writing requests to 'main.run.xml'.
\openout1 = `main.run.xml'.

 ) 
Here is how much of TeX's memory you used:
 21820 strings out of 473190
 382646 string characters out of 5719980
 1251796 words of memory out of 5000000
 44767 multiletter control sequences out of 15000+600000
 602770 words of font info for 127 fonts, out of 8000000 for 9000
 1141 hyphenation exceptions out of 8191
 75i,13n,81p,2139b,1747s stack positions out of 10000i,1000n,20000p,200000b,200000s
<d:/texlive/2025/texmf-dist/fonts/type1/public/amsfonts/cm/cmbx10.pfb><d:/tex
live/2025/texmf-dist/fonts/type1/public/amsfonts/cm/cmex10.pfb><d:/texlive/2025
/texmf-dist/fonts/type1/public/amsfonts/cm/cmmi10.pfb><d:/texlive/2025/texmf-di
st/fonts/type1/public/amsfonts/cm/cmmi7.pfb><d:/texlive/2025/texmf-dist/fonts/t
ype1/public/amsfonts/cm/cmmi8.pfb><d:/texlive/2025/texmf-dist/fonts/type1/publi
c/amsfonts/cm/cmr10.pfb><d:/texlive/2025/texmf-dist/fonts/type1/public/amsfonts
/cm/cmr5.pfb><d:/texlive/2025/texmf-dist/fonts/type1/public/amsfonts/cm/cmr7.pf
b><d:/texlive/2025/texmf-dist/fonts/type1/public/amsfonts/cm/cmsy10.pfb><d:/tex
live/2025/texmf-dist/fonts/type1/public/amsfonts/cm/cmsy7.pfb><d:/texlive/2025/
texmf-dist/fonts/type1/public/amsfonts/cm/cmsy8.pfb><d:/texlive/2025/texmf-dist
/fonts/type1/public/amsfonts/symbols/msbm10.pfb><d:/texlive/2025/texmf-dist/fon
ts/type1/urw/times/utmb8a.pfb><d:/texlive/2025/texmf-dist/fonts/type1/urw/times
/utmbi8a.pfb><d:/texlive/2025/texmf-dist/fonts/type1/urw/times/utmr8a.pfb><d:/t
exlive/2025/texmf-dist/fonts/type1/urw/times/utmri8a.pfb>
Output written on main.pdf (13 pages, 3855714 bytes).
PDF statistics:
 330 PDF objects out of 1000 (max. 8388607)
 256 compressed objects within 3 object streams
 62 named destinations out of 1000 (max. 500000)
 253 words of extra memory for PDF output out of 10000 (max. 10000000)

