This is pdfTeX, Version 3.141592653-2.6-1.40.27 (TeX Live 2025) (preloaded format=pdflatex 2026.2.7)  25 AUG 2026 15:43
entering extended mode
 restricted \write18 enabled.
 %&-line parsing enabled.
**neurips_2025.tex
(./neurips_2025.tex
LaTeX2e <2024-11-01> patch level 2
L3 programming layer <2025-01-18>
(d:/texlive/2025/texmf-dist/tex/latex/base/article.cls
Document Class: article 2024/06/29 v1.4n Standard LaTeX document class
(d:/texlive/2025/texmf-dist/tex/latex/base/size10.clo
File: size10.clo 2024/06/29 v1.4n Standard LaTeX file (size option)
)
\c@part=\count196
\c@section=\count197
\c@subsection=\count198
\c@subsubsection=\count199
\c@paragraph=\count266
\c@subparagraph=\count267
\c@figure=\count268
\c@table=\count269
\abovecaptionskip=\skip49
\belowcaptionskip=\skip50
\bibindent=\dimen141
) (./neurips_2025.sty
Package: neurips_2025 2025/04/02 NeurIPS 2025 submission/camera-ready style fil
e

(d:/texlive/2025/texmf-dist/tex/latex/environ/environ.sty
Package: environ 2014/05/04 v0.3 A new way to define environments

(d:/texlive/2025/texmf-dist/tex/latex/trimspaces/trimspaces.sty
Package: trimspaces 2009/09/17 v1.1 Trim spaces around a token list
)
\@envbody=\toks17
)
(d:/texlive/2025/texmf-dist/tex/latex/natbib/natbib.sty
Package: natbib 2010/09/13 8.31b (PWD, AO)
\bibhang=\skip51
\bibsep=\skip52
LaTeX Info: Redefining \cite on input line 694.
\c@NAT@ctr=\count270
)
(d:/texlive/2025/texmf-dist/tex/latex/geometry/geometry.sty
Package: geometry 2020/01/02 v5.9 Page Geometry

(d:/texlive/2025/texmf-dist/tex/latex/graphics/keyval.sty
Package: keyval 2022/05/29 v1.15 key=value parser (DPC)
\KV@toks@=\toks18
)
(d:/texlive/2025/texmf-dist/tex/generic/iftex/ifvtex.sty
Package: ifvtex 2019/10/25 v1.7 ifvtex legacy package. Use iftex instead.

(d:/texlive/2025/texmf-dist/tex/generic/iftex/iftex.sty
Package: iftex 2024/12/12 v1.0g TeX engine tests
))
\Gm@cnth=\count271
\Gm@cntv=\count272
\c@Gm@tempcnt=\count273
\Gm@bindingoffset=\dimen142
\Gm@wd@mp=\dimen143
\Gm@odd@mp=\dimen144
\Gm@even@mp=\dimen145
\Gm@layoutwidth=\dimen146
\Gm@layoutheight=\dimen147
\Gm@layouthoffset=\dimen148
\Gm@layoutvoffset=\dimen149
\Gm@dimlist=\toks19
)
\@neuripsabovecaptionskip=\skip53
\@neuripsbelowcaptionskip=\skip54
)
(d:/texlive/2025/texmf-dist/tex/latex/base/inputenc.sty
Package: inputenc 2024/02/08 v1.3d Input encoding file
\inpenc@prehook=\toks20
\inpenc@posthook=\toks21
)
(d:/texlive/2025/texmf-dist/tex/latex/base/fontenc.sty
Package: fontenc 2021/04/29 v2.0v Standard LaTeX package
LaTeX Font Info:    Trying to load font information for T1+ptm on input line 11
6.

(d:/texlive/2025/texmf-dist/tex/latex/psnfss/t1ptm.fd
File: t1ptm.fd 2001/06/04 font definitions for T1/ptm.
))
(d:/texlive/2025/texmf-dist/tex/latex/xcolor/xcolor.sty
Package: xcolor 2024/09/29 v3.02 LaTeX color extensions (UK)

(d:/texlive/2025/texmf-dist/tex/latex/graphics-cfg/color.cfg
File: color.cfg 2016/01/02 v1.6 sample color configuration
)
Package xcolor Info: Driver file: pdftex.def on input line 274.

(d:/texlive/2025/texmf-dist/tex/latex/graphics-def/pdftex.def
File: pdftex.def 2024/04/13 v1.2c Graphics/color driver for pdftex
)
(d:/texlive/2025/texmf-dist/tex/latex/graphics/mathcolor.ltx)
Package xcolor Info: Model `cmy' substituted by `cmy0' on input line 1349.
Package xcolor Info: Model `hsb' substituted by `rgb' on input line 1353.
Package xcolor Info: Model `RGB' extended on input line 1365.
Package xcolor Info: Model `HTML' substituted by `rgb' on input line 1367.
Package xcolor Info: Model `Hsb' substituted by `hsb' on input line 1368.
Package xcolor Info: Model `tHsb' substituted by `hsb' on input line 1369.
Package xcolor Info: Model `HSB' substituted by `hsb' on input line 1370.
Package xcolor Info: Model `Gray' substituted by `gray' on input line 1371.
Package xcolor Info: Model `wave' substituted by `hsb' on input line 1372.
)
(d:/texlive/2025/texmf-dist/tex/latex/colortbl/colortbl.sty
Package: colortbl 2024/07/06 v1.0i Color table columns (DPC)

(d:/texlive/2025/texmf-dist/tex/latex/tools/array.sty
Package: array 2024/10/17 v2.6g Tabular extension package (FMi)
\col@sep=\dimen150
\ar@mcellbox=\box52
\extrarowheight=\dimen151
\NC@list=\toks22
\extratabsurround=\skip55
\backup@length=\skip56
\ar@cellbox=\box53
)
\everycr=\toks23
\minrowclearance=\skip57
\rownum=\count274
)
(d:/texlive/2025/texmf-dist/tex/latex/float/float.sty
Package: float 2001/11/08 v1.3d Float enhancements (AL)
\c@float@type=\count275
\float@exts=\toks24
\float@box=\box54
\@float@everytoks=\toks25
\@floatcapt=\box55
)
(d:/texlive/2025/texmf-dist/tex/latex/hyperref/hyperref.sty
Package: hyperref 2024-11-05 v7.01l Hypertext links for LaTeX

(d:/texlive/2025/texmf-dist/tex/latex/kvsetkeys/kvsetkeys.sty
Package: kvsetkeys 2022-10-05 v1.19 Key value parser (HO)
)
(d:/texlive/2025/texmf-dist/tex/generic/kvdefinekeys/kvdefinekeys.sty
Package: kvdefinekeys 2019-12-19 v1.6 Define keys (HO)
)
(d:/texlive/2025/texmf-dist/tex/generic/pdfescape/pdfescape.sty
Package: pdfescape 2019/12/09 v1.15 Implements pdfTeX's escape features (HO)

(d:/texlive/2025/texmf-dist/tex/generic/ltxcmds/ltxcmds.sty
Package: ltxcmds 2023-12-04 v1.26 LaTeX kernel commands for general use (HO)
)
(d:/texlive/2025/texmf-dist/tex/generic/pdftexcmds/pdftexcmds.sty
Package: pdftexcmds 2020-06-27 v0.33 Utility functions of pdfTeX for LuaTeX (HO
)

(d:/texlive/2025/texmf-dist/tex/generic/infwarerr/infwarerr.sty
Package: infwarerr 2019/12/03 v1.5 Providing info/warning/error messages (HO)
)
Package pdftexcmds Info: \pdf@primitive is available.
Package pdftexcmds Info: \pdf@ifprimitive is available.
Package pdftexcmds Info: \pdfdraftmode found.
))
(d:/texlive/2025/texmf-dist/tex/latex/hycolor/hycolor.sty
Package: hycolor 2020-01-27 v1.10 Color options for hyperref/bookmark (HO)
)
(d:/texlive/2025/texmf-dist/tex/latex/hyperref/nameref.sty
Package: nameref 2023-11-26 v2.56 Cross-referencing by name of section

(d:/texlive/2025/texmf-dist/tex/latex/refcount/refcount.sty
Package: refcount 2019/12/15 v3.6 Data extraction from label references (HO)
)
(d:/texlive/2025/texmf-dist/tex/generic/gettitlestring/gettitlestring.sty
Package: gettitlestring 2019/12/15 v1.6 Cleanup title references (HO)

(d:/texlive/2025/texmf-dist/tex/latex/kvoptions/kvoptions.sty
Package: kvoptions 2022-06-15 v3.15 Key value format for package options (HO)
))
\c@section@level=\count276
)
(d:/texlive/2025/texmf-dist/tex/latex/etoolbox/etoolbox.sty
Package: etoolbox 2025/02/11 v2.5l e-TeX tools for LaTeX (JAW)
\etb@tempcnta=\count277
)
(d:/texlive/2025/texmf-dist/tex/generic/stringenc/stringenc.sty
Package: stringenc 2019/11/29 v1.12 Convert strings between diff. encodings (HO
)
)
\@linkdim=\dimen152
\Hy@linkcounter=\count278
\Hy@pagecounter=\count279

(d:/texlive/2025/texmf-dist/tex/latex/hyperref/pd1enc.def
File: pd1enc.def 2024-11-05 v7.01l Hyperref: PDFDocEncoding definition (HO)
Now handling font encoding PD1 ...
... no UTF-8 mapping file for font encoding PD1
)
(d:/texlive/2025/texmf-dist/tex/generic/intcalc/intcalc.sty
Package: intcalc 2019/12/15 v1.3 Expandable calculations with integers (HO)
)
\Hy@SavedSpaceFactor=\count280

(d:/texlive/2025/texmf-dist/tex/latex/hyperref/puenc.def
File: puenc.def 2024-11-05 v7.01l Hyperref: PDF Unicode definition (HO)
Now handling font encoding PU ...
... no UTF-8 mapping file for font encoding PU
)
Package hyperref Info: Hyper figures OFF on input line 4157.
Package hyperref Info: Link nesting OFF on input line 4162.
Package hyperref Info: Hyper index ON on input line 4165.
Package hyperref Info: Plain pages OFF on input line 4172.
Package hyperref Info: Backreferencing OFF on input line 4177.
Package hyperref Info: Implicit mode ON; LaTeX internals redefined.
Package hyperref Info: Bookmarks ON on input line 4424.
\c@Hy@tempcnt=\count281

(d:/texlive/2025/texmf-dist/tex/latex/url/url.sty
\Urlmuskip=\muskip17
Package: url 2013/09/16  ver 3.4  Verb mode for urls, etc.
)
LaTeX Info: Redefining \url on input line 4763.
\XeTeXLinkMargin=\dimen153

(d:/texlive/2025/texmf-dist/tex/generic/bitset/bitset.sty
Package: bitset 2019/12/09 v1.3 Handle bit-vector datatype (HO)

(d:/texlive/2025/texmf-dist/tex/generic/bigintcalc/bigintcalc.sty
Package: bigintcalc 2019/12/15 v1.5 Expandable calculations on big integers (HO
)
))
\Fld@menulength=\count282
\Field@Width=\dimen154
\Fld@charsize=\dimen155
Package hyperref Info: Hyper figures OFF on input line 6042.
Package hyperref Info: Link nesting OFF on input line 6047.
Package hyperref Info: Hyper index ON on input line 6050.
Package hyperref Info: backreferencing OFF on input line 6057.
Package hyperref Info: Link coloring OFF on input line 6062.
Package hyperref Info: Link coloring with OCG OFF on input line 6067.
Package hyperref Info: PDF/A mode OFF on input line 6072.

(d:/texlive/2025/texmf-dist/tex/latex/base/atbegshi-ltx.sty
Package: atbegshi-ltx 2021/01/10 v1.0c Emulation of the original atbegshi
package with kernel methods
)
\Hy@abspage=\count283
\c@Item=\count284
\c@Hfootnote=\count285
)
Package hyperref Info: Driver (autodetected): hpdftex.

(d:/texlive/2025/texmf-dist/tex/latex/hyperref/hpdftex.def
File: hpdftex.def 2024-11-05 v7.01l Hyperref driver for pdfTeX

(d:/texlive/2025/texmf-dist/tex/latex/base/atveryend-ltx.sty
Package: atveryend-ltx 2020/08/19 v1.0a Emulation of the original atveryend pac
kage
with kernel methods
)
\Fld@listcount=\count286
\c@bookmark@seq@number=\count287

(d:/texlive/2025/texmf-dist/tex/latex/rerunfilecheck/rerunfilecheck.sty
Package: rerunfilecheck 2022-07-10 v1.10 Rerun checks for auxiliary files (HO)

(d:/texlive/2025/texmf-dist/tex/generic/uniquecounter/uniquecounter.sty
Package: uniquecounter 2019/12/15 v1.4 Provide unlimited unique counter (HO)
)
Package uniquecounter Info: New unique counter `rerunfilecheck' on input line 2
85.
)
\Hy@SectionHShift=\skip58
)
Package hyperref Info: Option `colorlinks' set `true' on input line 41.

(d:/texlive/2025/texmf-dist/tex/latex/booktabs/booktabs.sty
Package: booktabs 2020/01/12 v1.61803398 Publication quality tables
\heavyrulewidth=\dimen156
\lightrulewidth=\dimen157
\cmidrulewidth=\dimen158
\belowrulesep=\dimen159
\belowbottomsep=\dimen160
\aboverulesep=\dimen161
\abovetopsep=\dimen162
\cmidrulesep=\dimen163
\cmidrulekern=\dimen164
\defaultaddspace=\dimen165
\@cmidla=\count288
\@cmidlb=\count289
\@aboverulesep=\dimen166
\@belowrulesep=\dimen167
\@thisruleclass=\count290
\@lastruleclass=\count291
\@thisrulewidth=\dimen168
)
(d:/texlive/2025/texmf-dist/tex/latex/algorithms/algorithm.sty
Package: algorithm 2009/08/24 v0.1 Document Style `algorithm' - floating enviro
nment

(d:/texlive/2025/texmf-dist/tex/latex/base/ifthen.sty
Package: ifthen 2024/03/16 v1.1e Standard LaTeX ifthen package (DPC)
)
\@float@every@algorithm=\toks26
\c@algorithm=\count292
)
(d:/texlive/2025/texmf-dist/tex/latex/algorithmicx/algpseudocode.sty
Package: algpseudocode 

(d:/texlive/2025/texmf-dist/tex/latex/algorithmicx/algorithmicx.sty
Package: algorithmicx 2005/04/27 v1.2 Algorithmicx

Document Style algorithmicx 1.2 - a greatly improved `algorithmic' style
\c@ALG@line=\count293
\c@ALG@rem=\count294
\c@ALG@nested=\count295
\ALG@tlm=\skip59
\ALG@thistlm=\skip60
\c@ALG@Lnr=\count296
\c@ALG@blocknr=\count297
\c@ALG@storecount=\count298
\c@ALG@tmpcounter=\count299
\ALG@tmplength=\skip61
)
Document Style - pseudocode environments for use with the `algorithmicx' style
) (d:/texlive/2025/texmf-dist/tex/latex/amsfonts/amsfonts.sty
Package: amsfonts 2013/01/14 v3.01 Basic AMSFonts support
\@emptytoks=\toks27
\symAMSa=\mathgroup4
\symAMSb=\mathgroup5
LaTeX Font Info:    Redeclaring math symbol \hbar on input line 98.
LaTeX Font Info:    Overwriting math alphabet `\mathfrak' in version `bold'
(Font)                  U/euf/m/n --> U/euf/b/n on input line 106.
)
(d:/texlive/2025/texmf-dist/tex/latex/units/nicefrac.sty
Package: nicefrac 1998/08/04 v0.9b Nice fractions
\L@UnitsRaiseDisplaystyle=\skip62
\L@UnitsRaiseTextstyle=\skip63
\L@UnitsRaiseScriptstyle=\skip64
)
(d:/texlive/2025/texmf-dist/tex/latex/microtype/microtype.sty
Package: microtype 2025/02/11 v3.2a Micro-typographical refinements (RS)
\MT@toks=\toks28
\MT@tempbox=\box56
\MT@count=\count300
LaTeX Info: Redefining \noprotrusionifhmode on input line 1087.
LaTeX Info: Redefining \leftprotrusion on input line 1088.
\MT@prot@toks=\toks29
LaTeX Info: Redefining \rightprotrusion on input line 1107.
LaTeX Info: Redefining \textls on input line 1449.
\MT@outer@kern=\dimen169
LaTeX Info: Redefining \microtypecontext on input line 2053.
LaTeX Info: Redefining \textmicrotypecontext on input line 2070.
\MT@listname@count=\count301

(d:/texlive/2025/texmf-dist/tex/latex/microtype/microtype-pdftex.def
File: microtype-pdftex.def 2025/02/11 v3.2a Definitions specific to pdftex (RS)

LaTeX Info: Redefining \lsstyle on input line 944.
LaTeX Info: Redefining \lslig on input line 944.
\MT@outer@space=\skip65
)
Package microtype Info: Loading configuration file microtype.cfg.

(d:/texlive/2025/texmf-dist/tex/latex/microtype/microtype.cfg
File: microtype.cfg 2025/02/11 v3.2a microtype main configuration file (RS)
)
LaTeX Info: Redefining \microtypesetup on input line 3065.
)
(d:/texlive/2025/texmf-dist/tex/latex/amsmath/amsmath.sty
Package: amsmath 2024/11/05 v2.17t AMS math features
\@mathmargin=\skip66

For additional information on amsmath, use the `?' option.
(d:/texlive/2025/texmf-dist/tex/latex/amsmath/amstext.sty
Package: amstext 2021/08/26 v2.01 AMS text

(d:/texlive/2025/texmf-dist/tex/latex/amsmath/amsgen.sty
File: amsgen.sty 1999/11/30 v2.0 generic functions
\@emptytoks=\toks30
\ex@=\dimen170
))
(d:/texlive/2025/texmf-dist/tex/latex/amsmath/amsbsy.sty
Package: amsbsy 1999/11/29 v1.2d Bold Symbols
\pmbraise@=\dimen171
)
(d:/texlive/2025/texmf-dist/tex/latex/amsmath/amsopn.sty
Package: amsopn 2022/04/08 v2.04 operator names
)
\inf@bad=\count302
LaTeX Info: Redefining \frac on input line 233.
\uproot@=\count303
\leftroot@=\count304
LaTeX Info: Redefining \overline on input line 398.
LaTeX Info: Redefining \colon on input line 409.
\classnum@=\count305
\DOTSCASE@=\count306
LaTeX Info: Redefining \ldots on input line 495.
LaTeX Info: Redefining \dots on input line 498.
LaTeX Info: Redefining \cdots on input line 619.
\Mathstrutbox@=\box57
\strutbox@=\box58
LaTeX Info: Redefining \big on input line 721.
LaTeX Info: Redefining \Big on input line 722.
LaTeX Info: Redefining \bigg on input line 723.
LaTeX Info: Redefining \Bigg on input line 724.
\big@size=\dimen172
LaTeX Font Info:    Redeclaring font encoding OML on input line 742.
LaTeX Font Info:    Redeclaring font encoding OMS on input line 743.
\macc@depth=\count307
LaTeX Info: Redefining \bmod on input line 904.
LaTeX Info: Redefining \pmod on input line 909.
LaTeX Info: Redefining \smash on input line 939.
LaTeX Info: Redefining \relbar on input line 969.
LaTeX Info: Redefining \Relbar on input line 970.
\c@MaxMatrixCols=\count308
\dotsspace@=\muskip18
\c@parentequation=\count309
\dspbrk@lvl=\count310
\tag@help=\toks31
\row@=\count311
\column@=\count312
\maxfields@=\count313
\andhelp@=\toks32
\eqnshift@=\dimen173
\alignsep@=\dimen174
\tagshift@=\dimen175
\tagwidth@=\dimen176
\totwidth@=\dimen177
\lineht@=\dimen178
\@envbody=\toks33
\multlinegap=\skip67
\multlinetaggap=\skip68
\mathdisplay@stack=\toks34
LaTeX Info: Redefining \[ on input line 2953.
LaTeX Info: Redefining \] on input line 2954.
)
(d:/texlive/2025/texmf-dist/tex/latex/tools/bm.sty
Package: bm 2023/12/19 v1.2f Bold Symbol Support (DPC/FMi)
\symboldoperators=\mathgroup6
\symboldletters=\mathgroup7
\symboldsymbols=\mathgroup8
Package bm Info: No bold for \OMX/cmex/m/n, using \pmb.
Package bm Info: No bold for \U/msa/m/n, using \pmb.
Package bm Info: No bold for \U/msb/m/n, using \pmb.
LaTeX Font Info:    Redeclaring math alphabet \mathbf on input line 149.
)
(d:/texlive/2025/texmf-dist/tex/latex/amsfonts/amssymb.sty
Package: amssymb 2013/01/14 v3.01 AMS font symbols
)
(d:/texlive/2025/texmf-dist/tex/latex/tools/tabularx.sty
Package: tabularx 2023/12/11 v2.12a `tabularx' package (DPC)
\TX@col@width=\dimen179
\TX@old@table=\dimen180
\TX@old@col=\dimen181
\TX@target=\dimen182
\TX@delta=\dimen183
\TX@cols=\count314
\TX@ftn=\toks35
)
(d:/texlive/2025/texmf-dist/tex/latex/multirow/multirow.sty
Package: multirow 2024/11/12 v2.9 Span multiple rows of a table
\multirow@colwidth=\skip69
\multirow@cntb=\count315
\multirow@dima=\skip70
\bigstrutjot=\dimen184
)
(d:/texlive/2025/texmf-dist/tex/latex/psnfss/times.sty
Package: times 2020/03/25 PSNFSS-v9.3 (SPQR) 
)
(d:/texlive/2025/texmf-dist/tex/latex/graphics/epsfig.sty
Package: epsfig 2024/01/14 v1.7b (e)psfig emulation (SPQR)

(d:/texlive/2025/texmf-dist/tex/latex/graphics/graphicx.sty
Package: graphicx 2021/09/16 v1.2d Enhanced LaTeX Graphics (DPC,SPQR)

(d:/texlive/2025/texmf-dist/tex/latex/graphics/graphics.sty
Package: graphics 2024/08/06 v1.4g Standard LaTeX Graphics (DPC,SPQR)

(d:/texlive/2025/texmf-dist/tex/latex/graphics/trig.sty
Package: trig 2023/12/02 v1.11 sin cos tan (DPC)
)
(d:/texlive/2025/texmf-dist/tex/latex/graphics-cfg/graphics.cfg
File: graphics.cfg 2016/06/04 v1.11 sample graphics configuration
)
Package graphics Info: Driver file: pdftex.def on input line 106.
)
\Gin@req@height=\dimen185
\Gin@req@width=\dimen186
)
\epsfxsize=\dimen187
\epsfysize=\dimen188
)
(d:/texlive/2025/texmf-dist/tex/latex/adjustbox/adjustbox.sty
Package: adjustbox 2025/02/26 v1.3c Adjusting TeX boxes (trim, clip, ...)

(d:/texlive/2025/texmf-dist/tex/latex/xkeyval/xkeyval.sty
Package: xkeyval 2022/06/16 v2.9 package option processing (HA)

(d:/texlive/2025/texmf-dist/tex/generic/xkeyval/xkeyval.tex
(d:/texlive/2025/texmf-dist/tex/generic/xkeyval/xkvutils.tex
\XKV@toks=\toks36
\XKV@tempa@toks=\toks37
)
\XKV@depth=\count316
File: xkeyval.tex 2014/12/03 v2.7a key=value parser (HA)
))
(d:/texlive/2025/texmf-dist/tex/latex/adjustbox/adjcalc.sty
Package: adjcalc 2012/05/16 v1.1 Provides advanced setlength with multiple back
-ends (calc, etex, pgfmath)
)
(d:/texlive/2025/texmf-dist/tex/latex/adjustbox/trimclip.sty
Package: trimclip 2025/02/21 v1.2a Trim and clip general TeX material

(d:/texlive/2025/texmf-dist/tex/latex/collectbox/collectbox.sty
Package: collectbox 2022/10/17 v0.4c Collect macro arguments as boxes
\collectedbox=\box59
)
\tc@llx=\dimen189
\tc@lly=\dimen190
\tc@urx=\dimen191
\tc@ury=\dimen192
Package trimclip Info: Using driver 'tc-pdftex.def'.

(d:/texlive/2025/texmf-dist/tex/latex/adjustbox/tc-pdftex.def
File: tc-pdftex.def 2025/02/26 v2.3 Clipping driver for pdftex
))
\adjbox@Width=\dimen193
\adjbox@Height=\dimen194
\adjbox@Depth=\dimen195
\adjbox@Totalheight=\dimen196
\adjbox@pwidth=\dimen197
\adjbox@pheight=\dimen198
\adjbox@pdepth=\dimen199
\adjbox@ptotalheight=\dimen256

(d:/texlive/2025/texmf-dist/tex/latex/ifoddpage/ifoddpage.sty
Package: ifoddpage 2022/10/18 v1.2 Conditionals for odd/even page detection
\c@checkoddpage=\count317
)
(d:/texlive/2025/texmf-dist/tex/latex/varwidth/varwidth.sty
Package: varwidth 2009/03/30 ver 0.92;  Variable-width minipages
\@vwid@box=\box60
\sift@deathcycles=\count318
\@vwid@loff=\dimen257
\@vwid@roff=\dimen258
))
(d:/texlive/2025/texmf-dist/tex/latex/tabularray/tabularray.sty
(d:/texlive/2025/texmf-dist/tex/latex/l3kernel/expl3.sty
Package: expl3 2025-01-18 L3 programming layer (loader) 

(d:/texlive/2025/texmf-dist/tex/latex/l3backend/l3backend-pdftex.def
File: l3backend-pdftex.def 2024-05-08 L3 backend support: PDF output (pdfTeX)
\l__color_backend_stack_int=\count319
\l__pdf_internal_box=\box61
))
Package: tabularray 2024-02-16 v2024A Typeset tabulars and arrays with LaTeX3
\l__tblr_a_int=\count320
\l__tblr_c_int=\count321
\l__tblr_r_int=\count322
\l__tblr_d_dim=\dimen259
\l__tblr_h_dim=\dimen260
\l__tblr_o_dim=\dimen261
\l__tblr_p_dim=\dimen262
\l__tblr_q_dim=\dimen263
\l__tblr_r_dim=\dimen264
\l__tblr_s_dim=\dimen265
\l__tblr_t_dim=\dimen266
\l__tblr_v_dim=\dimen267
\l__tblr_w_dim=\dimen268
\l__tblr_a_box=\box62
\l__tblr_b_box=\box63
\l__tblr_c_box=\box64
\l__tblr_d_box=\box65
\g__tblr_table_count_int=\count323
\c@colnum=\count324
\c@rowcount=\count325
\c@colcount=\count326
\abovesep=\dimen269
\belowsep=\dimen270
\leftsep=\dimen271
\rightsep=\dimen272
\g_tblr_level_int=\count327
\g__tblr_data_row_key_count_int=\count328
\g__tblr_data_column_key_count_int=\count329
\g__tblr_data_cell_key_count_int=\count330
\g__tblr_array_int=\count331
\l__tblr_key_count_int=\count332
\l__tblr_key_quotient_int=\count333
\l__tblr_key_quotient_two_int=\count334
\l__tblr_key_remainder_int=\count335
\g__tblr_data_str_value_count_int=\count336
\rulewidth=\dimen273
\l__tblr_strut_dp_dim=\dimen274
\l__tblr_strut_ht_dim=\dimen275
\g__tblr_cell_wd_dim=\dimen276
\g__tblr_cell_ht_dim=\dimen277
\g__tblr_cell_head_dim=\dimen278
\g__tblr_cell_foot_dim=\dimen279
\l__column_target_dim=\dimen280
\l__tblr_caption_box=\box66
\l__tblr_caption_left_box=\box67
\l__tblr_row_head_box=\box68
\l__tblr_row_foot_box=\box69
\l__tblr_row_head_foot_dim=\dimen281
\tablewidth=\dimen282
\l__tblr_table_firsthead_box=\box70
\l__tblr_table_middlehead_box=\box71
\l__tblr_table_lasthead_box=\box72
\l__tblr_table_firstfoot_box=\box73
\l__tblr_table_middlefoot_box=\box74
\l__tblr_table_lastfoot_box=\box75
\l__tblr_remain_height_dim=\dimen283
\l__tblr_long_from_int=\count337
\l__tblr_long_to_int=\count338
\l__tblr_curr_i_int=\count339
\l__tblr_prev_i_int=\count340
\l__tblr_table_page_int=\count341
\l__tblr_table_head_box=\box76
\l__tblr_table_foot_box=\box77
\l__tblr_table_head_foot_dim=\dimen284
\l__tblr_table_head_body_foot_dim=\dimen285
\l__tblr_table_box=\box78
\l__tblr_table_hlines_box=\box79
\l__tblr_hline_box=\box80
\l__tblr_row_box=\box81
\l__tblr_col_o_wd_dim=\dimen286
\l__tblr_col_b_wd_dim=\dimen287
\l__tblr_hline_leftskip_dim=\dimen288
\l__tblr_hline_rightskip_dim=\dimen289
\l__tblr_row_ht_dim=\dimen290
\l__tblr_row_dp_dim=\dimen291
\l__tblr_row_abovesep_dim=\dimen292
\l__tblr_row_belowsep_dim=\dimen293
\l__tblr_row_vlines_box=\box82
\l__tblr_vline_box=\box83
\l__tblr_cell_box=\box84
\l__row_upper_dim=\dimen294
\l__row_lower_dim=\dimen295
\l__row_vpace_dim=\dimen296
\l__tblr_vline_aboveskip_dim=\dimen297
\l__tblr_vline_belowskip_dim=\dimen298
\l__tblr_cell_wd_dim=\dimen299
\l__tblr_cell_ht_dim=\dimen300
\l__tblr_diag_box=\box85
)
(d:/texlive/2025/texmf-dist/tex/latex/tools/xspace.sty
Package: xspace 2014/10/28 v1.13 Space after command names (DPC,MH)
)
(d:/texlive/2025/texmf-dist/tex/latex/caption/caption.sty
Package: caption 2023/08/05 v3.6o Customizing captions (AR)

(d:/texlive/2025/texmf-dist/tex/latex/caption/caption3.sty
Package: caption3 2023/07/31 v2.4d caption3 kernel (AR)
\caption@tempdima=\dimen301
\captionmargin=\dimen302
\caption@leftmargin=\dimen303
\caption@rightmargin=\dimen304
\caption@width=\dimen305
\caption@indent=\dimen306
\caption@parindent=\dimen307
\caption@hangindent=\dimen308
Package caption Info: Standard document class detected.
)
\c@caption@flags=\count342
\c@continuedfloat=\count343
Package caption Info: float package is loaded.
Package caption Info: hyperref package is loaded.
)
(d:/texlive/2025/texmf-dist/tex/latex/stackengine/stackengine.sty
Package: stackengine 2021/07/22 v4.11\ Stacking text and objects in convenient 
ways

(d:/texlive/2025/texmf-dist/tex/generic/listofitems/listofitems.sty
(d:/texlive/2025/texmf-dist/tex/generic/listofitems/listofitems.tex
\loi_cnt_foreach_nest=\count344
\loi_nestcnt=\count345
)
Package: listofitems 2024/03/09 v1.65 Grab items in lists using user-specified 
sep char (CT)
)
(d:/texlive/2025/texmf-dist/tex/latex/tools/calc.sty
Package: calc 2023/07/08 v4.3 Infix arithmetic (KKT,FJ)
\calc@Acount=\count346
\calc@Bcount=\count347
\calc@Adimen=\dimen309
\calc@Bdimen=\dimen310
\calc@Askip=\skip71
\calc@Bskip=\skip72
LaTeX Info: Redefining \setlength on input line 80.
LaTeX Info: Redefining \addtolength on input line 81.
\calc@Ccount=\count348
\calc@Cskip=\skip73
)
\c@@stackindex=\count349
\@boxshift=\skip74
\stack@tmplength=\skip75
\temp@stkl=\skip76
\@stackedboxwidth=\skip77
\@addedbox=\box86
\@anchorbox=\box87
\@insetbox=\box88
\se@backgroundbox=\box89
\stackedbox=\box90
\@centerbox=\box91
\c@ROWcellindex@=\count350
)
(d:/texlive/2025/texmf-dist/tex/latex/makecell/makecell.sty
Package: makecell 2009/08/03 V0.1e Managing of Tab Column Heads and Cells
\rotheadsize=\dimen311
\c@nlinenum=\count351
\TeXr@lab=\toks38
)
(d:/texlive/2025/texmf-dist/tex/latex/utfsym/utfsym.sty
Package: utfsym 2022/04/17 Use TikZ to support icons from Unicode blocks

(d:/texlive/2025/texmf-dist/tex/latex/l3packages/l3keys2e/l3keys2e.sty
Package: l3keys2e 2024-08-16 LaTeX2e option processing using LaTeX3 keys
)
(d:/texlive/2025/texmf-dist/tex/latex/pgf/frontendlayer/tikz.sty
(d:/texlive/2025/texmf-dist/tex/latex/pgf/basiclayer/pgf.sty
(d:/texlive/2025/texmf-dist/tex/latex/pgf/utilities/pgfrcs.sty
(d:/texlive/2025/texmf-dist/tex/generic/pgf/utilities/pgfutil-common.tex
\pgfutil@everybye=\toks39
\pgfutil@tempdima=\dimen312
\pgfutil@tempdimb=\dimen313
)
(d:/texlive/2025/texmf-dist/tex/generic/pgf/utilities/pgfutil-latex.def
\pgfutil@abb=\box92
)
(d:/texlive/2025/texmf-dist/tex/generic/pgf/utilities/pgfrcs.code.tex
(d:/texlive/2025/texmf-dist/tex/generic/pgf/pgf.revision.tex)
Package: pgfrcs 2023-01-15 v3.1.10 (3.1.10)
))
Package: pgf 2023-01-15 v3.1.10 (3.1.10)

(d:/texlive/2025/texmf-dist/tex/latex/pgf/basiclayer/pgfcore.sty
(d:/texlive/2025/texmf-dist/tex/latex/pgf/systemlayer/pgfsys.sty
(d:/texlive/2025/texmf-dist/tex/generic/pgf/systemlayer/pgfsys.code.tex
Package: pgfsys 2023-01-15 v3.1.10 (3.1.10)

(d:/texlive/2025/texmf-dist/tex/generic/pgf/utilities/pgfkeys.code.tex
\pgfkeys@pathtoks=\toks40
\pgfkeys@temptoks=\toks41

(d:/texlive/2025/texmf-dist/tex/generic/pgf/utilities/pgfkeyslibraryfiltered.co
de.tex
\pgfkeys@tmptoks=\toks42
))
\pgf@x=\dimen314
\pgf@y=\dimen315
\pgf@xa=\dimen316
\pgf@ya=\dimen317
\pgf@xb=\dimen318
\pgf@yb=\dimen319
\pgf@xc=\dimen320
\pgf@yc=\dimen321
\pgf@xd=\dimen322
\pgf@yd=\dimen323
\w@pgf@writea=\write3
\r@pgf@reada=\read2
\c@pgf@counta=\count352
\c@pgf@countb=\count353
\c@pgf@countc=\count354
\c@pgf@countd=\count355
\t@pgf@toka=\toks43
\t@pgf@tokb=\toks44
\t@pgf@tokc=\toks45
\pgf@sys@id@count=\count356
 (d:/texlive/2025/texmf-dist/tex/generic/pgf/systemlayer/pgf.cfg
File: pgf.cfg 2023-01-15 v3.1.10 (3.1.10)
)
Driver file for pgf: pgfsys-pdftex.def

(d:/texlive/2025/texmf-dist/tex/generic/pgf/systemlayer/pgfsys-pdftex.def
File: pgfsys-pdftex.def 2023-01-15 v3.1.10 (3.1.10)

(d:/texlive/2025/texmf-dist/tex/generic/pgf/systemlayer/pgfsys-common-pdf.def
File: pgfsys-common-pdf.def 2023-01-15 v3.1.10 (3.1.10)
)))
(d:/texlive/2025/texmf-dist/tex/generic/pgf/systemlayer/pgfsyssoftpath.code.tex
File: pgfsyssoftpath.code.tex 2023-01-15 v3.1.10 (3.1.10)
\pgfsyssoftpath@smallbuffer@items=\count357
\pgfsyssoftpath@bigbuffer@items=\count358
)
(d:/texlive/2025/texmf-dist/tex/generic/pgf/systemlayer/pgfsysprotocol.code.tex
File: pgfsysprotocol.code.tex 2023-01-15 v3.1.10 (3.1.10)
)) (d:/texlive/2025/texmf-dist/tex/generic/pgf/basiclayer/pgfcore.code.tex
Package: pgfcore 2023-01-15 v3.1.10 (3.1.10)

(d:/texlive/2025/texmf-dist/tex/generic/pgf/math/pgfmath.code.tex
(d:/texlive/2025/texmf-dist/tex/generic/pgf/math/pgfmathutil.code.tex)
(d:/texlive/2025/texmf-dist/tex/generic/pgf/math/pgfmathparser.code.tex
\pgfmath@dimen=\dimen324
\pgfmath@count=\count359
\pgfmath@box=\box93
\pgfmath@toks=\toks46
\pgfmath@stack@operand=\toks47
\pgfmath@stack@operation=\toks48
)
(d:/texlive/2025/texmf-dist/tex/generic/pgf/math/pgfmathfunctions.code.tex)
(d:/texlive/2025/texmf-dist/tex/generic/pgf/math/pgfmathfunctions.basic.code.te
x)
(d:/texlive/2025/texmf-dist/tex/generic/pgf/math/pgfmathfunctions.trigonometric
.code.tex)
(d:/texlive/2025/texmf-dist/tex/generic/pgf/math/pgfmathfunctions.random.code.t
ex)
(d:/texlive/2025/texmf-dist/tex/generic/pgf/math/pgfmathfunctions.comparison.co
de.tex)
(d:/texlive/2025/texmf-dist/tex/generic/pgf/math/pgfmathfunctions.base.code.tex
)
(d:/texlive/2025/texmf-dist/tex/generic/pgf/math/pgfmathfunctions.round.code.te
x)
(d:/texlive/2025/texmf-dist/tex/generic/pgf/math/pgfmathfunctions.misc.code.tex
)
(d:/texlive/2025/texmf-dist/tex/generic/pgf/math/pgfmathfunctions.integerarithm
etics.code.tex)
(d:/texlive/2025/texmf-dist/tex/generic/pgf/math/pgfmathcalc.code.tex)
(d:/texlive/2025/texmf-dist/tex/generic/pgf/math/pgfmathfloat.code.tex
\c@pgfmathroundto@lastzeros=\count360
))
(d:/texlive/2025/texmf-dist/tex/generic/pgf/math/pgfint.code.tex)
(d:/texlive/2025/texmf-dist/tex/generic/pgf/basiclayer/pgfcorepoints.code.tex
File: pgfcorepoints.code.tex 2023-01-15 v3.1.10 (3.1.10)
\pgf@picminx=\dimen325
\pgf@picmaxx=\dimen326
\pgf@picminy=\dimen327
\pgf@picmaxy=\dimen328
\pgf@pathminx=\dimen329
\pgf@pathmaxx=\dimen330
\pgf@pathminy=\dimen331
\pgf@pathmaxy=\dimen332
\pgf@xx=\dimen333
\pgf@xy=\dimen334
\pgf@yx=\dimen335
\pgf@yy=\dimen336
\pgf@zx=\dimen337
\pgf@zy=\dimen338
)
(d:/texlive/2025/texmf-dist/tex/generic/pgf/basiclayer/pgfcorepathconstruct.cod
e.tex
File: pgfcorepathconstruct.code.tex 2023-01-15 v3.1.10 (3.1.10)
\pgf@path@lastx=\dimen339
\pgf@path@lasty=\dimen340
)
(d:/texlive/2025/texmf-dist/tex/generic/pgf/basiclayer/pgfcorepathusage.code.te
x
File: pgfcorepathusage.code.tex 2023-01-15 v3.1.10 (3.1.10)
\pgf@shorten@end@additional=\dimen341
\pgf@shorten@start@additional=\dimen342
)
(d:/texlive/2025/texmf-dist/tex/generic/pgf/basiclayer/pgfcorescopes.code.tex
File: pgfcorescopes.code.tex 2023-01-15 v3.1.10 (3.1.10)
\pgfpic=\box94
\pgf@hbox=\box95
\pgf@layerbox@main=\box96
\pgf@picture@serial@count=\count361
)
(d:/texlive/2025/texmf-dist/tex/generic/pgf/basiclayer/pgfcoregraphicstate.code
.tex
File: pgfcoregraphicstate.code.tex 2023-01-15 v3.1.10 (3.1.10)
\pgflinewidth=\dimen343
)
(d:/texlive/2025/texmf-dist/tex/generic/pgf/basiclayer/pgfcoretransformations.c
ode.tex
File: pgfcoretransformations.code.tex 2023-01-15 v3.1.10 (3.1.10)
\pgf@pt@x=\dimen344
\pgf@pt@y=\dimen345
\pgf@pt@temp=\dimen346
)
(d:/texlive/2025/texmf-dist/tex/generic/pgf/basiclayer/pgfcorequick.code.tex
File: pgfcorequick.code.tex 2023-01-15 v3.1.10 (3.1.10)
)
(d:/texlive/2025/texmf-dist/tex/generic/pgf/basiclayer/pgfcoreobjects.code.tex
File: pgfcoreobjects.code.tex 2023-01-15 v3.1.10 (3.1.10)
)
(d:/texlive/2025/texmf-dist/tex/generic/pgf/basiclayer/pgfcorepathprocessing.co
de.tex
File: pgfcorepathprocessing.code.tex 2023-01-15 v3.1.10 (3.1.10)
)
(d:/texlive/2025/texmf-dist/tex/generic/pgf/basiclayer/pgfcorearrows.code.tex
File: pgfcorearrows.code.tex 2023-01-15 v3.1.10 (3.1.10)
\pgfarrowsep=\dimen347
)
(d:/texlive/2025/texmf-dist/tex/generic/pgf/basiclayer/pgfcoreshade.code.tex
File: pgfcoreshade.code.tex 2023-01-15 v3.1.10 (3.1.10)
\pgf@max=\dimen348
\pgf@sys@shading@range@num=\count362
\pgf@shadingcount=\count363
)
(d:/texlive/2025/texmf-dist/tex/generic/pgf/basiclayer/pgfcoreimage.code.tex
File: pgfcoreimage.code.tex 2023-01-15 v3.1.10 (3.1.10)
)
(d:/texlive/2025/texmf-dist/tex/generic/pgf/basiclayer/pgfcoreexternal.code.tex
File: pgfcoreexternal.code.tex 2023-01-15 v3.1.10 (3.1.10)
\pgfexternal@startupbox=\box97
) (d:/texlive/2025/texmf-dist/tex/generic/pgf/basiclayer/pgfcorelayers.code.tex
File: pgfcorelayers.code.tex 2023-01-15 v3.1.10 (3.1.10)
)
(d:/texlive/2025/texmf-dist/tex/generic/pgf/basiclayer/pgfcoretransparency.code
.tex
File: pgfcoretransparency.code.tex 2023-01-15 v3.1.10 (3.1.10)
)
(d:/texlive/2025/texmf-dist/tex/generic/pgf/basiclayer/pgfcorepatterns.code.tex
File: pgfcorepatterns.code.tex 2023-01-15 v3.1.10 (3.1.10)
) (d:/texlive/2025/texmf-dist/tex/generic/pgf/basiclayer/pgfcorerdf.code.tex
File: pgfcorerdf.code.tex 2023-01-15 v3.1.10 (3.1.10)
))) (d:/texlive/2025/texmf-dist/tex/generic/pgf/modules/pgfmoduleshapes.code.te
x
File: pgfmoduleshapes.code.tex 2023-01-15 v3.1.10 (3.1.10)
\pgfnodeparttextbox=\box98
)
(d:/texlive/2025/texmf-dist/tex/generic/pgf/modules/pgfmoduleplot.code.tex
File: pgfmoduleplot.code.tex 2023-01-15 v3.1.10 (3.1.10)
)
(d:/texlive/2025/texmf-dist/tex/latex/pgf/compatibility/pgfcomp-version-0-65.st
y
Package: pgfcomp-version-0-65 2023-01-15 v3.1.10 (3.1.10)
\pgf@nodesepstart=\dimen349
\pgf@nodesepend=\dimen350
)
(d:/texlive/2025/texmf-dist/tex/latex/pgf/compatibility/pgfcomp-version-1-18.st
y
Package: pgfcomp-version-1-18 2023-01-15 v3.1.10 (3.1.10)
)) (d:/texlive/2025/texmf-dist/tex/latex/pgf/utilities/pgffor.sty
(d:/texlive/2025/texmf-dist/tex/latex/pgf/utilities/pgfkeys.sty
(d:/texlive/2025/texmf-dist/tex/generic/pgf/utilities/pgfkeys.code.tex))
(d:/texlive/2025/texmf-dist/tex/latex/pgf/math/pgfmath.sty
(d:/texlive/2025/texmf-dist/tex/generic/pgf/math/pgfmath.code.tex))
(d:/texlive/2025/texmf-dist/tex/generic/pgf/utilities/pgffor.code.tex
Package: pgffor 2023-01-15 v3.1.10 (3.1.10)
\pgffor@iter=\dimen351
\pgffor@skip=\dimen352
\pgffor@stack=\toks49
\pgffor@toks=\toks50
))
(d:/texlive/2025/texmf-dist/tex/generic/pgf/frontendlayer/tikz/tikz.code.tex
Package: tikz 2023-01-15 v3.1.10 (3.1.10)

(d:/texlive/2025/texmf-dist/tex/generic/pgf/libraries/pgflibraryplothandlers.co
de.tex
File: pgflibraryplothandlers.code.tex 2023-01-15 v3.1.10 (3.1.10)
\pgf@plot@mark@count=\count364
\pgfplotmarksize=\dimen353
)
\tikz@lastx=\dimen354
\tikz@lasty=\dimen355
\tikz@lastxsaved=\dimen356
\tikz@lastysaved=\dimen357
\tikz@lastmovetox=\dimen358
\tikz@lastmovetoy=\dimen359
\tikzleveldistance=\dimen360
\tikzsiblingdistance=\dimen361
\tikz@figbox=\box99
\tikz@figbox@bg=\box100
\tikz@tempbox=\box101
\tikz@tempbox@bg=\box102
\tikztreelevel=\count365
\tikznumberofchildren=\count366
\tikznumberofcurrentchild=\count367
\tikz@fig@count=\count368

(d:/texlive/2025/texmf-dist/tex/generic/pgf/modules/pgfmodulematrix.code.tex
File: pgfmodulematrix.code.tex 2023-01-15 v3.1.10 (3.1.10)
\pgfmatrixcurrentrow=\count369
\pgfmatrixcurrentcolumn=\count370
\pgf@matrix@numberofcolumns=\count371
)
\tikz@expandcount=\count372

(d:/texlive/2025/texmf-dist/tex/generic/pgf/frontendlayer/tikz/libraries/tikzli
brarytopaths.code.tex
File: tikzlibrarytopaths.code.tex 2023-01-15 v3.1.10 (3.1.10)
)))
   defining Unicode char U+1F000 (decimal 126976)
   defining Unicode char U+1F001 (decimal 126977)
   defining Unicode char U+1F002 (decimal 126978)
   defining Unicode char U+1F003 (decimal 126979)
   defining Unicode char U+1F004 (decimal 126980)
   defining Unicode char U+1F005 (decimal 126981)
   defining Unicode char U+1F006 (decimal 126982)
   defining Unicode char U+1F007 (decimal 126983)
   defining Unicode char U+1F008 (decimal 126984)
   defining Unicode char U+1F009 (decimal 126985)
   defining Unicode char U+1F00A (decimal 126986)
   defining Unicode char U+1F00B (decimal 126987)
   defining Unicode char U+1F00C (decimal 126988)
   defining Unicode char U+1F00D (decimal 126989)
   defining Unicode char U+1F00E (decimal 126990)
   defining Unicode char U+1F00F (decimal 126991)
   defining Unicode char U+1F010 (decimal 126992)
   defining Unicode char U+1F011 (decimal 126993)
   defining Unicode char U+1F012 (decimal 126994)
   defining Unicode char U+1F013 (decimal 126995)
   defining Unicode char U+1F014 (decimal 126996)
   defining Unicode char U+1F015 (decimal 126997)
   defining Unicode char U+1F016 (decimal 126998)
   defining Unicode char U+1F017 (decimal 126999)
   defining Unicode char U+1F018 (decimal 127000)
   defining Unicode char U+1F019 (decimal 127001)
   defining Unicode char U+1F01A (decimal 127002)
   defining Unicode char U+1F01B (decimal 127003)
   defining Unicode char U+1F01C (decimal 127004)
   defining Unicode char U+1F01D (decimal 127005)
   defining Unicode char U+1F01E (decimal 127006)
   defining Unicode char U+1F01F (decimal 127007)
   defining Unicode char U+1F020 (decimal 127008)
   defining Unicode char U+1F021 (decimal 127009)
   defining Unicode char U+1F022 (decimal 127010)
   defining Unicode char U+1F023 (decimal 127011)
   defining Unicode char U+1F024 (decimal 127012)
   defining Unicode char U+1F025 (decimal 127013)
   defining Unicode char U+1F026 (decimal 127014)
   defining Unicode char U+1F027 (decimal 127015)
   defining Unicode char U+1F028 (decimal 127016)
   defining Unicode char U+1F029 (decimal 127017)
   defining Unicode char U+1F02A (decimal 127018)
   defining Unicode char U+1F02B (decimal 127019)
   defining Unicode char U+1F02C (decimal 127020)
   defining Unicode char U+1F02D (decimal 127021)
   defining Unicode char U+1F02E (decimal 127022)
   defining Unicode char U+1F02F (decimal 127023)
   defining Unicode char U+1F030 (decimal 127024)
   defining Unicode char U+1F031 (decimal 127025)
   defining Unicode char U+1F032 (decimal 127026)
   defining Unicode char U+1F033 (decimal 127027)
   defining Unicode char U+1F034 (decimal 127028)
   defining Unicode char U+1F035 (decimal 127029)
   defining Unicode char U+1F036 (decimal 127030)
   defining Unicode char U+1F037 (decimal 127031)
   defining Unicode char U+1F038 (decimal 127032)
   defining Unicode char U+1F039 (decimal 127033)
   defining Unicode char U+1F03A (decimal 127034)
   defining Unicode char U+1F03B (decimal 127035)
   defining Unicode char U+1F03C (decimal 127036)
   defining Unicode char U+1F03D (decimal 127037)
   defining Unicode char U+1F03E (decimal 127038)
   defining Unicode char U+1F03F (decimal 127039)
   defining Unicode char U+1F040 (decimal 127040)
   defining Unicode char U+1F041 (decimal 127041)
   defining Unicode char U+1F042 (decimal 127042)
   defining Unicode char U+1F043 (decimal 127043)
   defining Unicode char U+1F044 (decimal 127044)
   defining Unicode char U+1F045 (decimal 127045)
   defining Unicode char U+1F046 (decimal 127046)
   defining Unicode char U+1F047 (decimal 127047)
   defining Unicode char U+1F048 (decimal 127048)
   defining Unicode char U+1F049 (decimal 127049)
   defining Unicode char U+1F04A (decimal 127050)
   defining Unicode char U+1F04B (decimal 127051)
   defining Unicode char U+1F04C (decimal 127052)
   defining Unicode char U+1F04D (decimal 127053)
   defining Unicode char U+1F04E (decimal 127054)
   defining Unicode char U+1F04F (decimal 127055)
   defining Unicode char U+1F050 (decimal 127056)
   defining Unicode char U+1F051 (decimal 127057)
   defining Unicode char U+1F052 (decimal 127058)
   defining Unicode char U+1F053 (decimal 127059)
   defining Unicode char U+1F054 (decimal 127060)
   defining Unicode char U+1F055 (decimal 127061)
   defining Unicode char U+1F056 (decimal 127062)
   defining Unicode char U+1F057 (decimal 127063)
   defining Unicode char U+1F058 (decimal 127064)
   defining Unicode char U+1F059 (decimal 127065)
   defining Unicode char U+1F05A (decimal 127066)
   defining Unicode char U+1F05B (decimal 127067)
   defining Unicode char U+1F05C (decimal 127068)
   defining Unicode char U+1F05D (decimal 127069)
   defining Unicode char U+1F05E (decimal 127070)
   defining Unicode char U+1F05F (decimal 127071)
   defining Unicode char U+1F060 (decimal 127072)
   defining Unicode char U+1F061 (decimal 127073)
   defining Unicode char U+1F062 (decimal 127074)
   defining Unicode char U+1F063 (decimal 127075)
   defining Unicode char U+1F064 (decimal 127076)
   defining Unicode char U+1F065 (decimal 127077)
   defining Unicode char U+1F066 (decimal 127078)
   defining Unicode char U+1F067 (decimal 127079)
   defining Unicode char U+1F068 (decimal 127080)
   defining Unicode char U+1F069 (decimal 127081)
   defining Unicode char U+1F06A (decimal 127082)
   defining Unicode char U+1F06B (decimal 127083)
   defining Unicode char U+1F06C (decimal 127084)
   defining Unicode char U+1F06D (decimal 127085)
   defining Unicode char U+1F06E (decimal 127086)
   defining Unicode char U+1F06F (decimal 127087)
   defining Unicode char U+1F070 (decimal 127088)
   defining Unicode char U+1F071 (decimal 127089)
   defining Unicode char U+1F072 (decimal 127090)
   defining Unicode char U+1F073 (decimal 127091)
   defining Unicode char U+1F074 (decimal 127092)
   defining Unicode char U+1F075 (decimal 127093)
   defining Unicode char U+1F076 (decimal 127094)
   defining Unicode char U+1F077 (decimal 127095)
   defining Unicode char U+1F078 (decimal 127096)
   defining Unicode char U+1F079 (decimal 127097)
   defining Unicode char U+1F07A (decimal 127098)
   defining Unicode char U+1F07B (decimal 127099)
   defining Unicode char U+1F07C (decimal 127100)
   defining Unicode char U+1F07D (decimal 127101)
   defining Unicode char U+1F07E (decimal 127102)
   defining Unicode char U+1F07F (decimal 127103)
   defining Unicode char U+1F080 (decimal 127104)
   defining Unicode char U+1F081 (decimal 127105)
   defining Unicode char U+1F082 (decimal 127106)
   defining Unicode char U+1F083 (decimal 127107)
   defining Unicode char U+1F084 (decimal 127108)
   defining Unicode char U+1F085 (decimal 127109)
   defining Unicode char U+1F086 (decimal 127110)
   defining Unicode char U+1F087 (decimal 127111)
   defining Unicode char U+1F088 (decimal 127112)
   defining Unicode char U+1F089 (decimal 127113)
   defining Unicode char U+1F08A (decimal 127114)
   defining Unicode char U+1F08B (decimal 127115)
   defining Unicode char U+1F08C (decimal 127116)
   defining Unicode char U+1F08D (decimal 127117)
   defining Unicode char U+1F08E (decimal 127118)
   defining Unicode char U+1F08F (decimal 127119)
   defining Unicode char U+1F090 (decimal 127120)
   defining Unicode char U+1F091 (decimal 127121)
   defining Unicode char U+1F092 (decimal 127122)
   defining Unicode char U+1F093 (decimal 127123)
   defining Unicode char U+1F094 (decimal 127124)
   defining Unicode char U+1F095 (decimal 127125)
   defining Unicode char U+1F096 (decimal 127126)
   defining Unicode char U+1F097 (decimal 127127)
   defining Unicode char U+1F098 (decimal 127128)
   defining Unicode char U+1F099 (decimal 127129)
   defining Unicode char U+1F09A (decimal 127130)
   defining Unicode char U+1F09B (decimal 127131)
   defining Unicode char U+1F09C (decimal 127132)
   defining Unicode char U+1F09D (decimal 127133)
   defining Unicode char U+1F09E (decimal 127134)
   defining Unicode char U+1F09F (decimal 127135)
   defining Unicode char U+1F0A0 (decimal 127136)
   defining Unicode char U+1F0A1 (decimal 127137)
   defining Unicode char U+1F0A2 (decimal 127138)
   defining Unicode char U+1F0A3 (decimal 127139)
   defining Unicode char U+1F0A4 (decimal 127140)
   defining Unicode char U+1F0A5 (decimal 127141)
   defining Unicode char U+1F0A6 (decimal 127142)
   defining Unicode char U+1F0A7 (decimal 127143)
   defining Unicode char U+1F0A8 (decimal 127144)
   defining Unicode char U+1F0A9 (decimal 127145)
   defining Unicode char U+1F0AA (decimal 127146)
   defining Unicode char U+1F0AB (decimal 127147)
   defining Unicode char U+1F0AC (decimal 127148)
   defining Unicode char U+1F0AD (decimal 127149)
   defining Unicode char U+1F0AE (decimal 127150)
   defining Unicode char U+1F0AF (decimal 127151)
   defining Unicode char U+1F0B0 (decimal 127152)
   defining Unicode char U+1F0B1 (decimal 127153)
   defining Unicode char U+1F0B2 (decimal 127154)
   defining Unicode char U+1F0B3 (decimal 127155)
   defining Unicode char U+1F0B4 (decimal 127156)
   defining Unicode char U+1F0B5 (decimal 127157)
   defining Unicode char U+1F0B6 (decimal 127158)
   defining Unicode char U+1F0B7 (decimal 127159)
   defining Unicode char U+1F0B8 (decimal 127160)
   defining Unicode char U+1F0B9 (decimal 127161)
   defining Unicode char U+1F0BA (decimal 127162)
   defining Unicode char U+1F0BB (decimal 127163)
   defining Unicode char U+1F0BC (decimal 127164)
   defining Unicode char U+1F0BD (decimal 127165)
   defining Unicode char U+1F0BE (decimal 127166)
   defining Unicode char U+1F0BF (decimal 127167)
   defining Unicode char U+1F0C0 (decimal 127168)
   defining Unicode char U+1F0C1 (decimal 127169)
   defining Unicode char U+1F0C2 (decimal 127170)
   defining Unicode char U+1F0C3 (decimal 127171)
   defining Unicode char U+1F0C4 (decimal 127172)
   defining Unicode char U+1F0C5 (decimal 127173)
   defining Unicode char U+1F0C6 (decimal 127174)
   defining Unicode char U+1F0C7 (decimal 127175)
   defining Unicode char U+1F0C8 (decimal 127176)
   defining Unicode char U+1F0C9 (decimal 127177)
   defining Unicode char U+1F0CA (decimal 127178)
   defining Unicode char U+1F0CB (decimal 127179)
   defining Unicode char U+1F0CC (decimal 127180)
   defining Unicode char U+1F0CD (decimal 127181)
   defining Unicode char U+1F0CE (decimal 127182)
   defining Unicode char U+1F0CF (decimal 127183)
   defining Unicode char U+1F0D0 (decimal 127184)
   defining Unicode char U+1F0D1 (decimal 127185)
   defining Unicode char U+1F0D2 (decimal 127186)
   defining Unicode char U+1F0D3 (decimal 127187)
   defining Unicode char U+1F0D4 (decimal 127188)
   defining Unicode char U+1F0D5 (decimal 127189)
   defining Unicode char U+1F0D6 (decimal 127190)
   defining Unicode char U+1F0D7 (decimal 127191)
   defining Unicode char U+1F0D8 (decimal 127192)
   defining Unicode char U+1F0D9 (decimal 127193)
   defining Unicode char U+1F0DA (decimal 127194)
   defining Unicode char U+1F0DB (decimal 127195)
   defining Unicode char U+1F0DC (decimal 127196)
   defining Unicode char U+1F0DD (decimal 127197)
   defining Unicode char U+1F0DE (decimal 127198)
   defining Unicode char U+1F0DF (decimal 127199)
   defining Unicode char U+1F0E0 (decimal 127200)
   defining Unicode char U+1F0E1 (decimal 127201)
   defining Unicode char U+1F0E2 (decimal 127202)
   defining Unicode char U+1F0E3 (decimal 127203)
   defining Unicode char U+1F0E4 (decimal 127204)
   defining Unicode char U+1F0E5 (decimal 127205)
   defining Unicode char U+1F0E6 (decimal 127206)
   defining Unicode char U+1F0E7 (decimal 127207)
   defining Unicode char U+1F0E8 (decimal 127208)
   defining Unicode char U+1F0E9 (decimal 127209)
   defining Unicode char U+1F0EA (decimal 127210)
   defining Unicode char U+1F0EB (decimal 127211)
   defining Unicode char U+1F0EC (decimal 127212)
   defining Unicode char U+1F0ED (decimal 127213)
   defining Unicode char U+1F0EE (decimal 127214)
   defining Unicode char U+1F0EF (decimal 127215)
   defining Unicode char U+1F0F0 (decimal 127216)
   defining Unicode char U+1F0F1 (decimal 127217)
   defining Unicode char U+1F0F2 (decimal 127218)
   defining Unicode char U+1F0F3 (decimal 127219)
   defining Unicode char U+1F0F4 (decimal 127220)
   defining Unicode char U+1F0F5 (decimal 127221)
   defining Unicode char U+1F0F6 (decimal 127222)
   defining Unicode char U+1F0F7 (decimal 127223)
   defining Unicode char U+1F0F8 (decimal 127224)
   defining Unicode char U+1F0F9 (decimal 127225)
   defining Unicode char U+1F0FA (decimal 127226)
   defining Unicode char U+1F0FB (decimal 127227)
   defining Unicode char U+1F0FC (decimal 127228)
   defining Unicode char U+1F0FD (decimal 127229)
   defining Unicode char U+1F0FE (decimal 127230)
   defining Unicode char U+1F0FF (decimal 127231)
   defining Unicode char U+1F300 (decimal 127744)
   defining Unicode char U+1F301 (decimal 127745)
   defining Unicode char U+1F302 (decimal 127746)
   defining Unicode char U+1F303 (decimal 127747)
   defining Unicode char U+1F304 (decimal 127748)
   defining Unicode char U+1F305 (decimal 127749)
   defining Unicode char U+1F306 (decimal 127750)
   defining Unicode char U+1F307 (decimal 127751)
   defining Unicode char U+1F308 (decimal 127752)
   defining Unicode char U+1F309 (decimal 127753)
   defining Unicode char U+1F30A (decimal 127754)
   defining Unicode char U+1F30B (decimal 127755)
   defining Unicode char U+1F30C (decimal 127756)
   defining Unicode char U+1F30D (decimal 127757)
   defining Unicode char U+1F30E (decimal 127758)
   defining Unicode char U+1F30F (decimal 127759)
   defining Unicode char U+1F310 (decimal 127760)
   defining Unicode char U+1F311 (decimal 127761)
   defining Unicode char U+1F312 (decimal 127762)
   defining Unicode char U+1F313 (decimal 127763)
   defining Unicode char U+1F314 (decimal 127764)
   defining Unicode char U+1F315 (decimal 127765)
   defining Unicode char U+1F316 (decimal 127766)
   defining Unicode char U+1F317 (decimal 127767)
   defining Unicode char U+1F318 (decimal 127768)
   defining Unicode char U+1F319 (decimal 127769)
   defining Unicode char U+1F31A (decimal 127770)
   defining Unicode char U+1F31B (decimal 127771)
   defining Unicode char U+1F31C (decimal 127772)
   defining Unicode char U+1F31D (decimal 127773)
   defining Unicode char U+1F31E (decimal 127774)
   defining Unicode char U+1F31F (decimal 127775)
   defining Unicode char U+1F320 (decimal 127776)
   defining Unicode char U+1F321 (decimal 127777)
   defining Unicode char U+1F322 (decimal 127778)
   defining Unicode char U+1F323 (decimal 127779)
   defining Unicode char U+1F324 (decimal 127780)
   defining Unicode char U+1F325 (decimal 127781)
   defining Unicode char U+1F326 (decimal 127782)
   defining Unicode char U+1F327 (decimal 127783)
   defining Unicode char U+1F328 (decimal 127784)
   defining Unicode char U+1F329 (decimal 127785)
   defining Unicode char U+1F32A (decimal 127786)
   defining Unicode char U+1F32B (decimal 127787)
   defining Unicode char U+1F32C (decimal 127788)
   defining Unicode char U+1F32D (decimal 127789)
   defining Unicode char U+1F32E (decimal 127790)
   defining Unicode char U+1F32F (decimal 127791)
   defining Unicode char U+1F330 (decimal 127792)
   defining Unicode char U+1F331 (decimal 127793)
   defining Unicode char U+1F332 (decimal 127794)
   defining Unicode char U+1F333 (decimal 127795)
   defining Unicode char U+1F334 (decimal 127796)
   defining Unicode char U+1F335 (decimal 127797)
   defining Unicode char U+1F336 (decimal 127798)
   defining Unicode char U+1F337 (decimal 127799)
   defining Unicode char U+1F338 (decimal 127800)
   defining Unicode char U+1F339 (decimal 127801)
   defining Unicode char U+1F33A (decimal 127802)
   defining Unicode char U+1F33B (decimal 127803)
   defining Unicode char U+1F33C (decimal 127804)
   defining Unicode char U+1F33D (decimal 127805)
   defining Unicode char U+1F33E (decimal 127806)
   defining Unicode char U+1F33F (decimal 127807)
   defining Unicode char U+1F340 (decimal 127808)
   defining Unicode char U+1F341 (decimal 127809)
   defining Unicode char U+1F342 (decimal 127810)
   defining Unicode char U+1F343 (decimal 127811)
   defining Unicode char U+1F344 (decimal 127812)
   defining Unicode char U+1F345 (decimal 127813)
   defining Unicode char U+1F346 (decimal 127814)
   defining Unicode char U+1F347 (decimal 127815)
   defining Unicode char U+1F348 (decimal 127816)
   defining Unicode char U+1F349 (decimal 127817)
   defining Unicode char U+1F34A (decimal 127818)
   defining Unicode char U+1F34B (decimal 127819)
   defining Unicode char U+1F34C (decimal 127820)
   defining Unicode char U+1F34D (decimal 127821)
   defining Unicode char U+1F34E (decimal 127822)
   defining Unicode char U+1F34F (decimal 127823)
   defining Unicode char U+1F350 (decimal 127824)
   defining Unicode char U+1F351 (decimal 127825)
   defining Unicode char U+1F352 (decimal 127826)
   defining Unicode char U+1F353 (decimal 127827)
   defining Unicode char U+1F354 (decimal 127828)
   defining Unicode char U+1F355 (decimal 127829)
   defining Unicode char U+1F356 (decimal 127830)
   defining Unicode char U+1F357 (decimal 127831)
   defining Unicode char U+1F358 (decimal 127832)
   defining Unicode char U+1F359 (decimal 127833)
   defining Unicode char U+1F35A (decimal 127834)
   defining Unicode char U+1F35B (decimal 127835)
   defining Unicode char U+1F35C (decimal 127836)
   defining Unicode char U+1F35D (decimal 127837)
   defining Unicode char U+1F35E (decimal 127838)
   defining Unicode char U+1F35F (decimal 127839)
   defining Unicode char U+1F360 (decimal 127840)
   defining Unicode char U+1F361 (decimal 127841)
   defining Unicode char U+1F362 (decimal 127842)
   defining Unicode char U+1F363 (decimal 127843)
   defining Unicode char U+1F364 (decimal 127844)
   defining Unicode char U+1F365 (decimal 127845)
   defining Unicode char U+1F366 (decimal 127846)
   defining Unicode char U+1F367 (decimal 127847)
   defining Unicode char U+1F368 (decimal 127848)
   defining Unicode char U+1F369 (decimal 127849)
   defining Unicode char U+1F36A (decimal 127850)
   defining Unicode char U+1F36B (decimal 127851)
   defining Unicode char U+1F36C (decimal 127852)
   defining Unicode char U+1F36D (decimal 127853)
   defining Unicode char U+1F36E (decimal 127854)
   defining Unicode char U+1F36F (decimal 127855)
   defining Unicode char U+1F370 (decimal 127856)
   defining Unicode char U+1F371 (decimal 127857)
   defining Unicode char U+1F372 (decimal 127858)
   defining Unicode char U+1F373 (decimal 127859)
   defining Unicode char U+1F374 (decimal 127860)
   defining Unicode char U+1F375 (decimal 127861)
   defining Unicode char U+1F376 (decimal 127862)
   defining Unicode char U+1F377 (decimal 127863)
   defining Unicode char U+1F378 (decimal 127864)
   defining Unicode char U+1F379 (decimal 127865)
   defining Unicode char U+1F37A (decimal 127866)
   defining Unicode char U+1F37B (decimal 127867)
   defining Unicode char U+1F37C (decimal 127868)
   defining Unicode char U+1F37D (decimal 127869)
   defining Unicode char U+1F37E (decimal 127870)
   defining Unicode char U+1F37F (decimal 127871)
   defining Unicode char U+1F380 (decimal 127872)
   defining Unicode char U+1F381 (decimal 127873)
   defining Unicode char U+1F382 (decimal 127874)
   defining Unicode char U+1F383 (decimal 127875)
   defining Unicode char U+1F384 (decimal 127876)
   defining Unicode char U+1F385 (decimal 127877)
   defining Unicode char U+1F386 (decimal 127878)
   defining Unicode char U+1F387 (decimal 127879)
   defining Unicode char U+1F388 (decimal 127880)
   defining Unicode char U+1F389 (decimal 127881)
   defining Unicode char U+1F38A (decimal 127882)
   defining Unicode char U+1F38B (decimal 127883)
   defining Unicode char U+1F38C (decimal 127884)
   defining Unicode char U+1F38D (decimal 127885)
   defining Unicode char U+1F38E (decimal 127886)
   defining Unicode char U+1F38F (decimal 127887)
   defining Unicode char U+1F390 (decimal 127888)
   defining Unicode char U+1F391 (decimal 127889)
   defining Unicode char U+1F392 (decimal 127890)
   defining Unicode char U+1F393 (decimal 127891)
   defining Unicode char U+1F394 (decimal 127892)
   defining Unicode char U+1F395 (decimal 127893)
   defining Unicode char U+1F396 (decimal 127894)
   defining Unicode char U+1F397 (decimal 127895)
   defining Unicode char U+1F398 (decimal 127896)
   defining Unicode char U+1F399 (decimal 127897)
   defining Unicode char U+1F39A (decimal 127898)
   defining Unicode char U+1F39B (decimal 127899)
   defining Unicode char U+1F39C (decimal 127900)
   defining Unicode char U+1F39D (decimal 127901)
   defining Unicode char U+1F39E (decimal 127902)
   defining Unicode char U+1F39F (decimal 127903)
   defining Unicode char U+1F3A0 (decimal 127904)
   defining Unicode char U+1F3A1 (decimal 127905)
   defining Unicode char U+1F3A2 (decimal 127906)
   defining Unicode char U+1F3A3 (decimal 127907)
   defining Unicode char U+1F3A4 (decimal 127908)
   defining Unicode char U+1F3A5 (decimal 127909)
   defining Unicode char U+1F3A6 (decimal 127910)
   defining Unicode char U+1F3A7 (decimal 127911)
   defining Unicode char U+1F3A8 (decimal 127912)
   defining Unicode char U+1F3A9 (decimal 127913)
   defining Unicode char U+1F3AA (decimal 127914)
   defining Unicode char U+1F3AB (decimal 127915)
   defining Unicode char U+1F3AC (decimal 127916)
   defining Unicode char U+1F3AD (decimal 127917)
   defining Unicode char U+1F3AE (decimal 127918)
   defining Unicode char U+1F3AF (decimal 127919)
   defining Unicode char U+1F3B0 (decimal 127920)
   defining Unicode char U+1F3B1 (decimal 127921)
   defining Unicode char U+1F3B2 (decimal 127922)
   defining Unicode char U+1F3B3 (decimal 127923)
   defining Unicode char U+1F3B4 (decimal 127924)
   defining Unicode char U+1F3B5 (decimal 127925)
   defining Unicode char U+1F3B6 (decimal 127926)
   defining Unicode char U+1F3B7 (decimal 127927)
   defining Unicode char U+1F3B8 (decimal 127928)
   defining Unicode char U+1F3B9 (decimal 127929)
   defining Unicode char U+1F3BA (decimal 127930)
   defining Unicode char U+1F3BB (decimal 127931)
   defining Unicode char U+1F3BC (decimal 127932)
   defining Unicode char U+1F3BD (decimal 127933)
   defining Unicode char U+1F3BE (decimal 127934)
   defining Unicode char U+1F3BF (decimal 127935)
   defining Unicode char U+1F3C0 (decimal 127936)
   defining Unicode char U+1F3C1 (decimal 127937)
   defining Unicode char U+1F3C2 (decimal 127938)
   defining Unicode char U+1F3C3 (decimal 127939)
   defining Unicode char U+1F3C4 (decimal 127940)
   defining Unicode char U+1F3C5 (decimal 127941)
   defining Unicode char U+1F3C6 (decimal 127942)
   defining Unicode char U+1F3C7 (decimal 127943)
   defining Unicode char U+1F3C8 (decimal 127944)
   defining Unicode char U+1F3C9 (decimal 127945)
   defining Unicode char U+1F3CA (decimal 127946)
   defining Unicode char U+1F3CB (decimal 127947)
   defining Unicode char U+1F3CC (decimal 127948)
   defining Unicode char U+1F3CD (decimal 127949)
   defining Unicode char U+1F3CE (decimal 127950)
   defining Unicode char U+1F3CF (decimal 127951)
   defining Unicode char U+1F3D0 (decimal 127952)
   defining Unicode char U+1F3D1 (decimal 127953)
   defining Unicode char U+1F3D2 (decimal 127954)
   defining Unicode char U+1F3D3 (decimal 127955)
   defining Unicode char U+1F3D4 (decimal 127956)
   defining Unicode char U+1F3D5 (decimal 127957)
   defining Unicode char U+1F3D6 (decimal 127958)
   defining Unicode char U+1F3D7 (decimal 127959)
   defining Unicode char U+1F3D8 (decimal 127960)
   defining Unicode char U+1F3D9 (decimal 127961)
   defining Unicode char U+1F3DA (decimal 127962)
   defining Unicode char U+1F3DB (decimal 127963)
   defining Unicode char U+1F3DC (decimal 127964)
   defining Unicode char U+1F3DD (decimal 127965)
   defining Unicode char U+1F3DE (decimal 127966)
   defining Unicode char U+1F3DF (decimal 127967)
   defining Unicode char U+1F3E0 (decimal 127968)
   defining Unicode char U+1F3E1 (decimal 127969)
   defining Unicode char U+1F3E2 (decimal 127970)
   defining Unicode char U+1F3E3 (decimal 127971)
   defining Unicode char U+1F3E4 (decimal 127972)
   defining Unicode char U+1F3E5 (decimal 127973)
   defining Unicode char U+1F3E6 (decimal 127974)
   defining Unicode char U+1F3E7 (decimal 127975)
   defining Unicode char U+1F3E8 (decimal 127976)
   defining Unicode char U+1F3E9 (decimal 127977)
   defining Unicode char U+1F3EA (decimal 127978)
   defining Unicode char U+1F3EB (decimal 127979)
   defining Unicode char U+1F3EC (decimal 127980)
   defining Unicode char U+1F3ED (decimal 127981)
   defining Unicode char U+1F3EE (decimal 127982)
   defining Unicode char U+1F3EF (decimal 127983)
   defining Unicode char U+1F3F0 (decimal 127984)
   defining Unicode char U+1F3F1 (decimal 127985)
   defining Unicode char U+1F3F2 (decimal 127986)
   defining Unicode char U+1F3F3 (decimal 127987)
   defining Unicode char U+1F3F4 (decimal 127988)
   defining Unicode char U+1F3F5 (decimal 127989)
   defining Unicode char U+1F3F6 (decimal 127990)
   defining Unicode char U+1F3F7 (decimal 127991)
   defining Unicode char U+1F3F8 (decimal 127992)
   defining Unicode char U+1F3F9 (decimal 127993)
   defining Unicode char U+1F3FA (decimal 127994)
   defining Unicode char U+1F3FB (decimal 127995)
   defining Unicode char U+1F3FC (decimal 127996)
   defining Unicode char U+1F3FD (decimal 127997)
   defining Unicode char U+1F3FE (decimal 127998)
   defining Unicode char U+1F3FF (decimal 127999)
   defining Unicode char U+1F400 (decimal 128000)
   defining Unicode char U+1F401 (decimal 128001)
   defining Unicode char U+1F402 (decimal 128002)
   defining Unicode char U+1F403 (decimal 128003)
   defining Unicode char U+1F404 (decimal 128004)
   defining Unicode char U+1F405 (decimal 128005)
   defining Unicode char U+1F406 (decimal 128006)
   defining Unicode char U+1F407 (decimal 128007)
   defining Unicode char U+1F408 (decimal 128008)
   defining Unicode char U+1F409 (decimal 128009)
   defining Unicode char U+1F40A (decimal 128010)
   defining Unicode char U+1F40B (decimal 128011)
   defining Unicode char U+1F40C (decimal 128012)
   defining Unicode char U+1F40D (decimal 128013)
   defining Unicode char U+1F40E (decimal 128014)
   defining Unicode char U+1F40F (decimal 128015)
   defining Unicode char U+1F410 (decimal 128016)
   defining Unicode char U+1F411 (decimal 128017)
   defining Unicode char U+1F412 (decimal 128018)
   defining Unicode char U+1F413 (decimal 128019)
   defining Unicode char U+1F414 (decimal 128020)
   defining Unicode char U+1F415 (decimal 128021)
   defining Unicode char U+1F416 (decimal 128022)
   defining Unicode char U+1F417 (decimal 128023)
   defining Unicode char U+1F418 (decimal 128024)
   defining Unicode char U+1F419 (decimal 128025)
   defining Unicode char U+1F41A (decimal 128026)
   defining Unicode char U+1F41B (decimal 128027)
   defining Unicode char U+1F41C (decimal 128028)
   defining Unicode char U+1F41D (decimal 128029)
   defining Unicode char U+1F41E (decimal 128030)
   defining Unicode char U+1F41F (decimal 128031)
   defining Unicode char U+1F420 (decimal 128032)
   defining Unicode char U+1F421 (decimal 128033)
   defining Unicode char U+1F422 (decimal 128034)
   defining Unicode char U+1F423 (decimal 128035)
   defining Unicode char U+1F424 (decimal 128036)
   defining Unicode char U+1F425 (decimal 128037)
   defining Unicode char U+1F426 (decimal 128038)
   defining Unicode char U+1F427 (decimal 128039)
   defining Unicode char U+1F428 (decimal 128040)
   defining Unicode char U+1F429 (decimal 128041)
   defining Unicode char U+1F42A (decimal 128042)
   defining Unicode char U+1F42B (decimal 128043)
   defining Unicode char U+1F42C (decimal 128044)
   defining Unicode char U+1F42D (decimal 128045)
   defining Unicode char U+1F42E (decimal 128046)
   defining Unicode char U+1F42F (decimal 128047)
   defining Unicode char U+1F430 (decimal 128048)
   defining Unicode char U+1F431 (decimal 128049)
   defining Unicode char U+1F432 (decimal 128050)
   defining Unicode char U+1F433 (decimal 128051)
   defining Unicode char U+1F434 (decimal 128052)
   defining Unicode char U+1F435 (decimal 128053)
   defining Unicode char U+1F436 (decimal 128054)
   defining Unicode char U+1F437 (decimal 128055)
   defining Unicode char U+1F438 (decimal 128056)
   defining Unicode char U+1F439 (decimal 128057)
   defining Unicode char U+1F43A (decimal 128058)
   defining Unicode char U+1F43B (decimal 128059)
   defining Unicode char U+1F43C (decimal 128060)
   defining Unicode char U+1F43D (decimal 128061)
   defining Unicode char U+1F43E (decimal 128062)
   defining Unicode char U+1F43F (decimal 128063)
   defining Unicode char U+1F440 (decimal 128064)
   defining Unicode char U+1F441 (decimal 128065)
   defining Unicode char U+1F442 (decimal 128066)
   defining Unicode char U+1F443 (decimal 128067)
   defining Unicode char U+1F444 (decimal 128068)
   defining Unicode char U+1F445 (decimal 128069)
   defining Unicode char U+1F446 (decimal 128070)
   defining Unicode char U+1F447 (decimal 128071)
   defining Unicode char U+1F448 (decimal 128072)
   defining Unicode char U+1F449 (decimal 128073)
   defining Unicode char U+1F44A (decimal 128074)
   defining Unicode char U+1F44B (decimal 128075)
   defining Unicode char U+1F44C (decimal 128076)
   defining Unicode char U+1F44D (decimal 128077)
   defining Unicode char U+1F44E (decimal 128078)
   defining Unicode char U+1F44F (decimal 128079)
   defining Unicode char U+1F450 (decimal 128080)
   defining Unicode char U+1F451 (decimal 128081)
   defining Unicode char U+1F452 (decimal 128082)
   defining Unicode char U+1F453 (decimal 128083)
   defining Unicode char U+1F454 (decimal 128084)
   defining Unicode char U+1F455 (decimal 128085)
   defining Unicode char U+1F456 (decimal 128086)
   defining Unicode char U+1F457 (decimal 128087)
   defining Unicode char U+1F458 (decimal 128088)
   defining Unicode char U+1F459 (decimal 128089)
   defining Unicode char U+1F45A (decimal 128090)
   defining Unicode char U+1F45B (decimal 128091)
   defining Unicode char U+1F45C (decimal 128092)
   defining Unicode char U+1F45D (decimal 128093)
   defining Unicode char U+1F45E (decimal 128094)
   defining Unicode char U+1F45F (decimal 128095)
   defining Unicode char U+1F460 (decimal 128096)
   defining Unicode char U+1F461 (decimal 128097)
   defining Unicode char U+1F462 (decimal 128098)
   defining Unicode char U+1F463 (decimal 128099)
   defining Unicode char U+1F464 (decimal 128100)
   defining Unicode char U+1F465 (decimal 128101)
   defining Unicode char U+1F466 (decimal 128102)
   defining Unicode char U+1F467 (decimal 128103)
   defining Unicode char U+1F468 (decimal 128104)
   defining Unicode char U+1F469 (decimal 128105)
   defining Unicode char U+1F46A (decimal 128106)
   defining Unicode char U+1F46B (decimal 128107)
   defining Unicode char U+1F46C (decimal 128108)
   defining Unicode char U+1F46D (decimal 128109)
   defining Unicode char U+1F46E (decimal 128110)
   defining Unicode char U+1F46F (decimal 128111)
   defining Unicode char U+1F470 (decimal 128112)
   defining Unicode char U+1F471 (decimal 128113)
   defining Unicode char U+1F472 (decimal 128114)
   defining Unicode char U+1F473 (decimal 128115)
   defining Unicode char U+1F474 (decimal 128116)
   defining Unicode char U+1F475 (decimal 128117)
   defining Unicode char U+1F476 (decimal 128118)
   defining Unicode char U+1F477 (decimal 128119)
   defining Unicode char U+1F478 (decimal 128120)
   defining Unicode char U+1F479 (decimal 128121)
   defining Unicode char U+1F47A (decimal 128122)
   defining Unicode char U+1F47B (decimal 128123)
   defining Unicode char U+1F47C (decimal 128124)
   defining Unicode char U+1F47D (decimal 128125)
   defining Unicode char U+1F47E (decimal 128126)
   defining Unicode char U+1F47F (decimal 128127)
   defining Unicode char U+1F480 (decimal 128128)
   defining Unicode char U+1F481 (decimal 128129)
   defining Unicode char U+1F482 (decimal 128130)
   defining Unicode char U+1F483 (decimal 128131)
   defining Unicode char U+1F484 (decimal 128132)
   defining Unicode char U+1F485 (decimal 128133)
   defining Unicode char U+1F486 (decimal 128134)
   defining Unicode char U+1F487 (decimal 128135)
   defining Unicode char U+1F488 (decimal 128136)
   defining Unicode char U+1F489 (decimal 128137)
   defining Unicode char U+1F48A (decimal 128138)
   defining Unicode char U+1F48B (decimal 128139)
   defining Unicode char U+1F48C (decimal 128140)
   defining Unicode char U+1F48D (decimal 128141)
   defining Unicode char U+1F48E (decimal 128142)
   defining Unicode char U+1F48F (decimal 128143)
   defining Unicode char U+1F490 (decimal 128144)
   defining Unicode char U+1F491 (decimal 128145)
   defining Unicode char U+1F492 (decimal 128146)
   defining Unicode char U+1F493 (decimal 128147)
   defining Unicode char U+1F494 (decimal 128148)
   defining Unicode char U+1F495 (decimal 128149)
   defining Unicode char U+1F496 (decimal 128150)
   defining Unicode char U+1F497 (decimal 128151)
   defining Unicode char U+1F498 (decimal 128152)
   defining Unicode char U+1F499 (decimal 128153)
   defining Unicode char U+1F49A (decimal 128154)
   defining Unicode char U+1F49B (decimal 128155)
   defining Unicode char U+1F49C (decimal 128156)
   defining Unicode char U+1F49D (decimal 128157)
   defining Unicode char U+1F49E (decimal 128158)
   defining Unicode char U+1F49F (decimal 128159)
   defining Unicode char U+1F4A0 (decimal 128160)
   defining Unicode char U+1F4A1 (decimal 128161)
   defining Unicode char U+1F4A2 (decimal 128162)
   defining Unicode char U+1F4A3 (decimal 128163)
   defining Unicode char U+1F4A4 (decimal 128164)
   defining Unicode char U+1F4A5 (decimal 128165)
   defining Unicode char U+1F4A6 (decimal 128166)
   defining Unicode char U+1F4A7 (decimal 128167)
   defining Unicode char U+1F4A8 (decimal 128168)
   defining Unicode char U+1F4A9 (decimal 128169)
   defining Unicode char U+1F4AA (decimal 128170)
   defining Unicode char U+1F4AB (decimal 128171)
   defining Unicode char U+1F4AC (decimal 128172)
   defining Unicode char U+1F4AD (decimal 128173)
   defining Unicode char U+1F4AE (decimal 128174)
   defining Unicode char U+1F4AF (decimal 128175)
   defining Unicode char U+1F4B0 (decimal 128176)
   defining Unicode char U+1F4B1 (decimal 128177)
   defining Unicode char U+1F4B2 (decimal 128178)
   defining Unicode char U+1F4B3 (decimal 128179)
   defining Unicode char U+1F4B4 (decimal 128180)
   defining Unicode char U+1F4B5 (decimal 128181)
   defining Unicode char U+1F4B6 (decimal 128182)
   defining Unicode char U+1F4B7 (decimal 128183)
   defining Unicode char U+1F4B8 (decimal 128184)
   defining Unicode char U+1F4B9 (decimal 128185)
   defining Unicode char U+1F4BA (decimal 128186)
   defining Unicode char U+1F4BB (decimal 128187)
   defining Unicode char U+1F4BC (decimal 128188)
   defining Unicode char U+1F4BD (decimal 128189)
   defining Unicode char U+1F4BE (decimal 128190)
   defining Unicode char U+1F4BF (decimal 128191)
   defining Unicode char U+1F4C0 (decimal 128192)
   defining Unicode char U+1F4C1 (decimal 128193)
   defining Unicode char U+1F4C2 (decimal 128194)
   defining Unicode char U+1F4C3 (decimal 128195)
   defining Unicode char U+1F4C4 (decimal 128196)
   defining Unicode char U+1F4C5 (decimal 128197)
   defining Unicode char U+1F4C6 (decimal 128198)
   defining Unicode char U+1F4C7 (decimal 128199)
   defining Unicode char U+1F4C8 (decimal 128200)
   defining Unicode char U+1F4C9 (decimal 128201)
   defining Unicode char U+1F4CA (decimal 128202)
   defining Unicode char U+1F4CB (decimal 128203)
   defining Unicode char U+1F4CC (decimal 128204)
   defining Unicode char U+1F4CD (decimal 128205)
   defining Unicode char U+1F4CE (decimal 128206)
   defining Unicode char U+1F4CF (decimal 128207)
   defining Unicode char U+1F4D0 (decimal 128208)
   defining Unicode char U+1F4D1 (decimal 128209)
   defining Unicode char U+1F4D2 (decimal 128210)
   defining Unicode char U+1F4D3 (decimal 128211)
   defining Unicode char U+1F4D4 (decimal 128212)
   defining Unicode char U+1F4D5 (decimal 128213)
   defining Unicode char U+1F4D6 (decimal 128214)
   defining Unicode char U+1F4D7 (decimal 128215)
   defining Unicode char U+1F4D8 (decimal 128216)
   defining Unicode char U+1F4D9 (decimal 128217)
   defining Unicode char U+1F4DA (decimal 128218)
   defining Unicode char U+1F4DB (decimal 128219)
   defining Unicode char U+1F4DC (decimal 128220)
   defining Unicode char U+1F4DD (decimal 128221)
   defining Unicode char U+1F4DE (decimal 128222)
   defining Unicode char U+1F4DF (decimal 128223)
   defining Unicode char U+1F4E0 (decimal 128224)
   defining Unicode char U+1F4E1 (decimal 128225)
   defining Unicode char U+1F4E2 (decimal 128226)
   defining Unicode char U+1F4E3 (decimal 128227)
   defining Unicode char U+1F4E4 (decimal 128228)
   defining Unicode char U+1F4E5 (decimal 128229)
   defining Unicode char U+1F4E6 (decimal 128230)
   defining Unicode char U+1F4E7 (decimal 128231)
   defining Unicode char U+1F4E8 (decimal 128232)
   defining Unicode char U+1F4E9 (decimal 128233)
   defining Unicode char U+1F4EA (decimal 128234)
   defining Unicode char U+1F4EB (decimal 128235)
   defining Unicode char U+1F4EC (decimal 128236)
   defining Unicode char U+1F4ED (decimal 128237)
   defining Unicode char U+1F4EE (decimal 128238)
   defining Unicode char U+1F4EF (decimal 128239)
   defining Unicode char U+1F4F0 (decimal 128240)
   defining Unicode char U+1F4F1 (decimal 128241)
   defining Unicode char U+1F4F2 (decimal 128242)
   defining Unicode char U+1F4F3 (decimal 128243)
   defining Unicode char U+1F4F4 (decimal 128244)
   defining Unicode char U+1F4F5 (decimal 128245)
   defining Unicode char U+1F4F6 (decimal 128246)
   defining Unicode char U+1F4F7 (decimal 128247)
   defining Unicode char U+1F4F8 (decimal 128248)
   defining Unicode char U+1F4F9 (decimal 128249)
   defining Unicode char U+1F4FA (decimal 128250)
   defining Unicode char U+1F4FB (decimal 128251)
   defining Unicode char U+1F4FC (decimal 128252)
   defining Unicode char U+1F4FD (decimal 128253)
   defining Unicode char U+1F4FE (decimal 128254)
   defining Unicode char U+1F4FF (decimal 128255)
   defining Unicode char U+1F500 (decimal 128256)
   defining Unicode char U+1F501 (decimal 128257)
   defining Unicode char U+1F502 (decimal 128258)
   defining Unicode char U+1F503 (decimal 128259)
   defining Unicode char U+1F504 (decimal 128260)
   defining Unicode char U+1F505 (decimal 128261)
   defining Unicode char U+1F506 (decimal 128262)
   defining Unicode char U+1F507 (decimal 128263)
   defining Unicode char U+1F508 (decimal 128264)
   defining Unicode char U+1F509 (decimal 128265)
   defining Unicode char U+1F50A (decimal 128266)
   defining Unicode char U+1F50B (decimal 128267)
   defining Unicode char U+1F50C (decimal 128268)
   defining Unicode char U+1F50D (decimal 128269)
   defining Unicode char U+1F50E (decimal 128270)
   defining Unicode char U+1F50F (decimal 128271)
   defining Unicode char U+1F510 (decimal 128272)
   defining Unicode char U+1F511 (decimal 128273)
   defining Unicode char U+1F512 (decimal 128274)
   defining Unicode char U+1F513 (decimal 128275)
   defining Unicode char U+1F514 (decimal 128276)
   defining Unicode char U+1F515 (decimal 128277)
   defining Unicode char U+1F516 (decimal 128278)
   defining Unicode char U+1F517 (decimal 128279)
   defining Unicode char U+1F518 (decimal 128280)
   defining Unicode char U+1F519 (decimal 128281)
   defining Unicode char U+1F51A (decimal 128282)
   defining Unicode char U+1F51B (decimal 128283)
   defining Unicode char U+1F51C (decimal 128284)
   defining Unicode char U+1F51D (decimal 128285)
   defining Unicode char U+1F51E (decimal 128286)
   defining Unicode char U+1F51F (decimal 128287)
   defining Unicode char U+1F520 (decimal 128288)
   defining Unicode char U+1F521 (decimal 128289)
   defining Unicode char U+1F522 (decimal 128290)
   defining Unicode char U+1F523 (decimal 128291)
   defining Unicode char U+1F524 (decimal 128292)
   defining Unicode char U+1F525 (decimal 128293)
   defining Unicode char U+1F526 (decimal 128294)
   defining Unicode char U+1F527 (decimal 128295)
   defining Unicode char U+1F528 (decimal 128296)
   defining Unicode char U+1F529 (decimal 128297)
   defining Unicode char U+1F52A (decimal 128298)
   defining Unicode char U+1F52B (decimal 128299)
   defining Unicode char U+1F52C (decimal 128300)
   defining Unicode char U+1F52D (decimal 128301)
   defining Unicode char U+1F52E (decimal 128302)
   defining Unicode char U+1F52F (decimal 128303)
   defining Unicode char U+1F530 (decimal 128304)
   defining Unicode char U+1F531 (decimal 128305)
   defining Unicode char U+1F532 (decimal 128306)
   defining Unicode char U+1F533 (decimal 128307)
   defining Unicode char U+1F534 (decimal 128308)
   defining Unicode char U+1F535 (decimal 128309)
   defining Unicode char U+1F536 (decimal 128310)
   defining Unicode char U+1F537 (decimal 128311)
   defining Unicode char U+1F538 (decimal 128312)
   defining Unicode char U+1F539 (decimal 128313)
   defining Unicode char U+1F53A (decimal 128314)
   defining Unicode char U+1F53B (decimal 128315)
   defining Unicode char U+1F53C (decimal 128316)
   defining Unicode char U+1F53D (decimal 128317)
   defining Unicode char U+1F53E (decimal 128318)
   defining Unicode char U+1F53F (decimal 128319)
   defining Unicode char U+1F540 (decimal 128320)
   defining Unicode char U+1F541 (decimal 128321)
   defining Unicode char U+1F542 (decimal 128322)
   defining Unicode char U+1F543 (decimal 128323)
   defining Unicode char U+1F544 (decimal 128324)
   defining Unicode char U+1F545 (decimal 128325)
   defining Unicode char U+1F546 (decimal 128326)
   defining Unicode char U+1F547 (decimal 128327)
   defining Unicode char U+1F548 (decimal 128328)
   defining Unicode char U+1F549 (decimal 128329)
   defining Unicode char U+1F54A (decimal 128330)
   defining Unicode char U+1F54B (decimal 128331)
   defining Unicode char U+1F54C (decimal 128332)
   defining Unicode char U+1F54D (decimal 128333)
   defining Unicode char U+1F54E (decimal 128334)
   defining Unicode char U+1F54F (decimal 128335)
   defining Unicode char U+1F550 (decimal 128336)
   defining Unicode char U+1F551 (decimal 128337)
   defining Unicode char U+1F552 (decimal 128338)
   defining Unicode char U+1F553 (decimal 128339)
   defining Unicode char U+1F554 (decimal 128340)
   defining Unicode char U+1F555 (decimal 128341)
   defining Unicode char U+1F556 (decimal 128342)
   defining Unicode char U+1F557 (decimal 128343)
   defining Unicode char U+1F558 (decimal 128344)
   defining Unicode char U+1F559 (decimal 128345)
   defining Unicode char U+1F55A (decimal 128346)
   defining Unicode char U+1F55B (decimal 128347)
   defining Unicode char U+1F55C (decimal 128348)
   defining Unicode char U+1F55D (decimal 128349)
   defining Unicode char U+1F55E (decimal 128350)
   defining Unicode char U+1F55F (decimal 128351)
   defining Unicode char U+1F560 (decimal 128352)
   defining Unicode char U+1F561 (decimal 128353)
   defining Unicode char U+1F562 (decimal 128354)
   defining Unicode char U+1F563 (decimal 128355)
   defining Unicode char U+1F564 (decimal 128356)
   defining Unicode char U+1F565 (decimal 128357)
   defining Unicode char U+1F566 (decimal 128358)
   defining Unicode char U+1F567 (decimal 128359)
   defining Unicode char U+1F568 (decimal 128360)
   defining Unicode char U+1F569 (decimal 128361)
   defining Unicode char U+1F56A (decimal 128362)
   defining Unicode char U+1F56B (decimal 128363)
   defining Unicode char U+1F56C (decimal 128364)
   defining Unicode char U+1F56D (decimal 128365)
   defining Unicode char U+1F56E (decimal 128366)
   defining Unicode char U+1F56F (decimal 128367)
   defining Unicode char U+1F570 (decimal 128368)
   defining Unicode char U+1F571 (decimal 128369)
   defining Unicode char U+1F572 (decimal 128370)
   defining Unicode char U+1F573 (decimal 128371)
   defining Unicode char U+1F574 (decimal 128372)
   defining Unicode char U+1F575 (decimal 128373)
   defining Unicode char U+1F576 (decimal 128374)
   defining Unicode char U+1F577 (decimal 128375)
   defining Unicode char U+1F578 (decimal 128376)
   defining Unicode char U+1F579 (decimal 128377)
   defining Unicode char U+1F57A (decimal 128378)
   defining Unicode char U+1F57B (decimal 128379)
   defining Unicode char U+1F57C (decimal 128380)
   defining Unicode char U+1F57D (decimal 128381)
   defining Unicode char U+1F57E (decimal 128382)
   defining Unicode char U+1F57F (decimal 128383)
   defining Unicode char U+1F580 (decimal 128384)
   defining Unicode char U+1F581 (decimal 128385)
   defining Unicode char U+1F582 (decimal 128386)
   defining Unicode char U+1F583 (decimal 128387)
   defining Unicode char U+1F584 (decimal 128388)
   defining Unicode char U+1F585 (decimal 128389)
   defining Unicode char U+1F586 (decimal 128390)
   defining Unicode char U+1F587 (decimal 128391)
   defining Unicode char U+1F588 (decimal 128392)
   defining Unicode char U+1F589 (decimal 128393)
   defining Unicode char U+1F58A (decimal 128394)
   defining Unicode char U+1F58B (decimal 128395)
   defining Unicode char U+1F58C (decimal 128396)
   defining Unicode char U+1F58D (decimal 128397)
   defining Unicode char U+1F58E (decimal 128398)
   defining Unicode char U+1F58F (decimal 128399)
   defining Unicode char U+1F590 (decimal 128400)
   defining Unicode char U+1F591 (decimal 128401)
   defining Unicode char U+1F592 (decimal 128402)
   defining Unicode char U+1F593 (decimal 128403)
   defining Unicode char U+1F594 (decimal 128404)
   defining Unicode char U+1F595 (decimal 128405)
   defining Unicode char U+1F596 (decimal 128406)
   defining Unicode char U+1F597 (decimal 128407)
   defining Unicode char U+1F598 (decimal 128408)
   defining Unicode char U+1F599 (decimal 128409)
   defining Unicode char U+1F59A (decimal 128410)
   defining Unicode char U+1F59B (decimal 128411)
   defining Unicode char U+1F59C (decimal 128412)
   defining Unicode char U+1F59D (decimal 128413)
   defining Unicode char U+1F59E (decimal 128414)
   defining Unicode char U+1F59F (decimal 128415)
   defining Unicode char U+1F5A0 (decimal 128416)
   defining Unicode char U+1F5A1 (decimal 128417)
   defining Unicode char U+1F5A2 (decimal 128418)
   defining Unicode char U+1F5A3 (decimal 128419)
   defining Unicode char U+1F5A4 (decimal 128420)
   defining Unicode char U+1F5A5 (decimal 128421)
   defining Unicode char U+1F5A6 (decimal 128422)
   defining Unicode char U+1F5A7 (decimal 128423)
   defining Unicode char U+1F5A8 (decimal 128424)
   defining Unicode char U+1F5A9 (decimal 128425)
   defining Unicode char U+1F5AA (decimal 128426)
   defining Unicode char U+1F5AB (decimal 128427)
   defining Unicode char U+1F5AC (decimal 128428)
   defining Unicode char U+1F5AD (decimal 128429)
   defining Unicode char U+1F5AE (decimal 128430)
   defining Unicode char U+1F5AF (decimal 128431)
   defining Unicode char U+1F5B0 (decimal 128432)
   defining Unicode char U+1F5B1 (decimal 128433)
   defining Unicode char U+1F5B2 (decimal 128434)
   defining Unicode char U+1F5B3 (decimal 128435)
   defining Unicode char U+1F5B4 (decimal 128436)
   defining Unicode char U+1F5B5 (decimal 128437)
   defining Unicode char U+1F5B6 (decimal 128438)
   defining Unicode char U+1F5B7 (decimal 128439)
   defining Unicode char U+1F5B8 (decimal 128440)
   defining Unicode char U+1F5B9 (decimal 128441)
   defining Unicode char U+1F5BA (decimal 128442)
   defining Unicode char U+1F5BB (decimal 128443)
   defining Unicode char U+1F5BC (decimal 128444)
   defining Unicode char U+1F5BD (decimal 128445)
   defining Unicode char U+1F5BE (decimal 128446)
   defining Unicode char U+1F5BF (decimal 128447)
   defining Unicode char U+1F5C0 (decimal 128448)
   defining Unicode char U+1F5C1 (decimal 128449)
   defining Unicode char U+1F5C2 (decimal 128450)
   defining Unicode char U+1F5C3 (decimal 128451)
   defining Unicode char U+1F5C4 (decimal 128452)
   defining Unicode char U+1F5C5 (decimal 128453)
   defining Unicode char U+1F5C6 (decimal 128454)
   defining Unicode char U+1F5C7 (decimal 128455)
   defining Unicode char U+1F5C8 (decimal 128456)
   defining Unicode char U+1F5C9 (decimal 128457)
   defining Unicode char U+1F5CA (decimal 128458)
   defining Unicode char U+1F5CB (decimal 128459)
   defining Unicode char U+1F5CC (decimal 128460)
   defining Unicode char U+1F5CD (decimal 128461)
   defining Unicode char U+1F5CE (decimal 128462)
   defining Unicode char U+1F5CF (decimal 128463)
   defining Unicode char U+1F5D0 (decimal 128464)
   defining Unicode char U+1F5D1 (decimal 128465)
   defining Unicode char U+1F5D2 (decimal 128466)
   defining Unicode char U+1F5D3 (decimal 128467)
   defining Unicode char U+1F5D4 (decimal 128468)
   defining Unicode char U+1F5D5 (decimal 128469)
   defining Unicode char U+1F5D6 (decimal 128470)
   defining Unicode char U+1F5D7 (decimal 128471)
   defining Unicode char U+1F5D8 (decimal 128472)
   defining Unicode char U+1F5D9 (decimal 128473)
   defining Unicode char U+1F5DA (decimal 128474)
   defining Unicode char U+1F5DB (decimal 128475)
   defining Unicode char U+1F5DC (decimal 128476)
   defining Unicode char U+1F5DD (decimal 128477)
   defining Unicode char U+1F5DE (decimal 128478)
   defining Unicode char U+1F5DF (decimal 128479)
   defining Unicode char U+1F5E0 (decimal 128480)
   defining Unicode char U+1F5E1 (decimal 128481)
   defining Unicode char U+1F5E2 (decimal 128482)
   defining Unicode char U+1F5E3 (decimal 128483)
   defining Unicode char U+1F5E4 (decimal 128484)
   defining Unicode char U+1F5E5 (decimal 128485)
   defining Unicode char U+1F5E6 (decimal 128486)
   defining Unicode char U+1F5E7 (decimal 128487)
   defining Unicode char U+1F5E8 (decimal 128488)
   defining Unicode char U+1F5E9 (decimal 128489)
   defining Unicode char U+1F5EA (decimal 128490)
   defining Unicode char U+1F5EB (decimal 128491)
   defining Unicode char U+1F5EC (decimal 128492)
   defining Unicode char U+1F5ED (decimal 128493)
   defining Unicode char U+1F5EE (decimal 128494)
   defining Unicode char U+1F5EF (decimal 128495)
   defining Unicode char U+1F5F0 (decimal 128496)
   defining Unicode char U+1F5F1 (decimal 128497)
   defining Unicode char U+1F5F2 (decimal 128498)
   defining Unicode char U+1F5F3 (decimal 128499)
   defining Unicode char U+1F5F4 (decimal 128500)
   defining Unicode char U+1F5F5 (decimal 128501)
   defining Unicode char U+1F5F6 (decimal 128502)
   defining Unicode char U+1F5F7 (decimal 128503)
   defining Unicode char U+1F5F8 (decimal 128504)
   defining Unicode char U+1F5F9 (decimal 128505)
   defining Unicode char U+1F5FA (decimal 128506)
   defining Unicode char U+1F5FB (decimal 128507)
   defining Unicode char U+1F5FC (decimal 128508)
   defining Unicode char U+1F5FD (decimal 128509)
   defining Unicode char U+1F5FE (decimal 128510)
   defining Unicode char U+1F5FF (decimal 128511)
   defining Unicode char U+1F600 (decimal 128512)
   defining Unicode char U+1F601 (decimal 128513)
   defining Unicode char U+1F602 (decimal 128514)
   defining Unicode char U+1F603 (decimal 128515)
   defining Unicode char U+1F604 (decimal 128516)
   defining Unicode char U+1F605 (decimal 128517)
   defining Unicode char U+1F606 (decimal 128518)
   defining Unicode char U+1F607 (decimal 128519)
   defining Unicode char U+1F608 (decimal 128520)
   defining Unicode char U+1F609 (decimal 128521)
   defining Unicode char U+1F60A (decimal 128522)
   defining Unicode char U+1F60B (decimal 128523)
   defining Unicode char U+1F60C (decimal 128524)
   defining Unicode char U+1F60D (decimal 128525)
   defining Unicode char U+1F60E (decimal 128526)
   defining Unicode char U+1F60F (decimal 128527)
   defining Unicode char U+1F610 (decimal 128528)
   defining Unicode char U+1F611 (decimal 128529)
   defining Unicode char U+1F612 (decimal 128530)
   defining Unicode char U+1F613 (decimal 128531)
   defining Unicode char U+1F614 (decimal 128532)
   defining Unicode char U+1F615 (decimal 128533)
   defining Unicode char U+1F616 (decimal 128534)
   defining Unicode char U+1F617 (decimal 128535)
   defining Unicode char U+1F618 (decimal 128536)
   defining Unicode char U+1F619 (decimal 128537)
   defining Unicode char U+1F61A (decimal 128538)
   defining Unicode char U+1F61B (decimal 128539)
   defining Unicode char U+1F61C (decimal 128540)
   defining Unicode char U+1F61D (decimal 128541)
   defining Unicode char U+1F61E (decimal 128542)
   defining Unicode char U+1F61F (decimal 128543)
   defining Unicode char U+1F620 (decimal 128544)
   defining Unicode char U+1F621 (decimal 128545)
   defining Unicode char U+1F622 (decimal 128546)
   defining Unicode char U+1F623 (decimal 128547)
   defining Unicode char U+1F624 (decimal 128548)
   defining Unicode char U+1F625 (decimal 128549)
   defining Unicode char U+1F626 (decimal 128550)
   defining Unicode char U+1F627 (decimal 128551)
   defining Unicode char U+1F628 (decimal 128552)
   defining Unicode char U+1F629 (decimal 128553)
   defining Unicode char U+1F62A (decimal 128554)
   defining Unicode char U+1F62B (decimal 128555)
   defining Unicode char U+1F62C (decimal 128556)
   defining Unicode char U+1F62D (decimal 128557)
   defining Unicode char U+1F62E (decimal 128558)
   defining Unicode char U+1F62F (decimal 128559)
   defining Unicode char U+1F630 (decimal 128560)
   defining Unicode char U+1F631 (decimal 128561)
   defining Unicode char U+1F632 (decimal 128562)
   defining Unicode char U+1F633 (decimal 128563)
   defining Unicode char U+1F634 (decimal 128564)
   defining Unicode char U+1F635 (decimal 128565)
   defining Unicode char U+1F636 (decimal 128566)
   defining Unicode char U+1F637 (decimal 128567)
   defining Unicode char U+1F638 (decimal 128568)
   defining Unicode char U+1F639 (decimal 128569)
   defining Unicode char U+1F63A (decimal 128570)
   defining Unicode char U+1F63B (decimal 128571)
   defining Unicode char U+1F63C (decimal 128572)
   defining Unicode char U+1F63D (decimal 128573)
   defining Unicode char U+1F63E (decimal 128574)
   defining Unicode char U+1F63F (decimal 128575)
   defining Unicode char U+1F640 (decimal 128576)
   defining Unicode char U+1F641 (decimal 128577)
   defining Unicode char U+1F642 (decimal 128578)
   defining Unicode char U+1F643 (decimal 128579)
   defining Unicode char U+1F644 (decimal 128580)
   defining Unicode char U+1F645 (decimal 128581)
   defining Unicode char U+1F646 (decimal 128582)
   defining Unicode char U+1F647 (decimal 128583)
   defining Unicode char U+1F648 (decimal 128584)
   defining Unicode char U+1F649 (decimal 128585)
   defining Unicode char U+1F64A (decimal 128586)
   defining Unicode char U+1F64B (decimal 128587)
   defining Unicode char U+1F64C (decimal 128588)
   defining Unicode char U+1F64D (decimal 128589)
   defining Unicode char U+1F64E (decimal 128590)
   defining Unicode char U+1F64F (decimal 128591)
   defining Unicode char U+1F650 (decimal 128592)
   defining Unicode char U+1F651 (decimal 128593)
   defining Unicode char U+1F652 (decimal 128594)
   defining Unicode char U+1F653 (decimal 128595)
   defining Unicode char U+1F654 (decimal 128596)
   defining Unicode char U+1F655 (decimal 128597)
   defining Unicode char U+1F656 (decimal 128598)
   defining Unicode char U+1F657 (decimal 128599)
   defining Unicode char U+1F658 (decimal 128600)
   defining Unicode char U+1F659 (decimal 128601)
   defining Unicode char U+1F65A (decimal 128602)
   defining Unicode char U+1F65B (decimal 128603)
   defining Unicode char U+1F65C (decimal 128604)
   defining Unicode char U+1F65D (decimal 128605)
   defining Unicode char U+1F65E (decimal 128606)
   defining Unicode char U+1F65F (decimal 128607)
   defining Unicode char U+1F660 (decimal 128608)
   defining Unicode char U+1F661 (decimal 128609)
   defining Unicode char U+1F662 (decimal 128610)
   defining Unicode char U+1F663 (decimal 128611)
   defining Unicode char U+1F664 (decimal 128612)
   defining Unicode char U+1F665 (decimal 128613)
   defining Unicode char U+1F666 (decimal 128614)
   defining Unicode char U+1F667 (decimal 128615)
   defining Unicode char U+1F668 (decimal 128616)
   defining Unicode char U+1F669 (decimal 128617)
   defining Unicode char U+1F66A (decimal 128618)
   defining Unicode char U+1F66B (decimal 128619)
   defining Unicode char U+1F66C (decimal 128620)
   defining Unicode char U+1F66D (decimal 128621)
   defining Unicode char U+1F66E (decimal 128622)
   defining Unicode char U+1F66F (decimal 128623)
   defining Unicode char U+1F670 (decimal 128624)
   defining Unicode char U+1F671 (decimal 128625)
   defining Unicode char U+1F672 (decimal 128626)
   defining Unicode char U+1F673 (decimal 128627)
   defining Unicode char U+1F674 (decimal 128628)
   defining Unicode char U+1F675 (decimal 128629)
   defining Unicode char U+1F676 (decimal 128630)
   defining Unicode char U+1F677 (decimal 128631)
   defining Unicode char U+1F678 (decimal 128632)
   defining Unicode char U+1F679 (decimal 128633)
   defining Unicode char U+1F67A (decimal 128634)
   defining Unicode char U+1F67B (decimal 128635)
   defining Unicode char U+1F67C (decimal 128636)
   defining Unicode char U+1F67D (decimal 128637)
   defining Unicode char U+1F67E (decimal 128638)
   defining Unicode char U+1F67F (decimal 128639)
   defining Unicode char U+1F680 (decimal 128640)
   defining Unicode char U+1F681 (decimal 128641)
   defining Unicode char U+1F682 (decimal 128642)
   defining Unicode char U+1F683 (decimal 128643)
   defining Unicode char U+1F684 (decimal 128644)
   defining Unicode char U+1F685 (decimal 128645)
   defining Unicode char U+1F686 (decimal 128646)
   defining Unicode char U+1F687 (decimal 128647)
   defining Unicode char U+1F688 (decimal 128648)
   defining Unicode char U+1F689 (decimal 128649)
   defining Unicode char U+1F68A (decimal 128650)
   defining Unicode char U+1F68B (decimal 128651)
   defining Unicode char U+1F68C (decimal 128652)
   defining Unicode char U+1F68D (decimal 128653)
   defining Unicode char U+1F68E (decimal 128654)
   defining Unicode char U+1F68F (decimal 128655)
   defining Unicode char U+1F690 (decimal 128656)
   defining Unicode char U+1F691 (decimal 128657)
   defining Unicode char U+1F692 (decimal 128658)
   defining Unicode char U+1F693 (decimal 128659)
   defining Unicode char U+1F694 (decimal 128660)
   defining Unicode char U+1F695 (decimal 128661)
   defining Unicode char U+1F696 (decimal 128662)
   defining Unicode char U+1F697 (decimal 128663)
   defining Unicode char U+1F698 (decimal 128664)
   defining Unicode char U+1F699 (decimal 128665)
   defining Unicode char U+1F69A (decimal 128666)
   defining Unicode char U+1F69B (decimal 128667)
   defining Unicode char U+1F69C (decimal 128668)
   defining Unicode char U+1F69D (decimal 128669)
   defining Unicode char U+1F69E (decimal 128670)
   defining Unicode char U+1F69F (decimal 128671)
   defining Unicode char U+1F6A0 (decimal 128672)
   defining Unicode char U+1F6A1 (decimal 128673)
   defining Unicode char U+1F6A2 (decimal 128674)
   defining Unicode char U+1F6A3 (decimal 128675)
   defining Unicode char U+1F6A4 (decimal 128676)
   defining Unicode char U+1F6A5 (decimal 128677)
   defining Unicode char U+1F6A6 (decimal 128678)
   defining Unicode char U+1F6A7 (decimal 128679)
   defining Unicode char U+1F6A8 (decimal 128680)
   defining Unicode char U+1F6A9 (decimal 128681)
   defining Unicode char U+1F6AA (decimal 128682)
   defining Unicode char U+1F6AB (decimal 128683)
   defining Unicode char U+1F6AC (decimal 128684)
   defining Unicode char U+1F6AD (decimal 128685)
   defining Unicode char U+1F6AE (decimal 128686)
   defining Unicode char U+1F6AF (decimal 128687)
   defining Unicode char U+1F6B0 (decimal 128688)
   defining Unicode char U+1F6B1 (decimal 128689)
   defining Unicode char U+1F6B2 (decimal 128690)
   defining Unicode char U+1F6B3 (decimal 128691)
   defining Unicode char U+1F6B4 (decimal 128692)
   defining Unicode char U+1F6B5 (decimal 128693)
   defining Unicode char U+1F6B6 (decimal 128694)
   defining Unicode char U+1F6B7 (decimal 128695)
   defining Unicode char U+1F6B8 (decimal 128696)
   defining Unicode char U+1F6B9 (decimal 128697)
   defining Unicode char U+1F6BA (decimal 128698)
   defining Unicode char U+1F6BB (decimal 128699)
   defining Unicode char U+1F6BC (decimal 128700)
   defining Unicode char U+1F6BD (decimal 128701)
   defining Unicode char U+1F6BE (decimal 128702)
   defining Unicode char U+1F6BF (decimal 128703)
   defining Unicode char U+1F6C0 (decimal 128704)
   defining Unicode char U+1F6C1 (decimal 128705)
   defining Unicode char U+1F6C2 (decimal 128706)
   defining Unicode char U+1F6C3 (decimal 128707)
   defining Unicode char U+1F6C4 (decimal 128708)
   defining Unicode char U+1F6C5 (decimal 128709)
   defining Unicode char U+1F6C6 (decimal 128710)
   defining Unicode char U+1F6C7 (decimal 128711)
   defining Unicode char U+1F6C8 (decimal 128712)
   defining Unicode char U+1F6C9 (decimal 128713)
   defining Unicode char U+1F6CA (decimal 128714)
   defining Unicode char U+1F6CB (decimal 128715)
   defining Unicode char U+1F6CC (decimal 128716)
   defining Unicode char U+1F6CD (decimal 128717)
   defining Unicode char U+1F6CE (decimal 128718)
   defining Unicode char U+1F6CF (decimal 128719)
   defining Unicode char U+1F6D0 (decimal 128720)
   defining Unicode char U+1F6D1 (decimal 128721)
   defining Unicode char U+1F6D2 (decimal 128722)
   defining Unicode char U+1F6D3 (decimal 128723)
   defining Unicode char U+1F6D4 (decimal 128724)
   defining Unicode char U+1F6D5 (decimal 128725)
   defining Unicode char U+1F6D6 (decimal 128726)
   defining Unicode char U+1F6D7 (decimal 128727)
   defining Unicode char U+1F6D8 (decimal 128728)
   defining Unicode char U+1F6D9 (decimal 128729)
   defining Unicode char U+1F6DA (decimal 128730)
   defining Unicode char U+1F6DB (decimal 128731)
   defining Unicode char U+1F6DC (decimal 128732)
   defining Unicode char U+1F6DD (decimal 128733)
   defining Unicode char U+1F6DE (decimal 128734)
   defining Unicode char U+1F6DF (decimal 128735)
   defining Unicode char U+1F6E0 (decimal 128736)
   defining Unicode char U+1F6E1 (decimal 128737)
   defining Unicode char U+1F6E2 (decimal 128738)
   defining Unicode char U+1F6E3 (decimal 128739)
   defining Unicode char U+1F6E4 (decimal 128740)
   defining Unicode char U+1F6E5 (decimal 128741)
   defining Unicode char U+1F6E6 (decimal 128742)
   defining Unicode char U+1F6E7 (decimal 128743)
   defining Unicode char U+1F6E8 (decimal 128744)
   defining Unicode char U+1F6E9 (decimal 128745)
   defining Unicode char U+1F6EA (decimal 128746)
   defining Unicode char U+1F6EB (decimal 128747)
   defining Unicode char U+1F6EC (decimal 128748)
   defining Unicode char U+1F6ED (decimal 128749)
   defining Unicode char U+1F6EE (decimal 128750)
   defining Unicode char U+1F6EF (decimal 128751)
   defining Unicode char U+1F6F0 (decimal 128752)
   defining Unicode char U+1F6F1 (decimal 128753)
   defining Unicode char U+1F6F2 (decimal 128754)
   defining Unicode char U+1F6F3 (decimal 128755)
   defining Unicode char U+1F6F4 (decimal 128756)
   defining Unicode char U+1F6F5 (decimal 128757)
   defining Unicode char U+1F6F6 (decimal 128758)
   defining Unicode char U+1F6F7 (decimal 128759)
   defining Unicode char U+1F6F8 (decimal 128760)
   defining Unicode char U+1F6F9 (decimal 128761)
   defining Unicode char U+1F6FA (decimal 128762)
   defining Unicode char U+1F6FB (decimal 128763)
   defining Unicode char U+1F6FC (decimal 128764)
   defining Unicode char U+1F6FD (decimal 128765)
   defining Unicode char U+1F6FE (decimal 128766)
   defining Unicode char U+1F6FF (decimal 128767)
   defining Unicode char U+2600 (decimal 9728)
   defining Unicode char U+2601 (decimal 9729)
   defining Unicode char U+2602 (decimal 9730)
   defining Unicode char U+2603 (decimal 9731)
   defining Unicode char U+2604 (decimal 9732)
   defining Unicode char U+2605 (decimal 9733)
   defining Unicode char U+2606 (decimal 9734)
   defining Unicode char U+2607 (decimal 9735)
   defining Unicode char U+2608 (decimal 9736)
   defining Unicode char U+2609 (decimal 9737)
   defining Unicode char U+260A (decimal 9738)
   defining Unicode char U+260B (decimal 9739)
   defining Unicode char U+260C (decimal 9740)
   defining Unicode char U+260D (decimal 9741)
   defining Unicode char U+260E (decimal 9742)
   defining Unicode char U+260F (decimal 9743)
   defining Unicode char U+2610 (decimal 9744)
   defining Unicode char U+2611 (decimal 9745)
   defining Unicode char U+2612 (decimal 9746)
   defining Unicode char U+2613 (decimal 9747)
   defining Unicode char U+2614 (decimal 9748)
   defining Unicode char U+2615 (decimal 9749)
   defining Unicode char U+2616 (decimal 9750)
   defining Unicode char U+2617 (decimal 9751)
   defining Unicode char U+2618 (decimal 9752)
   defining Unicode char U+2619 (decimal 9753)
   defining Unicode char U+261A (decimal 9754)
   defining Unicode char U+261B (decimal 9755)
   defining Unicode char U+261C (decimal 9756)
   defining Unicode char U+261D (decimal 9757)
   defining Unicode char U+261E (decimal 9758)
   defining Unicode char U+261F (decimal 9759)
   defining Unicode char U+2620 (decimal 9760)
   defining Unicode char U+2621 (decimal 9761)
   defining Unicode char U+2622 (decimal 9762)
   defining Unicode char U+2623 (decimal 9763)
   defining Unicode char U+2624 (decimal 9764)
   defining Unicode char U+2625 (decimal 9765)
   defining Unicode char U+2626 (decimal 9766)
   defining Unicode char U+2627 (decimal 9767)
   defining Unicode char U+2628 (decimal 9768)
   defining Unicode char U+2629 (decimal 9769)
   defining Unicode char U+262A (decimal 9770)
   defining Unicode char U+262B (decimal 9771)
   defining Unicode char U+262C (decimal 9772)
   defining Unicode char U+262D (decimal 9773)
   defining Unicode char U+262E (decimal 9774)
   defining Unicode char U+262F (decimal 9775)
   defining Unicode char U+2630 (decimal 9776)
   defining Unicode char U+2631 (decimal 9777)
   defining Unicode char U+2632 (decimal 9778)
   defining Unicode char U+2633 (decimal 9779)
   defining Unicode char U+2634 (decimal 9780)
   defining Unicode char U+2635 (decimal 9781)
   defining Unicode char U+2636 (decimal 9782)
   defining Unicode char U+2637 (decimal 9783)
   defining Unicode char U+2638 (decimal 9784)
   defining Unicode char U+2639 (decimal 9785)
   defining Unicode char U+263A (decimal 9786)
   defining Unicode char U+263B (decimal 9787)
   defining Unicode char U+263C (decimal 9788)
   defining Unicode char U+263D (decimal 9789)
   defining Unicode char U+263E (decimal 9790)
   defining Unicode char U+263F (decimal 9791)
   defining Unicode char U+2640 (decimal 9792)
   defining Unicode char U+2641 (decimal 9793)
   defining Unicode char U+2642 (decimal 9794)
   defining Unicode char U+2643 (decimal 9795)
   defining Unicode char U+2644 (decimal 9796)
   defining Unicode char U+2645 (decimal 9797)
   defining Unicode char U+2646 (decimal 9798)
   defining Unicode char U+2647 (decimal 9799)
   defining Unicode char U+2648 (decimal 9800)
   defining Unicode char U+2649 (decimal 9801)
   defining Unicode char U+264A (decimal 9802)
   defining Unicode char U+264B (decimal 9803)
   defining Unicode char U+264C (decimal 9804)
   defining Unicode char U+264D (decimal 9805)
   defining Unicode char U+264E (decimal 9806)
   defining Unicode char U+264F (decimal 9807)
   defining Unicode char U+2650 (decimal 9808)
   defining Unicode char U+2651 (decimal 9809)
   defining Unicode char U+2652 (decimal 9810)
   defining Unicode char U+2653 (decimal 9811)
   defining Unicode char U+2654 (decimal 9812)
   defining Unicode char U+2655 (decimal 9813)
   defining Unicode char U+2656 (decimal 9814)
   defining Unicode char U+2657 (decimal 9815)
   defining Unicode char U+2658 (decimal 9816)
   defining Unicode char U+2659 (decimal 9817)
   defining Unicode char U+265A (decimal 9818)
   defining Unicode char U+265B (decimal 9819)
   defining Unicode char U+265C (decimal 9820)
   defining Unicode char U+265D (decimal 9821)
   defining Unicode char U+265E (decimal 9822)
   defining Unicode char U+265F (decimal 9823)
   defining Unicode char U+2660 (decimal 9824)
   defining Unicode char U+2661 (decimal 9825)
   defining Unicode char U+2662 (decimal 9826)
   defining Unicode char U+2663 (decimal 9827)
   defining Unicode char U+2664 (decimal 9828)
   defining Unicode char U+2665 (decimal 9829)
   defining Unicode char U+2666 (decimal 9830)
   defining Unicode char U+2667 (decimal 9831)
   defining Unicode char U+2668 (decimal 9832)
   defining Unicode char U+2669 (decimal 9833)
   defining Unicode char U+266A (decimal 9834)
   defining Unicode char U+266B (decimal 9835)
   defining Unicode char U+266C (decimal 9836)
   defining Unicode char U+266D (decimal 9837)
   defining Unicode char U+266E (decimal 9838)
   defining Unicode char U+266F (decimal 9839)
   defining Unicode char U+2670 (decimal 9840)
   defining Unicode char U+2671 (decimal 9841)
   defining Unicode char U+2672 (decimal 9842)
   defining Unicode char U+2673 (decimal 9843)
   defining Unicode char U+2674 (decimal 9844)
   defining Unicode char U+2675 (decimal 9845)
   defining Unicode char U+2676 (decimal 9846)
   defining Unicode char U+2677 (decimal 9847)
   defining Unicode char U+2678 (decimal 9848)
   defining Unicode char U+2679 (decimal 9849)
   defining Unicode char U+267A (decimal 9850)
   defining Unicode char U+267B (decimal 9851)
   defining Unicode char U+267C (decimal 9852)
   defining Unicode char U+267D (decimal 9853)
   defining Unicode char U+267E (decimal 9854)
   defining Unicode char U+267F (decimal 9855)
   defining Unicode char U+2680 (decimal 9856)
   defining Unicode char U+2681 (decimal 9857)
   defining Unicode char U+2682 (decimal 9858)
   defining Unicode char U+2683 (decimal 9859)
   defining Unicode char U+2684 (decimal 9860)
   defining Unicode char U+2685 (decimal 9861)
   defining Unicode char U+2686 (decimal 9862)
   defining Unicode char U+2687 (decimal 9863)
   defining Unicode char U+2688 (decimal 9864)
   defining Unicode char U+2689 (decimal 9865)
   defining Unicode char U+268A (decimal 9866)
   defining Unicode char U+268B (decimal 9867)
   defining Unicode char U+268C (decimal 9868)
   defining Unicode char U+268D (decimal 9869)
   defining Unicode char U+268E (decimal 9870)
   defining Unicode char U+268F (decimal 9871)
   defining Unicode char U+2690 (decimal 9872)
   defining Unicode char U+2691 (decimal 9873)
   defining Unicode char U+2692 (decimal 9874)
   defining Unicode char U+2693 (decimal 9875)
   defining Unicode char U+2694 (decimal 9876)
   defining Unicode char U+2695 (decimal 9877)
   defining Unicode char U+2696 (decimal 9878)
   defining Unicode char U+2697 (decimal 9879)
   defining Unicode char U+2698 (decimal 9880)
   defining Unicode char U+2699 (decimal 9881)
   defining Unicode char U+269A (decimal 9882)
   defining Unicode char U+269B (decimal 9883)
   defining Unicode char U+269C (decimal 9884)
   defining Unicode char U+269D (decimal 9885)
   defining Unicode char U+269E (decimal 9886)
   defining Unicode char U+269F (decimal 9887)
   defining Unicode char U+26A0 (decimal 9888)
   defining Unicode char U+26A1 (decimal 9889)
   defining Unicode char U+26A2 (decimal 9890)
   defining Unicode char U+26A3 (decimal 9891)
   defining Unicode char U+26A4 (decimal 9892)
   defining Unicode char U+26A5 (decimal 9893)
   defining Unicode char U+26A6 (decimal 9894)
   defining Unicode char U+26A7 (decimal 9895)
   defining Unicode char U+26A8 (decimal 9896)
   defining Unicode char U+26A9 (decimal 9897)
   defining Unicode char U+26AA (decimal 9898)
   defining Unicode char U+26AB (decimal 9899)
   defining Unicode char U+26AC (decimal 9900)
   defining Unicode char U+26AD (decimal 9901)
   defining Unicode char U+26AE (decimal 9902)
   defining Unicode char U+26AF (decimal 9903)
   defining Unicode char U+26B0 (decimal 9904)
   defining Unicode char U+26B1 (decimal 9905)
   defining Unicode char U+26B2 (decimal 9906)
   defining Unicode char U+26B3 (decimal 9907)
   defining Unicode char U+26B4 (decimal 9908)
   defining Unicode char U+26B5 (decimal 9909)
   defining Unicode char U+26B6 (decimal 9910)
   defining Unicode char U+26B7 (decimal 9911)
   defining Unicode char U+26B8 (decimal 9912)
   defining Unicode char U+26B9 (decimal 9913)
   defining Unicode char U+26BA (decimal 9914)
   defining Unicode char U+26BB (decimal 9915)
   defining Unicode char U+26BC (decimal 9916)
   defining Unicode char U+26BD (decimal 9917)
   defining Unicode char U+26BE (decimal 9918)
   defining Unicode char U+26BF (decimal 9919)
   defining Unicode char U+26C0 (decimal 9920)
   defining Unicode char U+26C1 (decimal 9921)
   defining Unicode char U+26C2 (decimal 9922)
   defining Unicode char U+26C3 (decimal 9923)
   defining Unicode char U+26C4 (decimal 9924)
   defining Unicode char U+26C5 (decimal 9925)
   defining Unicode char U+26C6 (decimal 9926)
   defining Unicode char U+26C7 (decimal 9927)
   defining Unicode char U+26C8 (decimal 9928)
   defining Unicode char U+26C9 (decimal 9929)
   defining Unicode char U+26CA (decimal 9930)
   defining Unicode char U+26CB (decimal 9931)
   defining Unicode char U+26CC (decimal 9932)
   defining Unicode char U+26CD (decimal 9933)
   defining Unicode char U+26CE (decimal 9934)
   defining Unicode char U+26CF (decimal 9935)
   defining Unicode char U+26D0 (decimal 9936)
   defining Unicode char U+26D1 (decimal 9937)
   defining Unicode char U+26D2 (decimal 9938)
   defining Unicode char U+26D3 (decimal 9939)
   defining Unicode char U+26D4 (decimal 9940)
   defining Unicode char U+26D5 (decimal 9941)
   defining Unicode char U+26D6 (decimal 9942)
   defining Unicode char U+26D7 (decimal 9943)
   defining Unicode char U+26D8 (decimal 9944)
   defining Unicode char U+26D9 (decimal 9945)
   defining Unicode char U+26DA (decimal 9946)
   defining Unicode char U+26DB (decimal 9947)
   defining Unicode char U+26DC (decimal 9948)
   defining Unicode char U+26DD (decimal 9949)
   defining Unicode char U+26DE (decimal 9950)
   defining Unicode char U+26DF (decimal 9951)
   defining Unicode char U+26E0 (decimal 9952)
   defining Unicode char U+26E1 (decimal 9953)
   defining Unicode char U+26E2 (decimal 9954)
   defining Unicode char U+26E3 (decimal 9955)
   defining Unicode char U+26E4 (decimal 9956)
   defining Unicode char U+26E5 (decimal 9957)
   defining Unicode char U+26E6 (decimal 9958)
   defining Unicode char U+26E7 (decimal 9959)
   defining Unicode char U+26E8 (decimal 9960)
   defining Unicode char U+26E9 (decimal 9961)
   defining Unicode char U+26EA (decimal 9962)
   defining Unicode char U+26EB (decimal 9963)
   defining Unicode char U+26EC (decimal 9964)
   defining Unicode char U+26ED (decimal 9965)
   defining Unicode char U+26EE (decimal 9966)
   defining Unicode char U+26EF (decimal 9967)
   defining Unicode char U+26F0 (decimal 9968)
   defining Unicode char U+26F1 (decimal 9969)
   defining Unicode char U+26F2 (decimal 9970)
   defining Unicode char U+26F3 (decimal 9971)
   defining Unicode char U+26F4 (decimal 9972)
   defining Unicode char U+26F5 (decimal 9973)
   defining Unicode char U+26F6 (decimal 9974)
   defining Unicode char U+26F7 (decimal 9975)
   defining Unicode char U+26F8 (decimal 9976)
   defining Unicode char U+26F9 (decimal 9977)
   defining Unicode char U+26FA (decimal 9978)
   defining Unicode char U+26FB (decimal 9979)
   defining Unicode char U+26FC (decimal 9980)
   defining Unicode char U+26FD (decimal 9981)
   defining Unicode char U+26FE (decimal 9982)
   defining Unicode char U+26FF (decimal 9983)
   defining Unicode char U+2700 (decimal 9984)
   defining Unicode char U+2701 (decimal 9985)
   defining Unicode char U+2702 (decimal 9986)
   defining Unicode char U+2703 (decimal 9987)
   defining Unicode char U+2704 (decimal 9988)
   defining Unicode char U+2705 (decimal 9989)
   defining Unicode char U+2706 (decimal 9990)
   defining Unicode char U+2707 (decimal 9991)
   defining Unicode char U+2708 (decimal 9992)
   defining Unicode char U+2709 (decimal 9993)
   defining Unicode char U+270A (decimal 9994)
   defining Unicode char U+270B (decimal 9995)
   defining Unicode char U+270C (decimal 9996)
   defining Unicode char U+270D (decimal 9997)
   defining Unicode char U+270E (decimal 9998)
   defining Unicode char U+270F (decimal 9999)
   defining Unicode char U+2710 (decimal 10000)
   defining Unicode char U+2711 (decimal 10001)
   defining Unicode char U+2712 (decimal 10002)
   defining Unicode char U+2713 (decimal 10003)
   defining Unicode char U+2714 (decimal 10004)
   defining Unicode char U+2715 (decimal 10005)
   defining Unicode char U+2716 (decimal 10006)
   defining Unicode char U+2717 (decimal 10007)
   defining Unicode char U+2718 (decimal 10008)
   defining Unicode char U+2719 (decimal 10009)
   defining Unicode char U+271A (decimal 10010)
   defining Unicode char U+271B (decimal 10011)
   defining Unicode char U+271C (decimal 10012)
   defining Unicode char U+271D (decimal 10013)
   defining Unicode char U+271E (decimal 10014)
   defining Unicode char U+271F (decimal 10015)
   defining Unicode char U+2720 (decimal 10016)
   defining Unicode char U+2721 (decimal 10017)
   defining Unicode char U+2722 (decimal 10018)
   defining Unicode char U+2723 (decimal 10019)
   defining Unicode char U+2724 (decimal 10020)
   defining Unicode char U+2725 (decimal 10021)
   defining Unicode char U+2726 (decimal 10022)
   defining Unicode char U+2727 (decimal 10023)
   defining Unicode char U+2728 (decimal 10024)
   defining Unicode char U+2729 (decimal 10025)
   defining Unicode char U+272A (decimal 10026)
   defining Unicode char U+272B (decimal 10027)
   defining Unicode char U+272C (decimal 10028)
   defining Unicode char U+272D (decimal 10029)
   defining Unicode char U+272E (decimal 10030)
   defining Unicode char U+272F (decimal 10031)
   defining Unicode char U+2730 (decimal 10032)
   defining Unicode char U+2731 (decimal 10033)
   defining Unicode char U+2732 (decimal 10034)
   defining Unicode char U+2733 (decimal 10035)
   defining Unicode char U+2734 (decimal 10036)
   defining Unicode char U+2735 (decimal 10037)
   defining Unicode char U+2736 (decimal 10038)
   defining Unicode char U+2737 (decimal 10039)
   defining Unicode char U+2738 (decimal 10040)
   defining Unicode char U+2739 (decimal 10041)
   defining Unicode char U+273A (decimal 10042)
   defining Unicode char U+273B (decimal 10043)
   defining Unicode char U+273C (decimal 10044)
   defining Unicode char U+273D (decimal 10045)
   defining Unicode char U+273E (decimal 10046)
   defining Unicode char U+273F (decimal 10047)
   defining Unicode char U+2740 (decimal 10048)
   defining Unicode char U+2741 (decimal 10049)
   defining Unicode char U+2742 (decimal 10050)
   defining Unicode char U+2743 (decimal 10051)
   defining Unicode char U+2744 (decimal 10052)
   defining Unicode char U+2745 (decimal 10053)
   defining Unicode char U+2746 (decimal 10054)
   defining Unicode char U+2747 (decimal 10055)
   defining Unicode char U+2748 (decimal 10056)
   defining Unicode char U+2749 (decimal 10057)
   defining Unicode char U+274A (decimal 10058)
   defining Unicode char U+274B (decimal 10059)
   defining Unicode char U+274C (decimal 10060)
   defining Unicode char U+274D (decimal 10061)
   defining Unicode char U+274E (decimal 10062)
   defining Unicode char U+274F (decimal 10063)
   defining Unicode char U+2750 (decimal 10064)
   defining Unicode char U+2751 (decimal 10065)
   defining Unicode char U+2752 (decimal 10066)
   defining Unicode char U+2753 (decimal 10067)
   defining Unicode char U+2754 (decimal 10068)
   defining Unicode char U+2755 (decimal 10069)
   defining Unicode char U+2756 (decimal 10070)
   defining Unicode char U+2757 (decimal 10071)
   defining Unicode char U+2758 (decimal 10072)
   defining Unicode char U+2759 (decimal 10073)
   defining Unicode char U+275A (decimal 10074)
   defining Unicode char U+275B (decimal 10075)
   defining Unicode char U+275C (decimal 10076)
   defining Unicode char U+275D (decimal 10077)
   defining Unicode char U+275E (decimal 10078)
   defining Unicode char U+275F (decimal 10079)
   defining Unicode char U+2760 (decimal 10080)
   defining Unicode char U+2761 (decimal 10081)
   defining Unicode char U+2762 (decimal 10082)
   defining Unicode char U+2763 (decimal 10083)
   defining Unicode char U+2764 (decimal 10084)
   defining Unicode char U+2765 (decimal 10085)
   defining Unicode char U+2766 (decimal 10086)
   defining Unicode char U+2767 (decimal 10087)
   defining Unicode char U+2768 (decimal 10088)
   defining Unicode char U+2769 (decimal 10089)
   defining Unicode char U+276A (decimal 10090)
   defining Unicode char U+276B (decimal 10091)
   defining Unicode char U+276C (decimal 10092)
   defining Unicode char U+276D (decimal 10093)
   defining Unicode char U+276E (decimal 10094)
   defining Unicode char U+276F (decimal 10095)
   defining Unicode char U+2770 (decimal 10096)
   defining Unicode char U+2771 (decimal 10097)
   defining Unicode char U+2772 (decimal 10098)
   defining Unicode char U+2773 (decimal 10099)
   defining Unicode char U+2774 (decimal 10100)
   defining Unicode char U+2775 (decimal 10101)
   defining Unicode char U+2776 (decimal 10102)
   defining Unicode char U+2777 (decimal 10103)
   defining Unicode char U+2778 (decimal 10104)
   defining Unicode char U+2779 (decimal 10105)
   defining Unicode char U+277A (decimal 10106)
   defining Unicode char U+277B (decimal 10107)
   defining Unicode char U+277C (decimal 10108)
   defining Unicode char U+277D (decimal 10109)
   defining Unicode char U+277E (decimal 10110)
   defining Unicode char U+277F (decimal 10111)
   defining Unicode char U+2780 (decimal 10112)
   defining Unicode char U+2781 (decimal 10113)
   defining Unicode char U+2782 (decimal 10114)
   defining Unicode char U+2783 (decimal 10115)
   defining Unicode char U+2784 (decimal 10116)
   defining Unicode char U+2785 (decimal 10117)
   defining Unicode char U+2786 (decimal 10118)
   defining Unicode char U+2787 (decimal 10119)
   defining Unicode char U+2788 (decimal 10120)
   defining Unicode char U+2789 (decimal 10121)
   defining Unicode char U+278A (decimal 10122)
   defining Unicode char U+278B (decimal 10123)
   defining Unicode char U+278C (decimal 10124)
   defining Unicode char U+278D (decimal 10125)
   defining Unicode char U+278E (decimal 10126)
   defining Unicode char U+278F (decimal 10127)
   defining Unicode char U+2790 (decimal 10128)
   defining Unicode char U+2791 (decimal 10129)
   defining Unicode char U+2792 (decimal 10130)
   defining Unicode char U+2793 (decimal 10131)
   defining Unicode char U+2794 (decimal 10132)
   defining Unicode char U+2795 (decimal 10133)
   defining Unicode char U+2796 (decimal 10134)
   defining Unicode char U+2797 (decimal 10135)
   defining Unicode char U+2798 (decimal 10136)
   defining Unicode char U+2799 (decimal 10137)
   defining Unicode char U+279A (decimal 10138)
   defining Unicode char U+279B (decimal 10139)
   defining Unicode char U+279C (decimal 10140)
   defining Unicode char U+279D (decimal 10141)
   defining Unicode char U+279E (decimal 10142)
   defining Unicode char U+279F (decimal 10143)
   defining Unicode char U+27A0 (decimal 10144)
   defining Unicode char U+27A1 (decimal 10145)
   defining Unicode char U+27A2 (decimal 10146)
   defining Unicode char U+27A3 (decimal 10147)
   defining Unicode char U+27A4 (decimal 10148)
   defining Unicode char U+27A5 (decimal 10149)
   defining Unicode char U+27A6 (decimal 10150)
   defining Unicode char U+27A7 (decimal 10151)
   defining Unicode char U+27A8 (decimal 10152)
   defining Unicode char U+27A9 (decimal 10153)
   defining Unicode char U+27AA (decimal 10154)
   defining Unicode char U+27AB (decimal 10155)
   defining Unicode char U+27AC (decimal 10156)
   defining Unicode char U+27AD (decimal 10157)
   defining Unicode char U+27AE (decimal 10158)
   defining Unicode char U+27AF (decimal 10159)
   defining Unicode char U+27B0 (decimal 10160)
   defining Unicode char U+27B1 (decimal 10161)
   defining Unicode char U+27B2 (decimal 10162)
   defining Unicode char U+27B3 (decimal 10163)
   defining Unicode char U+27B4 (decimal 10164)
   defining Unicode char U+27B5 (decimal 10165)
   defining Unicode char U+27B6 (decimal 10166)
   defining Unicode char U+27B7 (decimal 10167)
   defining Unicode char U+27B8 (decimal 10168)
   defining Unicode char U+27B9 (decimal 10169)
   defining Unicode char U+27BA (decimal 10170)
   defining Unicode char U+27BB (decimal 10171)
   defining Unicode char U+27BC (decimal 10172)
   defining Unicode char U+27BD (decimal 10173)
   defining Unicode char U+27BE (decimal 10174)
   defining Unicode char U+27BF (decimal 10175)
)
(d:/texlive/2025/texmf-dist/tex/latex/bbding/bbding.sty
Package: bbding 1999/04/15 v1.01 Dingbats symbols
)
(d:/texlive/2025/texmf-dist/tex/latex/subfig/subfig.sty
Package: subfig 2005/06/28 ver: 1.3 subfig package
\c@KVtest=\count373
\sf@farskip=\skip78
\sf@captopadj=\dimen362
\sf@capskip=\skip79
\sf@nearskip=\skip80
\c@subfigure=\count374
\c@subfigure@save=\count375
\c@lofdepth=\count376
\c@subtable=\count377
\c@subtable@save=\count378
\c@lotdepth=\count379
\sf@top=\skip81
\sf@bottom=\skip82
)
(d:/texlive/2025/texmf-dist/tex/latex/tools/enumerate.sty
Package: enumerate 2023/07/04 v3.00 enumerate extensions (DPC)
\@enLab=\toks51
)
(d:/texlive/2025/texmf-dist/tex/latex/wrapfig/wrapfig.sty
\wrapoverhang=\dimen363
\WF@size=\dimen364
\c@WF@wrappedlines=\count380
\WF@box=\box103
\WF@everypar=\toks52
Package: wrapfig 2003/01/31  v 3.6
)
(d:/texlive/2025/texmf-dist/tex/latex/mathtools/mathtools.sty
Package: mathtools 2024/10/04 v1.31 mathematical typesetting tools

(d:/texlive/2025/texmf-dist/tex/latex/mathtools/mhsetup.sty
Package: mhsetup 2021/03/18 v1.4 programming setup (MH)
)
\g_MT_multlinerow_int=\count381
\l_MT_multwidth_dim=\dimen365
\origjot=\skip83
\l_MT_shortvdotswithinadjustabove_dim=\dimen366
\l_MT_shortvdotswithinadjustbelow_dim=\dimen367
\l_MT_above_intertext_sep=\dimen368
\l_MT_below_intertext_sep=\dimen369
\l_MT_above_shortintertext_sep=\dimen370
\l_MT_below_shortintertext_sep=\dimen371
\xmathstrut@box=\box104
\xmathstrut@dim=\dimen372
)
(d:/texlive/2025/texmf-dist/tex/latex/enumitem/enumitem.sty
Package: enumitem 2025/02/06 v3.11 Customized lists
\labelindent=\skip84
\enit@outerparindent=\dimen373
\enit@toks=\toks53
\enit@inbox=\box105
\enit@count@id=\count382
\enitdp@description=\count383
)
(d:/texlive/2025/texmf-dist/tex/latex/cleveref/cleveref.sty
Package: cleveref 2018/03/27 v0.21.4 Intelligent cross-referencing
Package cleveref Info: `hyperref' support loaded on input line 2370.
LaTeX Info: Redefining \cref on input line 2370.
LaTeX Info: Redefining \Cref on input line 2370.
LaTeX Info: Redefining \crefrange on input line 2370.
LaTeX Info: Redefining \Crefrange on input line 2370.
LaTeX Info: Redefining \cpageref on input line 2370.
LaTeX Info: Redefining \Cpageref on input line 2370.
LaTeX Info: Redefining \cpagerefrange on input line 2370.
LaTeX Info: Redefining \Cpagerefrange on input line 2370.
LaTeX Info: Redefining \labelcref on input line 2370.
LaTeX Info: Redefining \labelcpageref on input line 2370.
Package cleveref Info: `algorithmicx' support loaded on input line 3120.
Package cleveref Info: `subfig' support loaded on input line 3164.
)
(d:/texlive/2025/texmf-dist/tex/latex/listings/listings.sty
\lst@mode=\count384
\lst@gtempboxa=\box106
\lst@token=\toks54
\lst@length=\count385
\lst@currlwidth=\dimen374
\lst@column=\count386
\lst@pos=\count387
\lst@lostspace=\dimen375
\lst@width=\dimen376
\lst@newlines=\count388
\lst@lineno=\count389
\lst@maxwidth=\dimen377

(d:/texlive/2025/texmf-dist/tex/latex/listings/lstpatch.sty
File: lstpatch.sty 2024/09/23 1.10c (Carsten Heinz)
)
(d:/texlive/2025/texmf-dist/tex/latex/listings/lstmisc.sty
File: lstmisc.sty 2024/09/23 1.10c (Carsten Heinz)
\c@lstnumber=\count390
\lst@skipnumbers=\count391
\lst@framebox=\box107
)
(d:/texlive/2025/texmf-dist/tex/latex/listings/listings.cfg
File: listings.cfg 2024/09/23 1.10c listings configuration
))
Package: listings 2024/09/23 1.10c (Carsten Heinz)

No file neurips_2025.aux.
\openout1 = `neurips_2025.aux'.

LaTeX Font Info:    Checking defaults for OML/cmm/m/it on input line 159.
LaTeX Font Info:    ... okay on input line 159.
LaTeX Font Info:    Checking defaults for OMS/cmsy/m/n on input line 159.
LaTeX Font Info:    ... okay on input line 159.
LaTeX Font Info:    Checking defaults for OT1/cmr/m/n on input line 159.
LaTeX Font Info:    ... okay on input line 159.
LaTeX Font Info:    Checking defaults for T1/cmr/m/n on input line 159.
LaTeX Font Info:    ... okay on input line 159.
LaTeX Font Info:    Checking defaults for TS1/cmr/m/n on input line 159.
LaTeX Font Info:    ... okay on input line 159.
LaTeX Font Info:    Checking defaults for OMX/cmex/m/n on input line 159.
LaTeX Font Info:    ... okay on input line 159.
LaTeX Font Info:    Checking defaults for U/cmr/m/n on input line 159.
LaTeX Font Info:    ... okay on input line 159.
LaTeX Font Info:    Checking defaults for PD1/pdf/m/n on input line 159.
LaTeX Font Info:    ... okay on input line 159.
LaTeX Font Info:    Checking defaults for PU/pdf/m/n on input line 159.
LaTeX Font Info:    ... okay on input line 159.
*geometry* driver: auto-detecting
*geometry* detected driver: pdftex
*geometry* verbose mode - [ preamble ] result:
* driver: pdftex
* paper: letterpaper
* layout: <same size as paper>
* layoutoffset:(h,v)=(0.0pt,0.0pt)
* modes: 
* h-part:(L,W,R)=(92.14519pt, 430.00462pt, 92.14519pt)
* v-part:(T,H,B)=(95.39737pt, 556.47656pt, 143.09605pt)
* \paperwidth=614.295pt
* \paperheight=794.96999pt
* \textwidth=430.00462pt
* \textheight=556.47656pt
* \oddsidemargin=19.8752pt
* \evensidemargin=19.8752pt
* \topmargin=-13.87262pt
* \headheight=12.0pt
* \headsep=25.0pt
* \topskip=10.0pt
* \footskip=30.0pt
* \marginparwidth=65.0pt
* \marginparsep=11.0pt
* \columnsep=10.0pt
* \skip\footins=9.0pt plus 4.0pt minus 2.0pt
* \hoffset=0.0pt
* \voffset=0.0pt
* \mag=1000
* \@twocolumnfalse
* \@twosidefalse
* \@mparswitchfalse
* \@reversemarginfalse
* (1in=72.27pt=25.4mm, 1cm=28.453pt)

*geometry* verbose mode - [ newgeometry ] result:
* driver: pdftex
* paper: letterpaper
* layout: <same size as paper>
* layoutoffset:(h,v)=(0.0pt,0.0pt)
* modes: 
* h-part:(L,W,R)=(108.405pt, 397.48499pt, 108.40501pt)
* v-part:(T,H,B)=(72.26999pt, 650.43pt, 72.27pt)
* \paperwidth=614.295pt
* \paperheight=794.96999pt
* \textwidth=397.48499pt
* \textheight=650.43pt
* \oddsidemargin=36.13501pt
* \evensidemargin=36.13501pt
* \topmargin=-37.0pt
* \headheight=12.0pt
* \headsep=25.0pt
* \topskip=10.0pt
* \footskip=30.0pt
* \marginparwidth=65.0pt
* \marginparsep=11.0pt
* \columnsep=10.0pt
* \skip\footins=9.0pt plus 4.0pt minus 2.0pt
* \hoffset=0.0pt
* \voffset=0.0pt
* \mag=1000
* \@twocolumnfalse
* \@twosidefalse
* \@mparswitchfalse
* \@reversemarginfalse
* (1in=72.27pt=25.4mm, 1cm=28.453pt)

(d:/texlive/2025/texmf-dist/tex/context/base/mkii/supp-pdf.mkii
[Loading MPS to PDF converter (version 2006.09.02).]
\scratchcounter=\count392
\scratchdimen=\dimen378
\scratchbox=\box108
\nofMPsegments=\count393
\nofMParguments=\count394
\everyMPshowfont=\toks55
\MPscratchCnt=\count395
\MPscratchDim=\dimen379
\MPnumerator=\count396
\makeMPintoPDFobject=\count397
\everyMPtoPDFconversion=\toks56
) (d:/texlive/2025/texmf-dist/tex/latex/epstopdf-pkg/epstopdf-base.sty
Package: epstopdf-base 2020-01-24 v2.11 Base part for package epstopdf
Package epstopdf-base Info: Redefining graphics rule for `.eps' on input line 4
85.

(d:/texlive/2025/texmf-dist/tex/latex/latexconfig/epstopdf-sys.cfg
File: epstopdf-sys.cfg 2010/07/13 v1.3 Configuration of (r)epstopdf for TeX Liv
e
))
Package hyperref Info: Link coloring ON on input line 159.
\@outlinefile=\write4
\openout4 = `neurips_2025.out'.

Package microtype Info: Patching varwidth to enable character protrusion.
\MT@vwid@leftmargin=\dimen380
\MT@vwid@rightmargin=\dimen381
LaTeX Info: Redefining \microtypecontext on input line 159.
Package microtype Info: Applying patch `item' on input line 159.
Package microtype Info: Applying patch `toc' on input line 159.
Package microtype Info: Applying patch `eqnum' on input line 159.
Package microtype Info: Applying patch `footnote' on input line 159.
Package microtype Info: Applying patch `verbatim' on input line 159.
LaTeX Info: Redefining \microtypesetup on input line 159.
Package microtype Info: Generating PDF output.
Package microtype Info: Character protrusion enabled (level 2).
Package microtype Info: Using default protrusion set `alltext'.
Package microtype Info: Automatic font expansion enabled (level 2),
(microtype)             stretch: 20, shrink: 20, step: 1, non-selected.
Package microtype Info: Using default expansion set `alltext-nott'.
LaTeX Info: Redefining \showhyphens on input line 159.
Package microtype Info: No adjustment of tracking.
Package microtype Info: No adjustment of interword spacing.
Package microtype Info: No adjustment of character kerning.

(d:/texlive/2025/texmf-dist/tex/latex/microtype/mt-ptm.cfg
File: mt-ptm.cfg 2006/04/20 v1.7 microtype config. file: Times (RS)
)
(d:/texlive/2025/texmf-dist/tex/latex/ninecolors/ninecolors.sty
Package: ninecolors 2022-02-13 v2022D Select colors with proper color contrast

(d:/texlive/2025/texmf-dist/tex/latex/l3packages/xparse/xparse.sty
Package: xparse 2024-08-16 L3 Experimental document command parser
))
Package caption Info: Begin \AtBeginDocument code.
Package caption Info: subfig package v1.3 is loaded.
Package caption Info: listings package is loaded.
Package caption Info: wrapfig package is loaded.
Package caption Info: End \AtBeginDocument code.
\c@lstlisting=\count398

(d:/texlive/2025/texmf-dist/tex/latex/microtype/mt-cmr.cfg
File: mt-cmr.cfg 2013/05/19 v2.2 microtype config. file: Computer Modern Roman 
(RS)
)
LaTeX Font Info:    Trying to load font information for U+msa on input line 170
.

(d:/texlive/2025/texmf-dist/tex/latex/amsfonts/umsa.fd
File: umsa.fd 2013/01/14 v3.01 AMS symbols A
)
(d:/texlive/2025/texmf-dist/tex/latex/microtype/mt-msa.cfg
File: mt-msa.cfg 2006/02/04 v1.1 microtype config. file: AMS symbols (a) (RS)
)
LaTeX Font Info:    Trying to load font information for U+msb on input line 170
.

(d:/texlive/2025/texmf-dist/tex/latex/amsfonts/umsb.fd
File: umsb.fd 2013/01/14 v3.01 AMS symbols B
)
(d:/texlive/2025/texmf-dist/tex/latex/microtype/mt-msb.cfg
File: mt-msb.cfg 2005/06/01 v1.0 microtype config. file: AMS symbols (b) (RS)
)
LaTeX Font Info:    Trying to load font information for T1+pcr on input line 17
0.

(d:/texlive/2025/texmf-dist/tex/latex/psnfss/t1pcr.fd
File: t1pcr.fd 2001/06/04 font definitions for T1/pcr.
)
Package microtype Info: Loading generic protrusion settings for font family
(microtype)             `pcr' (encoding: T1).
(microtype)             For optimal results, create family-specific settings.
(microtype)             See the microtype manual for details.
<fig/teaser.pdf, id=8, 4111.36pt x 2559.5625pt>
File: fig/teaser.pdf Graphic file (type pdf)
<use fig/teaser.pdf>
Package pdftex.def Info: fig/teaser.pdf  used on input line 173.
(pdftex.def)             Requested size: 397.48499pt x 247.45709pt.
 (./doc/Abstract.tex)
(./doc/Intro.tex

Package natbib Warning: Citation `ho2020denoising' on page 1 undefined on input
 line 3.


Package natbib Warning: Citation `rombach2022high' on page 1 undefined on input
 line 3.


Package natbib Warning: Citation `esser2024scaling' on page 1 undefined on inpu
t line 3.


Package natbib Warning: Citation `li2024hunyuandit' on page 1 undefined on inpu
t line 3.


Package natbib Warning: Citation `kong2024hunyuanvideo' on page 1 undefined on 
input line 3.


Package natbib Warning: Citation `wan2025' on page 1 undefined on input line 3.



Package natbib Warning: Citation `zhang20233dshape2vecset' on page 1 undefined 
on input line 3.


Package natbib Warning: Citation `zhao2023michelangelo' on page 1 undefined on 
input line 3.


Package natbib Warning: Citation `li2025triposg' on page 1 undefined on input l
ine 3.


Package natbib Warning: Citation `weng2024scaling' on page 1 undefined on input
 line 3.


Package natbib Warning: Citation `zhang2024clay' on page 1 undefined on input l
ine 3.


Package natbib Warning: Citation `jiang2024flexitex' on page 1 undefined on inp
ut line 3.


Package natbib Warning: Citation `liu2024text' on page 1 undefined on input lin
e 3.


Package natbib Warning: Citation `zhang2024clay' on page 1 undefined on input l
ine 3.


Package natbib Warning: Citation `rombach2022high' on page 1 undefined on input
 line 3.


Package natbib Warning: Citation `touvron2023llama' on page 1 undefined on inpu
t line 3.


Package natbib Warning: Citation `kong2024hunyuanvideo' on page 1 undefined on 
input line 3.


Package natbib Warning: Citation `wan2025' on page 1 undefined on input line 3.




[1


{d:/texlive/2025/texmf-var/fonts/map/pdftex/updmap/pdftex.map}{d:/texlive/2025/
texmf-dist/fonts/enc/dvips/base/8r.enc} <./fig/teaser.pdf>]

Package natbib Warning: Citation `lipman2022flow' on page 2 undefined on input 
line 11.


Package natbib Warning: Citation `esser2024scaling' on page 2 undefined on inpu
t line 11.


Package natbib Warning: Citation `hong2023lrm' on page 2 undefined on input lin
e 16.


Package natbib Warning: Citation `yang2024hunyuan3d' on page 2 undefined on inp
ut line 16.


Package natbib Warning: Citation `xu2024instantmesh' on page 2 undefined on inp
ut line 16.


Package natbib Warning: Citation `yang2024viewfusion' on page 2 undefined on in
put line 16.


Package natbib Warning: Citation `weng2023consistent123' on page 2 undefined on
 input line 16.


Package natbib Warning: Citation `liu2023syncdreamer' on page 2 undefined on in
put line 16.


Package natbib Warning: Citation `shi2023zero123++' on page 2 undefined on inpu
t line 16.


Package natbib Warning: Citation `liu2023zero' on page 2 undefined on input lin
e 16.


Package natbib Warning: Citation `zhao2023michelangelo' on page 2 undefined on 
input line 19.


Package natbib Warning: Citation `li2024craftsman' on page 2 undefined on input
 line 19.


Package natbib Warning: Citation `xiang2024structured' on page 2 undefined on i
nput line 19.


Package natbib Warning: Citation `li2025triposg' on page 2 undefined on input l
ine 19.


Package natbib Warning: Citation `li2025step1x' on page 2 undefined on input li
ne 19.


Package natbib Warning: Citation `wu2025direct3ds2gigascale3dgeneration' on pag
e 2 undefined on input line 19.

) (./doc/Data.tex

Package natbib Warning: Citation `chang2015shapenet' on page 2 undefined on inp
ut line 7.


Package natbib Warning: Citation `wu20153d' on page 2 undefined on input line 7
.


Package natbib Warning: Citation `zhou2016thingi10k' on page 2 undefined on inp
ut line 7.


Package natbib Warning: Citation `deitke2023objaverse' on page 2 undefined on i
nput line 7.


Package natbib Warning: Citation `deitke2023objaversexl' on page 2 undefined on
 input line 7.


Package natbib Warning: Citation `deitke2023objaversexl' on page 2 undefined on
 input line 7.



[2]
Package hyperref Info: bookmark level for unknown algorithm defaults to 0 on in
put line 31.


Package natbib Warning: Citation `deitke2023objaverse' on page 3 undefined on i
nput line 78.


Package natbib Warning: Citation `deitke2023objaversexl' on page 3 undefined on
 input line 78.

LaTeX Font Info:    Trying to load font information for TS1+ptm on input line 7
9.
(d:/texlive/2025/texmf-dist/tex/latex/psnfss/ts1ptm.fd
File: ts1ptm.fd 2001/06/04 font definitions for TS1/ptm.
)) (./doc/Train.tex

[3]

Package natbib Warning: Citation `rombach2022high' on page 4 undefined on input
 line 6.


Package natbib Warning: Citation `zhang20233dshape2vecset' on page 4 undefined 
on input line 6.


Package natbib Warning: Citation `zhao2023michelangelo' on page 4 undefined on 
input line 6.


Package natbib Warning: Citation `zhang2024clay' on page 4 undefined on input l
ine 6.


LaTeX Warning: Reference `subsubsec:vae' on page 4 undefined on input line 6.


LaTeX Warning: Reference `subsubsec:dit' on page 4 undefined on input line 6.

<fig/dit.pdf, id=49, 984.88208pt x 251.6898pt>
File: fig/dit.pdf Graphic file (type pdf)
<use fig/dit.pdf>
Package pdftex.def Info: fig/dit.pdf  used on input line 10.
(pdftex.def)             Requested size: 373.63686pt x 95.48181pt.
<fig/blocks.pdf, id=50, 766.70554pt x 264.95146pt>
File: fig/blocks.pdf Graphic file (type pdf)
<use fig/blocks.pdf>
Package pdftex.def Info: fig/blocks.pdf  used on input line 18.
(pdftex.def)             Requested size: 198.7425pt x 68.67957pt.

Package natbib Warning: Citation `li2024hunyuandit' on page 4 undefined on inpu
t line 19.


Package natbib Warning: Citation `li2024hunyuandit' on page 4 undefined on inpu
t line 19.


Package wrapfig Warning: Stationary wrapfigure forced to float on input line 26
.


Package natbib Warning: Citation `zhang20233dshape2vecset' on page 4 undefined 
on input line 29.


Package natbib Warning: Citation `zhang2024clay' on page 4 undefined on input l
ine 29.


Package natbib Warning: Citation `chen2024dora' on page 4 undefined on input li
ne 29.



[4 <./fig/blocks.pdf>]

Package natbib Warning: Citation `oquab2023dinov2' on page 5 undefined on input
 line 53.


Package natbib Warning: Citation `li2024hunyuandit' on page 5 undefined on inpu
t line 55.


Package natbib Warning: Citation `li2025triposg' on page 5 undefined on input l
ine 55.


LaTeX Warning: Reference `fig:dit' on page 5 undefined on input line 55.


LaTeX Warning: Reference `fig:blocks' on page 5 undefined on input line 55.


Package natbib Warning: Citation `zhang2024clay' on page 5 undefined on input l
ine 55.


Package natbib Warning: Citation `li2024craftsman' on page 5 undefined on input
 line 55.



[5 <./fig/dit.pdf>]

Package natbib Warning: Citation `lipman2022flow' on page 6 undefined on input 
line 62.


Package natbib Warning: Citation `esser2024scaling' on page 6 undefined on inpu
t line 62.


Package natbib Warning: Citation `lipman2024flowmatchingguidecode' on page 6 un
defined on input line 62.


Package natbib Warning: Citation `zhao2025hunyuan3d' on page 6 undefined on inp
ut line 72.


LaTeX Warning: Reference `fig:texture_pipe' on page 6 undefined on input line 7
2.


Package natbib Warning: Citation `burley2012physically' on page 6 undefined on 
input line 72.

<fig/tex_pipe.pdf, id=160, 923.13333pt x 288.99557pt>
File: fig/tex_pipe.pdf Graphic file (type pdf)
<use fig/tex_pipe.pdf>
Package pdftex.def Info: fig/tex_pipe.pdf  used on input line 77.
(pdftex.def)             Requested size: 397.48499pt x 124.43324pt.

Package natbib Warning: Citation `he2025materialmvpilluminationinvariantmateria
lgeneration' on page 6 undefined on input line 82.


LaTeX Warning: Reference `fig:texture_pipe' on page 6 undefined on input line 8
2.


Package natbib Warning: Citation `feng2025romantexdecoupling3dawarerotary' on p
age 6 undefined on input line 82.


Package natbib Warning: Citation `feng2025romantexdecoupling3dawarerotary' on p
age 6 undefined on input line 84.


Package natbib Warning: Citation `he2025materialmvpilluminationinvariantmateria
lgeneration' on page 6 undefined on input line 87.



[6 <./fig/tex_pipe.pdf>]

Package natbib Warning: Citation `lin2024common' on page 7 undefined on input l
ine 90.

) (./doc/Evaluation.tex

Package natbib Warning: Citation `zhao2023michelangelo' on page 7 undefined on 
input line 10.


Package natbib Warning: Citation `li2024craftsman' on page 7 undefined on input
 line 11.


Package natbib Warning: Citation `li2025triposg' on page 7 undefined on input l
ine 12.


Package natbib Warning: Citation `li2025step1x' on page 7 undefined on input li
ne 13.


Package natbib Warning: Citation `xiang2024structured' on page 7 undefined on i
nput line 14.


Package natbib Warning: Citation `wu2025direct3ds2gigascale3dgeneration' on pag
e 7 undefined on input line 15.

<fig/geo_compare.pdf, id=269, 1407.97612pt x 1286.77061pt>
File: fig/geo_compare.pdf Graphic file (type pdf)
<use fig/geo_compare.pdf>
Package pdftex.def Info: fig/geo_compare.pdf  used on input line 25.
(pdftex.def)             Requested size: 397.48499pt x 363.25813pt.

Package natbib Warning: Citation `xue2023ulip' on page 7 undefined on input lin
e 36.


Package natbib Warning: Citation `zhouuni3d' on page 7 undefined on input line 
36.


Package natbib Warning: Citation `wu2025direct3ds2gigascale3dgeneration' on pag
e 7 undefined on input line 38.


Package natbib Warning: Citation `li2025step1x' on page 7 undefined on input li
ne 38.


Package natbib Warning: Citation `li2025triposg' on page 7 undefined on input l
ine 38.


LaTeX Warning: Reference `tab:shapegen_transposed' on page 1 undefined on input
 line 38.


LaTeX Warning: Reference `fig:geo_compare' on page 7 undefined on input line 38
.


Package natbib Warning: Citation `heusel2017gans' on page 7 undefined on input 
line 45.


Package natbib Warning: Citation `radford2021learning' on page 7 undefined on i
nput line 45.


Package natbib Warning: Citation `zhang2018unreasonable' on page 7 undefined on
 input line 45.


Package natbib Warning: Citation `liu2024text' on page 7 undefined on input lin
e 45.


Package natbib Warning: Citation `yu2024texgen' on page 7 undefined on input li
ne 45.


Package natbib Warning: Citation `zhao2025hunyuan3d' on page 7 undefined on inp
ut line 45.


LaTeX Warning: Reference `tab:img2tex' on page 7 undefined on input line 45.


LaTeX Warning: Reference `fig:tex_comp' on page 7 undefined on input line 45.



[7]
<fig/tex_comp.pdf, id=280, 2688.0425pt x 1994.45125pt>
File: fig/tex_comp.pdf Graphic file (type pdf)
<use fig/tex_comp.pdf>
Package pdftex.def Info: fig/tex_comp.pdf  used on input line 49.
(pdftex.def)             Requested size: 317.9892pt x 235.91534pt.


LaTeX Warning: `h' float specifier changed to `ht'.


Package natbib Warning: Citation `liu2024text' on page 8 undefined on input lin
e 61.


Package natbib Warning: Citation `yu2024texgen' on page 8 undefined on input li
ne 62.


Package natbib Warning: Citation `zhao2025hunyuan3d' on page 8 undefined on inp
ut line 63.

<fig/e2e.pdf, id=281, 3685.91753pt x 2619.5873pt>
File: fig/e2e.pdf Graphic file (type pdf)
<use fig/e2e.pdf>
Package pdftex.def Info: fig/e2e.pdf  used on input line 75.
(pdftex.def)             Requested size: 397.48499pt x 282.47952pt.

LaTeX Warning: `h' float specifier changed to `ht'.


Package natbib Warning: Citation `li2025step1x' on page 8 undefined on input li
ne 82.


Package natbib Warning: Citation `chen20243dtopia' on page 8 undefined on input
 line 82.


LaTeX Warning: Reference `fig:e2e' on page 8 undefined on input line 82.

) (./doc/Conclusion.tex
Underfull \vbox (badness 1975) has occurred while \output is active []



[8 <./fig/geo_compare.pdf>])

[9 <./fig/tex_comp.pdf>]

[10 <./fig/e2e.pdf>] (./doc/Contributors.tex)

[11

] (./neurips_2025.bbl

[12

]

[13])

[14]

Package natbib Warning: There were undefined citations.

(./neurips_2025.aux

Package natbib Warning: Citation(s) may have changed.
(natbib)                Rerun to get citations correct.


! Package natbib Error: Bibliography not compatible with author-year citations.

(natbib)                Press <return> to continue in numerical citation style.


See the natbib package documentation for explanation.
Type  H <return>  for immediate help.
 ...                                              
                                                  
l.178 ...and\NAT@force@numbers{}\NAT@force@numbers
                                                  
Check the bibliography entries for non-compliant syntax,
or select author-year BibTeX style, e.g. plainnat

)
 ***********
LaTeX2e <2024-11-01> patch level 2
L3 programming layer <2025-01-18>
 ***********


LaTeX Warning: There were undefined references.


LaTeX Warning: Label(s) may have changed. Rerun to get cross-references right.


Package rerunfilecheck Warning: File `neurips_2025.out' has changed.
(rerunfilecheck)                Rerun to get outlines right
(rerunfilecheck)                or use package `bookmark'.

Package rerunfilecheck Info: Checksums for `neurips_2025.out':
(rerunfilecheck)             Before: <no file>
(rerunfilecheck)             After:  8CC4CC0C1E88BFD3E511EB14D0F19740;2848.
 ) 
Here is how much of TeX's memory you used:
 36631 strings out of 473190
 658554 string characters out of 5719980
 1084631 words of memory out of 5000000
 58796 multiletter control sequences out of 15000+600000
 616353 words of font info for 337 fonts, out of 8000000 for 9000
 1141 hyphenation exceptions out of 8191
 99i,10n,117p,1312b,681s stack positions out of 10000i,1000n,20000p,200000b,200000s
<d:/texlive/2025/texmf-dist/fonts/type1/public/amsfonts/cm/cmbx10.pfb><d:/tex
live/2025/texmf-dist/fonts/type1/public/amsfonts/cm/cmex10.pfb><d:/texlive/2025
/texmf-dist/fonts/type1/public/amsfonts/cm/cmmi10.pfb><d:/texlive/2025/texmf-di
st/fonts/type1/public/amsfonts/cm/cmmi5.pfb><d:/texlive/2025/texmf-dist/fonts/t
ype1/public/amsfonts/cm/cmmi7.pfb><d:/texlive/2025/texmf-dist/fonts/type1/publi
c/amsfonts/cm/cmr10.pfb><d:/texlive/2025/texmf-dist/fonts/type1/public/amsfonts
/cm/cmr5.pfb><d:/texlive/2025/texmf-dist/fonts/type1/public/amsfonts/cm/cmr7.pf
b><d:/texlive/2025/texmf-dist/fonts/type1/public/amsfonts/cm/cmsy10.pfb><d:/tex
live/2025/texmf-dist/fonts/type1/public/amsfonts/cm/cmsy5.pfb><d:/texlive/2025/
texmf-dist/fonts/type1/public/amsfonts/cm/cmsy7.pfb><d:/texlive/2025/texmf-dist
/fonts/type1/public/amsfonts/cm/cmsy9.pfb><d:/texlive/2025/texmf-dist/fonts/typ
e1/public/amsfonts/symbols/msbm10.pfb><d:/texlive/2025/texmf-dist/fonts/type1/p
ublic/amsfonts/symbols/msbm7.pfb><d:/texlive/2025/texmf-dist/fonts/type1/urw/co
urier/ucrr8a.pfb><d:/texlive/2025/texmf-dist/fonts/type1/urw/times/utmb8a.pfb><
d:/texlive/2025/texmf-dist/fonts/type1/urw/times/utmr8a.pfb><d:/texlive/2025/te
xmf-dist/fonts/type1/urw/times/utmri8a.pfb>
Output written on neurips_2025.pdf (14 pages, 34193961 bytes).
PDF statistics:
 571 PDF objects out of 1000 (max. 8388607)
 331 compressed objects within 4 object streams
 119 named destinations out of 1000 (max. 500000)
 50736 words of extra memory for PDF output out of 51595 (max. 10000000)

