This is pdfTeX, Version 3.141592653-2.6-1.40.27 (TeX Live 2025) (preloaded format=pdflatex 2026.2.7)  25 AUG 2026 01:08
entering extended mode
 restricted \write18 enabled.
 %&-line parsing enabled.
**main.tex
(./main.tex
LaTeX2e <2024-11-01> patch level 2
L3 programming layer <2025-01-18>
(./google.cls
Document Class: google 
(d:/texlive/2025/texmf-dist/tex/latex/xifthen/xifthen.sty
Package: xifthen 2015/11/05 v1.4.0 Extended ifthen features

(d:/texlive/2025/texmf-dist/tex/latex/tools/calc.sty
Package: calc 2023/07/08 v4.3 Infix arithmetic (KKT,FJ)
\calc@Acount=\count196
\calc@Bcount=\count197
\calc@Adimen=\dimen141
\calc@Bdimen=\dimen142
\calc@Askip=\skip49
\calc@Bskip=\skip50
LaTeX Info: Redefining \setlength on input line 80.
LaTeX Info: Redefining \addtolength on input line 81.
\calc@Ccount=\count198
\calc@Cskip=\skip51
)
(d:/texlive/2025/texmf-dist/tex/latex/base/ifthen.sty
Package: ifthen 2024/03/16 v1.1e Standard LaTeX ifthen package (DPC)
)
(d:/texlive/2025/texmf-dist/tex/latex/ifmtarg/ifmtarg.sty
Package: ifmtarg 2018/04/16 v1.2b check for an empty argument
))
(d:/texlive/2025/texmf-dist/tex/latex/extsizes/extarticle.cls
Document Class: extarticle 1996/10/08 v1.0 Non Standard LaTeX document class
(d:/texlive/2025/texmf-dist/tex/latex/base/size11.clo
File: size11.clo 2024/06/29 v1.4n Standard LaTeX file (size option)
)
(d:/texlive/2025/texmf-dist/tex/latex/base/exscale.sty
Package: exscale 2018/09/24 v2.1i Standard LaTeX package exscale
LaTeX Font Info:    Redeclaring symbol font `largesymbols' on input line 57.
LaTeX Font Info:    Overwriting symbol font `largesymbols' in version `normal'
(Font)                  OMX/cmex/m/n --> OMX/cmex/m/n on input line 57.
LaTeX Font Info:    Overwriting symbol font `largesymbols' in version `bold'
(Font)                  OMX/cmex/m/n --> OMX/cmex/m/n on input line 57.
\big@size=\dimen143
)
\c@part=\count199
\c@section=\count266
\c@subsection=\count267
\c@subsubsection=\count268
\c@paragraph=\count269
\c@subparagraph=\count270
\c@figure=\count271
\c@table=\count272
\abovecaptionskip=\skip52
\belowcaptionskip=\skip53
\bibindent=\dimen144
)
(d:/texlive/2025/texmf-dist/tex/latex/base/inputenc.sty
Package: inputenc 2024/02/08 v1.3d Input encoding file
\inpenc@prehook=\toks17
\inpenc@posthook=\toks18
)
(d:/texlive/2025/texmf-dist/tex/generic/babel/babel.sty
Package: babel 2025/02/14 v25.4 The multilingual framework for pdfLaTeX, LuaLaT
eX and XeLaTeX
\babel@savecnt=\count273
\U@D=\dimen145
\l@unhyphenated=\language90

(d:/texlive/2025/texmf-dist/tex/generic/babel/txtbabel.def)
\bbl@readstream=\read2
\bbl@dirlevel=\count274

(d:/texlive/2025/texmf-dist/tex/generic/babel-english/english.ldf
Language: english 2017/06/06 v3.3r English support from the babel system
Package babel Info: Hyphen rules for 'canadian' set to \l@english
(babel)             (\language0). Reported on input line 102.
Package babel Info: Hyphen rules for 'australian' set to \l@ukenglish
(babel)             (\language22). Reported on input line 105.
Package babel Info: Hyphen rules for 'newzealand' set to \l@ukenglish
(babel)             (\language22). Reported on input line 108.
))
(d:/texlive/2025/texmf-dist/tex/generic/babel/locale/en/babel-english.tex
Package babel Info: Importing font and identification data for english
(babel)             from babel-en.ini. Reported on input line 11.
)
(d:/texlive/2025/texmf-dist/tex/latex/amscls/amsthm.sty
Package: amsthm 2020/05/29 v2.20.6
\thm@style=\toks19
\thm@bodyfont=\toks20
\thm@headfont=\toks21
\thm@notefont=\toks22
\thm@headpunct=\toks23
\thm@preskip=\skip54
\thm@postskip=\skip55
\thm@headsep=\skip56
\dth@everypar=\toks24
)
(d:/texlive/2025/texmf-dist/tex/latex/amsmath/amsmath.sty
Package: amsmath 2024/11/05 v2.17t AMS math features
\@mathmargin=\skip57

For additional information on amsmath, use the `?' option.
(d:/texlive/2025/texmf-dist/tex/latex/amsmath/amstext.sty
Package: amstext 2021/08/26 v2.01 AMS text

(d:/texlive/2025/texmf-dist/tex/latex/amsmath/amsgen.sty
File: amsgen.sty 1999/11/30 v2.0 generic functions
\@emptytoks=\toks25
\ex@=\dimen146
))
(d:/texlive/2025/texmf-dist/tex/latex/amsmath/amsbsy.sty
Package: amsbsy 1999/11/29 v1.2d Bold Symbols
\pmbraise@=\dimen147
)
(d:/texlive/2025/texmf-dist/tex/latex/amsmath/amsopn.sty
Package: amsopn 2022/04/08 v2.04 operator names
)
\inf@bad=\count275
LaTeX Info: Redefining \frac on input line 233.
\uproot@=\count276
\leftroot@=\count277
LaTeX Info: Redefining \overline on input line 398.
LaTeX Info: Redefining \colon on input line 409.
\classnum@=\count278
\DOTSCASE@=\count279
LaTeX Info: Redefining \ldots on input line 495.
LaTeX Info: Redefining \dots on input line 498.
LaTeX Info: Redefining \cdots on input line 619.
\Mathstrutbox@=\box52
\strutbox@=\box53
LaTeX Info: Redefining \big on input line 721.
LaTeX Info: Redefining \Big on input line 722.
LaTeX Info: Redefining \bigg on input line 723.
LaTeX Info: Redefining \Bigg on input line 724.
\big@size=\dimen148
LaTeX Font Info:    Redeclaring font encoding OML on input line 742.
LaTeX Font Info:    Redeclaring font encoding OMS on input line 743.
\macc@depth=\count280
LaTeX Info: Redefining \bmod on input line 904.
LaTeX Info: Redefining \pmod on input line 909.
LaTeX Info: Redefining \smash on input line 939.
LaTeX Info: Redefining \relbar on input line 969.
LaTeX Info: Redefining \Relbar on input line 970.
\c@MaxMatrixCols=\count281
\dotsspace@=\muskip17
\c@parentequation=\count282
\dspbrk@lvl=\count283
\tag@help=\toks26
\row@=\count284
\column@=\count285
\maxfields@=\count286
\andhelp@=\toks27
\eqnshift@=\dimen149
\alignsep@=\dimen150
\tagshift@=\dimen151
\tagwidth@=\dimen152
\totwidth@=\dimen153
\lineht@=\dimen154
\@envbody=\toks28
\multlinegap=\skip58
\multlinetaggap=\skip59
\mathdisplay@stack=\toks29
LaTeX Info: Redefining \[ on input line 2953.
LaTeX Info: Redefining \] on input line 2954.
)
(d:/texlive/2025/texmf-dist/tex/latex/amsfonts/amsfonts.sty
Package: amsfonts 2013/01/14 v3.01 Basic AMSFonts support
\symAMSa=\mathgroup4
\symAMSb=\mathgroup5
LaTeX Font Info:    Redeclaring math symbol \hbar on input line 98.
LaTeX Font Info:    Overwriting math alphabet `\mathfrak' in version `bold'
(Font)                  U/euf/m/n --> U/euf/b/n on input line 106.
)
(d:/texlive/2025/texmf-dist/tex/latex/amsfonts/amssymb.sty
Package: amssymb 2013/01/14 v3.01 AMS font symbols
)
(d:/texlive/2025/texmf-dist/tex/latex/cmap/cmap.sty
Package: cmap 2021/02/06 v1.0j CMap support: searchable PDF
)
(d:/texlive/2025/texmf-dist/tex/latex/base/fontenc.sty
Package: fontenc 2021/04/29 v2.0v Standard LaTeX package
<<t1.cmap>>)
(d:/texlive/2025/texmf-dist/tex/latex/url/url.sty
\Urlmuskip=\muskip18
Package: url 2013/09/16  ver 3.4  Verb mode for urls, etc.
)
(d:/texlive/2025/texmf-dist/tex/latex/hyperref/hyperref.sty
Package: hyperref 2024-11-05 v7.01l Hypertext links for LaTeX

(d:/texlive/2025/texmf-dist/tex/generic/iftex/iftex.sty
Package: iftex 2024/12/12 v1.0g TeX engine tests
)
(d:/texlive/2025/texmf-dist/tex/latex/graphics/keyval.sty
Package: keyval 2022/05/29 v1.15 key=value parser (DPC)
\KV@toks@=\toks30
)
(d:/texlive/2025/texmf-dist/tex/latex/kvsetkeys/kvsetkeys.sty
Package: kvsetkeys 2022-10-05 v1.19 Key value parser (HO)
)
(d:/texlive/2025/texmf-dist/tex/generic/kvdefinekeys/kvdefinekeys.sty
Package: kvdefinekeys 2019-12-19 v1.6 Define keys (HO)
)
(d:/texlive/2025/texmf-dist/tex/generic/pdfescape/pdfescape.sty
Package: pdfescape 2019/12/09 v1.15 Implements pdfTeX's escape features (HO)

(d:/texlive/2025/texmf-dist/tex/generic/ltxcmds/ltxcmds.sty
Package: ltxcmds 2023-12-04 v1.26 LaTeX kernel commands for general use (HO)
)
(d:/texlive/2025/texmf-dist/tex/generic/pdftexcmds/pdftexcmds.sty
Package: pdftexcmds 2020-06-27 v0.33 Utility functions of pdfTeX for LuaTeX (HO
)

(d:/texlive/2025/texmf-dist/tex/generic/infwarerr/infwarerr.sty
Package: infwarerr 2019/12/03 v1.5 Providing info/warning/error messages (HO)
)
Package pdftexcmds Info: \pdf@primitive is available.
Package pdftexcmds Info: \pdf@ifprimitive is available.
Package pdftexcmds Info: \pdfdraftmode found.
))
(d:/texlive/2025/texmf-dist/tex/latex/hycolor/hycolor.sty
Package: hycolor 2020-01-27 v1.10 Color options for hyperref/bookmark (HO)
)
(d:/texlive/2025/texmf-dist/tex/latex/hyperref/nameref.sty
Package: nameref 2023-11-26 v2.56 Cross-referencing by name of section

(d:/texlive/2025/texmf-dist/tex/latex/refcount/refcount.sty
Package: refcount 2019/12/15 v3.6 Data extraction from label references (HO)
)
(d:/texlive/2025/texmf-dist/tex/generic/gettitlestring/gettitlestring.sty
Package: gettitlestring 2019/12/15 v1.6 Cleanup title references (HO)

(d:/texlive/2025/texmf-dist/tex/latex/kvoptions/kvoptions.sty
Package: kvoptions 2022-06-15 v3.15 Key value format for package options (HO)
))
\c@section@level=\count287
)
(d:/texlive/2025/texmf-dist/tex/latex/etoolbox/etoolbox.sty
Package: etoolbox 2025/02/11 v2.5l e-TeX tools for LaTeX (JAW)
\etb@tempcnta=\count288
)
(d:/texlive/2025/texmf-dist/tex/generic/stringenc/stringenc.sty
Package: stringenc 2019/11/29 v1.12 Convert strings between diff. encodings (HO
)
)
\@linkdim=\dimen155
\Hy@linkcounter=\count289
\Hy@pagecounter=\count290

(d:/texlive/2025/texmf-dist/tex/latex/hyperref/pd1enc.def
File: pd1enc.def 2024-11-05 v7.01l Hyperref: PDFDocEncoding definition (HO)
Now handling font encoding PD1 ...
... no UTF-8 mapping file for font encoding PD1
)
(d:/texlive/2025/texmf-dist/tex/generic/intcalc/intcalc.sty
Package: intcalc 2019/12/15 v1.3 Expandable calculations with integers (HO)
)
\Hy@SavedSpaceFactor=\count291

(d:/texlive/2025/texmf-dist/tex/latex/hyperref/puenc.def
File: puenc.def 2024-11-05 v7.01l Hyperref: PDF Unicode definition (HO)
Now handling font encoding PU ...
... no UTF-8 mapping file for font encoding PU
)
Package hyperref Info: Option `colorlinks' set `true' on input line 4040.
Package hyperref Info: Hyper figures OFF on input line 4157.
Package hyperref Info: Link nesting OFF on input line 4162.
Package hyperref Info: Hyper index ON on input line 4165.
Package hyperref Info: Plain pages OFF on input line 4172.
Package hyperref Info: Backreferencing OFF on input line 4177.
Package hyperref Info: Implicit mode ON; LaTeX internals redefined.
Package hyperref Info: Bookmarks ON on input line 4424.
\c@Hy@tempcnt=\count292
LaTeX Info: Redefining \url on input line 4763.
\XeTeXLinkMargin=\dimen156

(d:/texlive/2025/texmf-dist/tex/generic/bitset/bitset.sty
Package: bitset 2019/12/09 v1.3 Handle bit-vector datatype (HO)

(d:/texlive/2025/texmf-dist/tex/generic/bigintcalc/bigintcalc.sty
Package: bigintcalc 2019/12/15 v1.5 Expandable calculations on big integers (HO
)
))
\Fld@menulength=\count293
\Field@Width=\dimen157
\Fld@charsize=\dimen158
Package hyperref Info: Hyper figures OFF on input line 6042.
Package hyperref Info: Link nesting OFF on input line 6047.
Package hyperref Info: Hyper index ON on input line 6050.
Package hyperref Info: backreferencing OFF on input line 6057.
Package hyperref Info: Link coloring ON on input line 6060.
Package hyperref Info: Link coloring with OCG OFF on input line 6067.
Package hyperref Info: PDF/A mode OFF on input line 6072.

(d:/texlive/2025/texmf-dist/tex/latex/base/atbegshi-ltx.sty
Package: atbegshi-ltx 2021/01/10 v1.0c Emulation of the original atbegshi
package with kernel methods
)
\Hy@abspage=\count294
\c@Item=\count295
\c@Hfootnote=\count296
)
Package hyperref Info: Driver (autodetected): hpdftex.

(d:/texlive/2025/texmf-dist/tex/latex/hyperref/hpdftex.def
File: hpdftex.def 2024-11-05 v7.01l Hyperref driver for pdfTeX

(d:/texlive/2025/texmf-dist/tex/latex/base/atveryend-ltx.sty
Package: atveryend-ltx 2020/08/19 v1.0a Emulation of the original atveryend pac
kage
with kernel methods
)
\Fld@listcount=\count297
\c@bookmark@seq@number=\count298

(d:/texlive/2025/texmf-dist/tex/latex/rerunfilecheck/rerunfilecheck.sty
Package: rerunfilecheck 2022-07-10 v1.10 Rerun checks for auxiliary files (HO)

(d:/texlive/2025/texmf-dist/tex/generic/uniquecounter/uniquecounter.sty
Package: uniquecounter 2019/12/15 v1.4 Provide unlimited unique counter (HO)
)
Package uniquecounter Info: New unique counter `rerunfilecheck' on input line 2
85.
)
\Hy@SectionHShift=\skip60
)
(d:/texlive/2025/texmf-dist/tex/latex/psnfss/pifont.sty
Package: pifont 2020/03/25 PSNFSS-v9.3 Pi font support (SPQR) 
LaTeX Font Info:    Trying to load font information for U+pzd on input line 63.


(d:/texlive/2025/texmf-dist/tex/latex/psnfss/upzd.fd
File: upzd.fd 2001/06/04 font definitions for U/pzd.
)
LaTeX Font Info:    Trying to load font information for U+psy on input line 64.


(d:/texlive/2025/texmf-dist/tex/latex/psnfss/upsy.fd
File: upsy.fd 2001/06/04 font definitions for U/psy.
))
(d:/texlive/2025/texmf-dist/tex/latex/xcolor/xcolor.sty
Package: xcolor 2024/09/29 v3.02 LaTeX color extensions (UK)

(d:/texlive/2025/texmf-dist/tex/latex/graphics-cfg/color.cfg
File: color.cfg 2016/01/02 v1.6 sample color configuration
)
Package xcolor Info: Driver file: pdftex.def on input line 274.

(d:/texlive/2025/texmf-dist/tex/latex/graphics-def/pdftex.def
File: pdftex.def 2024/04/13 v1.2c Graphics/color driver for pdftex
)
(d:/texlive/2025/texmf-dist/tex/latex/graphics/mathcolor.ltx)
Package xcolor Info: Model `cmy' substituted by `cmy0' on input line 1349.
Package xcolor Info: Model `hsb' substituted by `rgb' on input line 1353.
Package xcolor Info: Model `RGB' extended on input line 1365.
Package xcolor Info: Model `HTML' substituted by `rgb' on input line 1367.
Package xcolor Info: Model `Hsb' substituted by `hsb' on input line 1368.
Package xcolor Info: Model `tHsb' substituted by `hsb' on input line 1369.
Package xcolor Info: Model `HSB' substituted by `hsb' on input line 1370.
Package xcolor Info: Model `Gray' substituted by `gray' on input line 1371.
Package xcolor Info: Model `wave' substituted by `hsb' on input line 1372.
)
(d:/texlive/2025/texmf-dist/tex/latex/graphics/dvipsnam.def
File: dvipsnam.def 2016/06/17 v3.0m Driver-dependent file (DPC,SPQR)
)
(d:/texlive/2025/texmf-dist/tex/latex/base/textcomp.sty
Package: textcomp 2024/04/24 v2.1b Standard LaTeX package
)
(d:/texlive/2025/texmf-dist/tex/latex/textcase/textcase.sty
Package: textcase 2025/02/16 v1.05 Text only upper/lower case changing (DPC)
Package textcase Info: Defining Legacy names on input line 20.
)
(d:/texlive/2025/texmf-dist/tex/latex/graphics/graphicx.sty
Package: graphicx 2021/09/16 v1.2d Enhanced LaTeX Graphics (DPC,SPQR)

(d:/texlive/2025/texmf-dist/tex/latex/graphics/graphics.sty
Package: graphics 2024/08/06 v1.4g Standard LaTeX Graphics (DPC,SPQR)

(d:/texlive/2025/texmf-dist/tex/latex/graphics/trig.sty
Package: trig 2023/12/02 v1.11 sin cos tan (DPC)
)
(d:/texlive/2025/texmf-dist/tex/latex/graphics-cfg/graphics.cfg
File: graphics.cfg 2016/06/04 v1.11 sample graphics configuration
)
Package graphics Info: Driver file: pdftex.def on input line 106.
)
\Gin@req@height=\dimen159
\Gin@req@width=\dimen160
)
(d:/texlive/2025/texmf-dist/tex/latex/colortbl/colortbl.sty
Package: colortbl 2024/07/06 v1.0i Color table columns (DPC)

(d:/texlive/2025/texmf-dist/tex/latex/tools/array.sty
Package: array 2024/10/17 v2.6g Tabular extension package (FMi)
\col@sep=\dimen161
\ar@mcellbox=\box54
\extrarowheight=\dimen162
\NC@list=\toks31
\extratabsurround=\skip61
\backup@length=\skip62
\ar@cellbox=\box55
)
\everycr=\toks32
\minrowclearance=\skip63
\rownum=\count299
)
(d:/texlive/2025/texmf-dist/tex/latex/booktabs/booktabs.sty
Package: booktabs 2020/01/12 v1.61803398 Publication quality tables
\heavyrulewidth=\dimen163
\lightrulewidth=\dimen164
\cmidrulewidth=\dimen165
\belowrulesep=\dimen166
\belowbottomsep=\dimen167
\aboverulesep=\dimen168
\abovetopsep=\dimen169
\cmidrulesep=\dimen170
\cmidrulekern=\dimen171
\defaultaddspace=\dimen172
\@cmidla=\count300
\@cmidlb=\count301
\@aboverulesep=\dimen173
\@belowrulesep=\dimen174
\@thisruleclass=\count302
\@lastruleclass=\count303
\@thisrulewidth=\dimen175
)
(d:/texlive/2025/texmf-dist/tex/latex/changepage/changepage.sty
Package: changepage 2009/10/20 v1.0c check page and change page layout
\c@cp@cntr=\count304
\cp@tempcnt=\count305
)
(d:/texlive/2025/texmf-dist/tex/latex/enumitem/enumitem.sty
Package: enumitem 2025/02/06 v3.11 Customized lists
\labelindent=\skip64
\enit@outerparindent=\dimen176
\enit@toks=\toks33
\enit@inbox=\box56
\enit@count@id=\count306
\enitdp@description=\count307
)
(d:/texlive/2025/texmf-dist/tex/latex/tools/tabularx.sty
Package: tabularx 2023/12/11 v2.12a `tabularx' package (DPC)
\TX@col@width=\dimen177
\TX@old@table=\dimen178
\TX@old@col=\dimen179
\TX@target=\dimen180
\TX@delta=\dimen181
\TX@cols=\count308
\TX@ftn=\toks34
)
(d:/texlive/2025/texmf-dist/tex/latex/datetime/datetime.sty
Package: datetime 2015/03/20 v2.60 Date Time Package

(d:/texlive/2025/texmf-dist/tex/latex/fmtcount/fmtcount.sty
Package: fmtcount 2025/02/09 v3.10 Displaying the values of LaTeX counters (NT,
VB,NE)

(d:/texlive/2025/texmf-dist/tex/latex/xkeyval/xkeyval.sty
Package: xkeyval 2022/06/16 v2.9 package option processing (HA)

(d:/texlive/2025/texmf-dist/tex/generic/xkeyval/xkeyval.tex
(d:/texlive/2025/texmf-dist/tex/generic/xkeyval/xkvutils.tex
\XKV@toks=\toks35
\XKV@tempa@toks=\toks36
)
\XKV@depth=\count309
File: xkeyval.tex 2014/12/03 v2.7a key=value parser (HA)
))
(d:/texlive/2025/texmf-dist/tex/latex/fmtcount/fcprefix.sty
Package: fcprefix 2012/09/28

(d:/texlive/2025/texmf-dist/tex/latex/fmtcount/fcnumparser.sty
Package: fcnumparser 2017/06/15
\fc@digit@counter=\count310
))
\c@padzeroesN=\count311
\fc@tmpcatcode=\count312

(d:/texlive/2025/texmf-dist/tex/latex/fmtcount/fc-english.def
File: fc-english.def 2016/01/12
)
\@DT@modctr=\count313
\@ordinalctr=\count314
\@orgargctr=\count315
\@strctr=\count316
\@tmpstrctr=\count317
\@DT@loopN=\count318
\@DT@X=\count319
)
(d:/texlive/2025/texmf-dist/tex/latex/datetime/datetime-defaults.sty
Package: datetime-defaults 2013/09/10
)
\@day=\count320
\@month=\count321
\@year=\count322
\c@HOUR=\count323
\c@HOURXII=\count324
\c@MINUTE=\count325
\c@TOHOUR=\count326
\c@TOMINUTE=\count327
\c@SECOND=\count328
\currenthour=\count329
\currentminute=\count330
\currentsecond=\count331
Package datetime Info: No datetime.cfg file found, using default settings on in
put line 308.
\@dtctr=\count332
\dayofyear=\count333
\dayofweek=\count334
LaTeX Info: Redefining \today on input line 736.
\dt@a=\toks37
\dt@b=\toks38
)
(d:/texlive/2025/texmf-dist/tex/latex/fancyhdr/fancyhdr.sty
Package: fancyhdr 2025/02/07 v5.2 Extensive control of page headers and footers

\f@nch@headwidth=\skip65
\f@nch@offset@elh=\skip66
\f@nch@offset@erh=\skip67
\f@nch@offset@olh=\skip68
\f@nch@offset@orh=\skip69
\f@nch@offset@elf=\skip70
\f@nch@offset@erf=\skip71
\f@nch@offset@olf=\skip72
\f@nch@offset@orf=\skip73
\f@nch@height=\skip74
\f@nch@footalignment=\skip75
\f@nch@widthL=\skip76
\f@nch@widthC=\skip77
\f@nch@widthR=\skip78
\@temptokenb=\toks39
)
(d:/texlive/2025/texmf-dist/tex/latex/lastpage/lastpage.sty
Package: lastpage 2025/01/27 v2.1e lastpage: 2.09 or 2e? (HMM)

(d:/texlive/2025/texmf-dist/tex/latex/lastpage/lastpage2e.sty
Package: lastpage2e 2025/01/27 v2.1e Decide which 2e lastpage version to use (H
MM)

(d:/texlive/2025/texmf-dist/tex/latex/lastpage/lastpagemodern.sty
Package: lastpagemodern 2025-01-27 v2.1e Refers to last page's name (HMM; JPG)
\c@lastpagecount=\count335
) 
)) (d:/texlive/2025/texmf-dist/tex/latex/titlesec/titlesec.sty
Package: titlesec 2025/01/04 v2.17 Sectioning titles
\ttl@box=\box57
\beforetitleunit=\skip79
\aftertitleunit=\skip80
\ttl@plus=\dimen182
\ttl@minus=\dimen183
\ttl@toksa=\toks40
\titlewidth=\dimen184
\titlewidthlast=\dimen185
\titlewidthfirst=\dimen186
)
(d:/texlive/2025/texmf-dist/tex/latex/natbib/bibentry.sty
Package: bibentry 2007/10/30 1.5 (PWD)
)
(d:/texlive/2025/texmf-dist/tex/latex/mdframed/mdframed.sty
Package: mdframed 2013/07/01 1.9b: mdframed

(d:/texlive/2025/texmf-dist/tex/latex/l3packages/xparse/xparse.sty
(d:/texlive/2025/texmf-dist/tex/latex/l3kernel/expl3.sty
Package: expl3 2025-01-18 L3 programming layer (loader) 

(d:/texlive/2025/texmf-dist/tex/latex/l3backend/l3backend-pdftex.def
File: l3backend-pdftex.def 2024-05-08 L3 backend support: PDF output (pdfTeX)
\l__color_backend_stack_int=\count336
\l__pdf_internal_box=\box58
))
Package: xparse 2024-08-16 L3 Experimental document command parser
)
(d:/texlive/2025/texmf-dist/tex/latex/zref/zref-abspage.sty
Package: zref-abspage 2023-09-14 v2.35 Module abspage for zref (HO)

(d:/texlive/2025/texmf-dist/tex/latex/zref/zref-base.sty
Package: zref-base 2023-09-14 v2.35 Module base for zref (HO)

(d:/texlive/2025/texmf-dist/tex/generic/etexcmds/etexcmds.sty
Package: etexcmds 2019/12/15 v1.7 Avoid name clashes with e-TeX commands (HO)
)
(d:/texlive/2025/texmf-dist/tex/latex/auxhook/auxhook.sty
Package: auxhook 2019-12-17 v1.6 Hooks for auxiliary files (HO)
)
Package zref Info: New property list: main on input line 767.
Package zref Info: New property: default on input line 768.
Package zref Info: New property: page on input line 769.
)
\c@abspage=\count337
Package zref Info: New property: abspage on input line 67.
)
(d:/texlive/2025/texmf-dist/tex/latex/needspace/needspace.sty
Package: needspace 2010/09/12 v1.3d reserve vertical space
)
\mdf@templength=\skip81
\c@mdf@globalstyle@cnt=\count338
\mdf@skipabove@length=\skip82
\mdf@skipbelow@length=\skip83
\mdf@leftmargin@length=\skip84
\mdf@rightmargin@length=\skip85
\mdf@innerleftmargin@length=\skip86
\mdf@innerrightmargin@length=\skip87
\mdf@innertopmargin@length=\skip88
\mdf@innerbottommargin@length=\skip89
\mdf@splittopskip@length=\skip90
\mdf@splitbottomskip@length=\skip91
\mdf@outermargin@length=\skip92
\mdf@innermargin@length=\skip93
\mdf@linewidth@length=\skip94
\mdf@innerlinewidth@length=\skip95
\mdf@middlelinewidth@length=\skip96
\mdf@outerlinewidth@length=\skip97
\mdf@roundcorner@length=\skip98
\mdf@footenotedistance@length=\skip99
\mdf@userdefinedwidth@length=\skip100
\mdf@needspace@length=\skip101
\mdf@frametitleaboveskip@length=\skip102
\mdf@frametitlebelowskip@length=\skip103
\mdf@frametitlerulewidth@length=\skip104
\mdf@frametitleleftmargin@length=\skip105
\mdf@frametitlerightmargin@length=\skip106
\mdf@shadowsize@length=\skip107
\mdf@extratopheight@length=\skip108
\mdf@subtitleabovelinewidth@length=\skip109
\mdf@subtitlebelowlinewidth@length=\skip110
\mdf@subtitleaboveskip@length=\skip111
\mdf@subtitlebelowskip@length=\skip112
\mdf@subtitleinneraboveskip@length=\skip113
\mdf@subtitleinnerbelowskip@length=\skip114
\mdf@subsubtitleabovelinewidth@length=\skip115
\mdf@subsubtitlebelowlinewidth@length=\skip116
\mdf@subsubtitleaboveskip@length=\skip117
\mdf@subsubtitlebelowskip@length=\skip118
\mdf@subsubtitleinneraboveskip@length=\skip119
\mdf@subsubtitleinnerbelowskip@length=\skip120

(d:/texlive/2025/texmf-dist/tex/latex/mdframed/md-frame-0.mdf
File: md-frame-0.mdf 2013/07/01\ 1.9b: md-frame-0
)
\mdf@frametitlebox=\box59
\mdf@footnotebox=\box60
\mdf@splitbox@one=\box61
\mdf@splitbox@two=\box62
\mdf@splitbox@save=\box63
\mdfsplitboxwidth=\skip121
\mdfsplitboxtotalwidth=\skip122
\mdfsplitboxheight=\skip123
\mdfsplitboxdepth=\skip124
\mdfsplitboxtotalheight=\skip125
\mdfframetitleboxwidth=\skip126
\mdfframetitleboxtotalwidth=\skip127
\mdfframetitleboxheight=\skip128
\mdfframetitleboxdepth=\skip129
\mdfframetitleboxtotalheight=\skip130
\mdffootnoteboxwidth=\skip131
\mdffootnoteboxtotalwidth=\skip132
\mdffootnoteboxheight=\skip133
\mdffootnoteboxdepth=\skip134
\mdffootnoteboxtotalheight=\skip135
\mdftotallinewidth=\skip136
\mdfboundingboxwidth=\skip137
\mdfboundingboxtotalwidth=\skip138
\mdfboundingboxheight=\skip139
\mdfboundingboxdepth=\skip140
\mdfboundingboxtotalheight=\skip141
\mdf@freevspace@length=\skip142
\mdf@horizontalwidthofbox@length=\skip143
\mdf@verticalmarginwhole@length=\skip144
\mdf@horizontalspaceofbox=\skip145
\mdfsubtitleheight=\skip146
\mdfsubsubtitleheight=\skip147
\c@mdfcountframes=\count339

****** mdframed patching \endmdf@trivlist

****** -- success******

\mdf@envdepth=\count340
\c@mdf@env@i=\count341
\c@mdf@env@ii=\count342
\c@mdf@zref@counter=\count343
Package zref Info: New property: mdf@pagevalue on input line 895.
)
(d:/texlive/2025/texmf-dist/tex/latex/caption/caption.sty
Package: caption 2023/08/05 v3.6o Customizing captions (AR)

(d:/texlive/2025/texmf-dist/tex/latex/caption/caption3.sty
Package: caption3 2023/07/31 v2.4d caption3 kernel (AR)
\caption@tempdima=\dimen187
\captionmargin=\dimen188
\caption@leftmargin=\dimen189
\caption@rightmargin=\dimen190
\caption@width=\dimen191
\caption@indent=\dimen192
\caption@parindent=\dimen193
\caption@hangindent=\dimen194
Package caption Info: Standard document class detected.
)
\c@caption@flags=\count344
\c@continuedfloat=\count345
Package caption Info: changepage package is loaded.
\caption@adjustwidth@hsize=\dimen195
\caption@adjustwidth@linewidth=\dimen196
Package caption Info: hyperref package is loaded.
)
(d:/texlive/2025/texmf-dist/tex/generic/soul/soul.sty
Package: soul 2023-06-14 v3.1 Permit use of UTF-8 characters in soul (HO)

(d:/texlive/2025/texmf-dist/tex/generic/soul/soul-ori.sty
Package: soul-ori 2023-06-14 v3.1 letterspacing/underlining (mf)
\SOUL@word=\toks41
\SOUL@lasttoken=\toks42
\SOUL@syllable=\toks43
\SOUL@cmds=\toks44
\SOUL@buffer=\toks45
\SOUL@token=\toks46
\SOUL@syllgoal=\dimen197
\SOUL@syllwidth=\dimen198
\SOUL@charkern=\dimen199
\SOUL@hyphkern=\dimen256
\SOUL@dimen=\dimen257
\SOUL@dimeni=\dimen258
\SOUL@minus=\count346
\SOUL@comma=\count347
\SOUL@apo=\count348
\SOUL@grave=\count349
\SOUL@spaceskip=\skip148
\SOUL@ttwidth=\dimen259
\SOUL@uldp=\dimen260
\SOUL@ulht=\dimen261
))
(d:/texlive/2025/texmf-dist/tex/latex/xcharter/XCharter.sty
Package: XCharter 2023/07/21 v1.25

`XCharter' v1.25, 2023/07/21 Text macros for XCharter, an extension of Charter 
(msharpe) (d:/texlive/2025/texmf-dist/tex/generic/xstring/xstring.sty
(d:/texlive/2025/texmf-dist/tex/generic/xstring/xstring.tex
\xs_counta=\count350
\xs_countb=\count351
)
Package: xstring 2023/08/22 v1.86 String manipulations (CT)
)
(d:/texlive/2025/texmf-dist/tex/latex/carlisle/scalefnt.sty)
(d:/texlive/2025/texmf-dist/tex/latex/base/fontenc.sty
Package: fontenc 2021/04/29 v2.0v Standard LaTeX package
)
LaTeX Font Info:    Setting XCharter-LF sub-encoding to TS1/0 on input line 37.

LaTeX Font Info:    Changing XCharter-TLF sub-encoding to TS1/0 on input line 3
7.
LaTeX Font Info:    Setting XCharter-OsF sub-encoding to TS1/0 on input line 37
.
LaTeX Font Info:    Changing XCharter-TOsF sub-encoding to TS1/0 on input line 
37.
\xch@cnt=\count352

(d:/texlive/2025/texmf-dist/tex/latex/fontaxes/fontaxes.sty
Package: fontaxes 2020/07/21 v1.0e Font selection axes
LaTeX Info: Redefining \upshape on input line 29.
LaTeX Info: Redefining \itshape on input line 31.
LaTeX Info: Redefining \slshape on input line 33.
LaTeX Info: Redefining \swshape on input line 35.
LaTeX Info: Redefining \scshape on input line 37.
LaTeX Info: Redefining \sscshape on input line 39.
LaTeX Info: Redefining \ulcshape on input line 41.
LaTeX Info: Redefining \textsw on input line 47.
LaTeX Info: Redefining \textssc on input line 48.
LaTeX Info: Redefining \textulc on input line 49.
)
LaTeX Info: Redefining \textsu on input line 737.
LaTeX Info: Redefining \textde on input line 740.
LaTeX Info: Redefining \textinf on input line 742.
)
(d:/texlive/2025/texmf-dist/tex/latex/newtx/newtxmath.sty
Package: newtxmath 2024/09/22 v1.754

`newtxmath' v1.754, 2024/09/22 Math macros based originally on txfonts (msharpe
) (d:/texlive/2025/texmf-dist/tex/latex/oberdiek/centernot.sty
Package: centernot 2016/05/16 v1.4 Centers the not symbol horizontally (HO)
)
\tx@cntz=\count353

(d:/texlive/2025/texmf-dist/tex/generic/kastrup/binhex.tex)
\tx@Isdigit=\count354
\tx@IsAlNum=\count355
\tx@tA=\toks47
\tx@tB=\toks48
\tx@su=\read3

amsthm NOT loaded
LaTeX Font Info:    Redeclaring symbol font `operators' on input line 402.
LaTeX Font Info:    Overwriting symbol font `operators' in version `normal'
(Font)                  OT1/cmr/m/n --> OT1/XCharter-TLF/m/n on input line 402.

LaTeX Font Info:    Overwriting symbol font `operators' in version `bold'
(Font)                  OT1/cmr/bx/n --> OT1/XCharter-TLF/m/n on input line 402
.
LaTeX Font Info:    Overwriting symbol font `operators' in version `bold'
(Font)                  OT1/XCharter-TLF/m/n --> OT1/XCharter-TLF/b/n on input 
line 403.
LaTeX Font Info:    Redeclaring math alphabet \mathsf on input line 410.
LaTeX Font Info:    Overwriting math alphabet `\mathsf' in version `normal'
(Font)                  OT1/cmss/m/n --> OT1/cmss/m/n on input line 410.
LaTeX Font Info:    Overwriting math alphabet `\mathsf' in version `bold'
(Font)                  OT1/cmss/bx/n --> OT1/cmss/m/n on input line 410.
LaTeX Font Info:    Overwriting math alphabet `\mathsf' in version `bold'
(Font)                  OT1/cmss/m/n --> OT1/cmss/b/n on input line 412.
LaTeX Font Info:    Redeclaring math alphabet \mathit on input line 419.
LaTeX Font Info:    Overwriting math alphabet `\mathit' in version `normal'
(Font)                  OT1/cmr/m/it --> OT1/XCharter-TLF/m/it on input line 41
9.
LaTeX Font Info:    Overwriting math alphabet `\mathit' in version `bold'
(Font)                  OT1/cmr/bx/it --> OT1/XCharter-TLF/m/it on input line 4
19.
LaTeX Font Info:    Redeclaring math alphabet \mathtt on input line 420.
LaTeX Font Info:    Overwriting math alphabet `\mathtt' in version `normal'
(Font)                  OT1/cmtt/m/n --> T1/cmtt/m/n on input line 420.
LaTeX Font Info:    Overwriting math alphabet `\mathtt' in version `bold'
(Font)                  OT1/cmtt/m/n --> T1/cmtt/m/n on input line 420.
LaTeX Font Info:    Redeclaring math alphabet \mathbf on input line 422.
LaTeX Font Info:    Overwriting math alphabet `\mathbf' in version `normal'
(Font)                  OT1/cmr/bx/n --> OT1/XCharter-TLF/b/n on input line 422
.
LaTeX Font Info:    Overwriting math alphabet `\mathbf' in version `bold'
(Font)                  OT1/cmr/bx/n --> OT1/XCharter-TLF/b/n on input line 422
.
LaTeX Font Info:    Overwriting math alphabet `\mathit' in version `bold'
(Font)                  OT1/XCharter-TLF/m/it --> OT1/XCharter-TLF/b/it on inpu
t line 423.
LaTeX Font Info:    Overwriting math alphabet `\mathtt' in version `bold'
(Font)                  T1/cmtt/m/n --> T1/cmtt/b/n on input line 426.
LaTeX Font Info:    Redeclaring symbol font `letters' on input line 474.
LaTeX Font Info:    Overwriting symbol font `letters' in version `normal'
(Font)                  OML/cmm/m/it --> OML/zchmi/m/it on input line 474.
LaTeX Font Info:    Overwriting symbol font `letters' in version `bold'
(Font)                  OML/cmm/b/it --> OML/zchmi/m/it on input line 474.
LaTeX Font Info:    Overwriting symbol font `letters' in version `bold'
(Font)                  OML/zchmi/m/it --> OML/zchmi/b/it on input line 475.
\symlettersA=\mathgroup6
LaTeX Font Info:    Overwriting symbol font `lettersA' in version `bold'
(Font)                  U/ntxmia/m/it --> U/ntxmia/b/it on input line 582.
LaTeX Font Info:    Redeclaring math alphabet \mathfrak on input line 584.
Now handling font encoding LMS ...
... no UTF-8 mapping file for font encoding LMS
LaTeX Font Info:    Redeclaring symbol font `symbols' on input line 604.
LaTeX Font Info:    Encoding `OMS' has changed to `LMS' for symbol font
(Font)              `symbols' in the math version `normal' on input line 604.
LaTeX Font Info:    Overwriting symbol font `symbols' in version `normal'
(Font)                  OMS/cmsy/m/n --> LMS/ntxsy/m/n on input line 604.
LaTeX Font Info:    Encoding `OMS' has changed to `LMS' for symbol font
(Font)              `symbols' in the math version `bold' on input line 604.
LaTeX Font Info:    Overwriting symbol font `symbols' in version `bold'
(Font)                  OMS/cmsy/b/n --> LMS/ntxsy/m/n on input line 604.
LaTeX Font Info:    Overwriting symbol font `symbols' in version `bold'
(Font)                  LMS/ntxsy/m/n --> LMS/ntxsy/b/n on input line 605.
\symAMSm=\mathgroup7
LaTeX Font Info:    Overwriting symbol font `AMSm' in version `bold'
(Font)                  U/ntxsym/m/n --> U/ntxsym/b/n on input line 630.
\symsymbolsC=\mathgroup8
LaTeX Font Info:    Overwriting symbol font `symbolsC' in version `bold'
(Font)                  U/ntxsyc/m/n --> U/ntxsyc/b/n on input line 651.
Now handling font encoding LMX ...
... no UTF-8 mapping file for font encoding LMX
LaTeX Font Info:    Redeclaring symbol font `largesymbols' on input line 664.
LaTeX Font Info:    Encoding `OMX' has changed to `LMX' for symbol font
(Font)              `largesymbols' in the math version `normal' on input line 6
64.
LaTeX Font Info:    Overwriting symbol font `largesymbols' in version `normal'
(Font)                  OMX/cmex/m/n --> LMX/ntxexx/m/n on input line 664.
LaTeX Font Info:    Encoding `OMX' has changed to `LMX' for symbol font
(Font)              `largesymbols' in the math version `bold' on input line 664
.
LaTeX Font Info:    Overwriting symbol font `largesymbols' in version `bold'
(Font)                  OMX/cmex/m/n --> LMX/ntxexx/m/n on input line 664.
LaTeX Font Info:    Overwriting symbol font `largesymbols' in version `bold'
(Font)                  LMX/ntxexx/m/n --> LMX/ntxexx/b/n on input line 665.
\symlargesymbolsTXA=\mathgroup9
LaTeX Font Info:    Overwriting symbol font `largesymbolsTXA' in version `bold'

(Font)                  U/ntxexa/m/n --> U/ntxexa/b/n on input line 679.
\tx@sbptoks=\toks49
LaTeX Font Info:    Redeclaring math delimiter \lfloor on input line 902.
LaTeX Font Info:    Redeclaring math delimiter \rfloor on input line 903.
LaTeX Font Info:    Redeclaring math delimiter \lceil on input line 904.
LaTeX Font Info:    Redeclaring math delimiter \rceil on input line 905.
LaTeX Font Info:    Redeclaring math delimiter \lbrace on input line 910.
LaTeX Font Info:    Redeclaring math delimiter \rbrace on input line 911.
LaTeX Font Info:    Redeclaring math delimiter \langle on input line 913.
LaTeX Font Info:    Redeclaring math delimiter \rangle on input line 915.
LaTeX Font Info:    Redeclaring math delimiter \arrowvert on input line 919.
LaTeX Font Info:    Redeclaring math delimiter \vert on input line 920.
LaTeX Font Info:    Redeclaring math accent \dot on input line 991.
LaTeX Font Info:    Redeclaring math accent \ddot on input line 992.
LaTeX Font Info:    Redeclaring math accent \vec on input line 2057.
LaTeX Info: Redefining \Bbbk on input line 2847.
LaTeX Info: Redefining \not on input line 2995.
LaTeX Info: Redefining \textsquare on input line 3025.
LaTeX Info: Redefining \openbox on input line 3027.
) (d:/texlive/2025/texmf-dist/tex/latex/zlmtt/zlmtt.sty
Package: zlmtt 2022/08/07 v1.032. Alternate support package for Latin Modern Ty
peWriter
LaTeX Font Info:    Setting zlmtt sub-encoding to TS1/0 on input line 6.
)
(d:/texlive/2025/texmf-dist/tex/latex/geometry/geometry.sty
Package: geometry 2020/01/02 v5.9 Page Geometry

(d:/texlive/2025/texmf-dist/tex/generic/iftex/ifvtex.sty
Package: ifvtex 2019/10/25 v1.7 ifvtex legacy package. Use iftex instead.
)
\Gm@cnth=\count356
\Gm@cntv=\count357
\c@Gm@tempcnt=\count358
\Gm@bindingoffset=\dimen262
\Gm@wd@mp=\dimen263
\Gm@odd@mp=\dimen264
\Gm@even@mp=\dimen265
\Gm@layoutwidth=\dimen266
\Gm@layoutheight=\dimen267
\Gm@layouthoffset=\dimen268
\Gm@layoutvoffset=\dimen269
\Gm@dimlist=\toks50
)
\correspondingauthor=\toks51
\paperurl=\toks52
\reportnumber=\toks53

(d:/texlive/2025/texmf-dist/tex/latex/preprint/authblk.sty
Package: authblk 2001/02/27 1.3 (PWD)
\affilsep=\skip149
\@affilsep=\skip150
\c@Maxaffil=\count359
\c@authors=\count360
\c@affil=\count361
)
Package caption Info: Option `figurename' requires the `newfloat' package on in
put line 424.

(d:/texlive/2025/texmf-dist/tex/latex/newfloat/newfloat.sty
Package: newfloat 2023/10/01 v1.2 Defining new floating environments (AR)
Package newfloat Info: Unsupported document class, or \@chapter 
(newfloat)             was already redefined by another package.
Package newfloat Info: \@chapter = macro:->\def \Hy@next {\Hy@MakeCurrentHrefAu
to {\Hy@chapapp *}\Hy@raisedlink {\hyper@anchorstart {\@currentHref }\hyper@anc
horend }}\ifnum \c@secnumdepth >\m@ne \@ifundefined {if@mainmatter}\iftrue {\cs
name if@mainmatter\endcsname }\let \Hy@next \relax \fi \fi \Hy@next \Hy@org@cha
pter .
Package newfloat Info: \Hy@org@chapter = macro:[#1]#2->\NR@gettitle {#1}\NR@cha
pter [{#1}]{#2}.
Package newfloat Info: \algocf@original@chapter = undefined.
))
(d:/texlive/2025/texmf-dist/tex/latex/microtype/microtype.sty
Package: microtype 2025/02/11 v3.2a Micro-typographical refinements (RS)
\MT@toks=\toks54
\MT@tempbox=\box64
\MT@count=\count362
LaTeX Info: Redefining \noprotrusionifhmode on input line 1087.
LaTeX Info: Redefining \leftprotrusion on input line 1088.
\MT@prot@toks=\toks55
LaTeX Info: Redefining \rightprotrusion on input line 1107.
LaTeX Info: Redefining \textls on input line 1449.
\MT@outer@kern=\dimen270
LaTeX Info: Redefining \microtypecontext on input line 2053.
LaTeX Info: Redefining \textmicrotypecontext on input line 2070.
\MT@listname@count=\count363

(d:/texlive/2025/texmf-dist/tex/latex/microtype/microtype-pdftex.def
File: microtype-pdftex.def 2025/02/11 v3.2a Definitions specific to pdftex (RS)

LaTeX Info: Redefining \lsstyle on input line 944.
LaTeX Info: Redefining \lslig on input line 944.
\MT@outer@space=\skip151
)
Package microtype Info: Loading configuration file microtype.cfg.

(d:/texlive/2025/texmf-dist/tex/latex/microtype/microtype.cfg
File: microtype.cfg 2025/02/11 v3.2a microtype main configuration file (RS)
)
LaTeX Info: Redefining \microtypesetup on input line 3065.
)
(d:/texlive/2025/texmf-dist/tex/latex/natbib/natbib.sty
Package: natbib 2010/09/13 8.31b (PWD, AO)
\bibhang=\skip152
\bibsep=\skip153
LaTeX Info: Redefining \cite on input line 694.
\c@NAT@ctr=\count364
)
(d:/texlive/2025/texmf-dist/tex/latex/multirow/multirow.sty
Package: multirow 2024/11/12 v2.9 Span multiple rows of a table
\multirow@colwidth=\skip154
\multirow@cntb=\count365
\multirow@dima=\skip155
\bigstrutjot=\dimen271
)
(d:/texlive/2025/texmf-dist/tex/latex/caption/subcaption.sty
Package: subcaption 2023/07/28 v1.6b Sub-captions (AR)
Package caption Info: New subtype `subfigure' on input line 238.
\c@subfigure=\count366
Package caption Info: New subtype `subtable' on input line 238.
\c@subtable=\count367
)
(d:/texlive/2025/texmf-dist/tex/latex/placeins/placeins.sty
Package: placeins 2005/04/18  v 2.2
)
(d:/texlive/2025/texmf-dist/tex/latex/makecell/makecell.sty
Package: makecell 2009/08/03 V0.1e Managing of Tab Column Heads and Cells
\rotheadsize=\dimen272
\c@nlinenum=\count368
\TeXr@lab=\toks56
)
(d:/texlive/2025/texmf-dist/tex/latex/float/float.sty
Package: float 2001/11/08 v1.3d Float enhancements (AL)
\c@float@type=\count369
\float@exts=\toks57
\float@box=\box65
\@float@everytoks=\toks58
\@floatcapt=\box66
)
(d:/texlive/2025/texmf-dist/tex/latex/cleveref/cleveref.sty
Package: cleveref 2018/03/27 v0.21.4 Intelligent cross-referencing
Package cleveref Info: `hyperref' support loaded on input line 2370.
LaTeX Info: Redefining \cref on input line 2370.
LaTeX Info: Redefining \Cref on input line 2370.
LaTeX Info: Redefining \crefrange on input line 2370.
LaTeX Info: Redefining \Crefrange on input line 2370.
LaTeX Info: Redefining \cpageref on input line 2370.
LaTeX Info: Redefining \Cpageref on input line 2370.
LaTeX Info: Redefining \cpagerefrange on input line 2370.
LaTeX Info: Redefining \Cpagerefrange on input line 2370.
LaTeX Info: Redefining \labelcref on input line 2370.
LaTeX Info: Redefining \labelcpageref on input line 2370.
Package cleveref Info: `amsthm' support loaded on input line 3026.
)
(d:/texlive/2025/texmf-dist/tex/latex/xfrac/xfrac.sty
Package: xfrac 2024-06-04 Split-level fractions
\l__xfrac_slash_box=\box67
\l__xfrac_tmp_box=\box68
\l__xfrac_denominator_bot_sep_dim=\dimen273
\l__xfrac_numerator_bot_sep_dim=\dimen274
\l__xfrac_numerator_top_sep_dim=\dimen275
\l__xfrac_slash_left_sep_dim=\dimen276
\l__xfrac_slash_right_sep_dim=\dimen277
\l__xfrac_slash_left_muskip=\muskip19
\l__xfrac_slash_right_muskip=\muskip20

LaTeX template Info: Declaring template type 'xfrac' taking 3 argument(s) on
(template)           line 100.


LaTeX template Info: Declaring instance 'cmr' of type xfrac on line 392.


LaTeX template Info: Declaring instance 'cmss' of type xfrac on line 392.


LaTeX template Info: Declaring instance 'cmtt' of type xfrac on line 392.

)
(d:/texlive/2025/texmf-dist/tex/latex/lineno/lineno.sty
Package: lineno 2025/01/29 line numbers on paragraphs v5.4
\linenopenalty=\count370
\output=\toks59
\linenoprevgraf=\count371
\linenumbersep=\dimen278
\linenumberwidth=\dimen279
\c@linenumber=\count372
\c@pagewiselinenumber=\count373
\c@LN@truepage=\count374
\c@internallinenumber=\count375
\c@internallinenumbers=\count376
\quotelinenumbersep=\dimen280
\bframerule=\dimen281
\bframesep=\dimen282
\bframebox=\box69
\@LN@amsmath@ams@eqpen=\count377
LaTeX Info: Redefining \\ on input line 3187.
)
LaTeX Info: Redefining \oldstylenums on input line 108.
LaTeX Font Info:    Trying to load font information for T1+XCharter-TLF on inpu
t line 108.

(d:/texlive/2025/texmf-dist/tex/latex/xcharter/T1XCharter-TLF.fd
File: T1XCharter-TLF.fd 2017/06/25 (autoinst) Font definitions for T1/XCharter-
TLF.
)
LaTeX Font Info:    Font shape `T1/XCharter-TLF/m/n' will be
(Font)              scaled to size 10.95pt on input line 108.
 (./main.aux)
\openout1 = `main.aux'.

LaTeX Font Info:    Checking defaults for OML/zchmi/m/it on input line 108.
LaTeX Font Info:    Trying to load font information for OML+zchmi on input line
 108.

(d:/texlive/2025/texmf-dist/tex/latex/xcharter/omlzchmi.fd
File: omlzchmi.fd 2019/11/21 Fontinst v1.933 font definitions for OML/zchmi.
)
LaTeX Font Info:    ... okay on input line 108.
LaTeX Font Info:    Checking defaults for OMS/cmsy/m/n on input line 108.
LaTeX Font Info:    ... okay on input line 108.
LaTeX Font Info:    Checking defaults for OT1/cmr/m/n on input line 108.
LaTeX Font Info:    ... okay on input line 108.
LaTeX Font Info:    Checking defaults for T1/cmr/m/n on input line 108.
LaTeX Font Info:    ... okay on input line 108.
LaTeX Font Info:    Checking defaults for TS1/cmr/m/n on input line 108.
LaTeX Font Info:    ... okay on input line 108.
LaTeX Font Info:    Checking defaults for OMX/cmex/m/n on input line 108.
LaTeX Font Info:    ... okay on input line 108.
LaTeX Font Info:    Checking defaults for U/ntxexa/m/n on input line 108.
LaTeX Font Info:    Trying to load font information for U+ntxexa on input line 
108.

(d:/texlive/2025/texmf-dist/tex/latex/newtx/untxexa.fd
File: untxexa.fd 2012/04/16 Fontinst v1.933 font definitions for U/ntxexa.
)
LaTeX Font Info:    ... okay on input line 108.
LaTeX Font Info:    Checking defaults for PD1/pdf/m/n on input line 108.
LaTeX Font Info:    ... okay on input line 108.
LaTeX Font Info:    Checking defaults for PU/pdf/m/n on input line 108.
LaTeX Font Info:    ... okay on input line 108.
LaTeX Font Info:    Checking defaults for LMS/ntxsy/m/n on input line 108.
LaTeX Font Info:    Trying to load font information for LMS+ntxsy on input line
 108.

(d:/texlive/2025/texmf-dist/tex/latex/newtx/lmsntxsy.fd
File: lmsntxsy.fd 2016/07/02 Fontinst v1.933 font definitions for LMS/ntxsy.
)
LaTeX Font Info:    ... okay on input line 108.
LaTeX Font Info:    Checking defaults for LMX/ntxexx/m/n on input line 108.
LaTeX Font Info:    Trying to load font information for LMX+ntxexx on input lin
e 108.

(d:/texlive/2025/texmf-dist/tex/latex/newtx/lmxntxexx.fd
File: lmxntxexx.fd 2016/07/03 Fontinst v1.933 font definitions for LMX/ntxexx.
)
LaTeX Font Info:    ... okay on input line 108.
LaTeX Info: Command `\dddot' is already robust on input line 108.
LaTeX Info: Command `\ddddot' is already robust on input line 108.
Package hyperref Info: Link coloring ON on input line 108.
 (./main.out)
(./main.out)
\@outlinefile=\write3
\openout3 = `main.out'.

 (d:/texlive/2025/texmf-dist/tex/context/base/mkii/supp-pdf.mkii
[Loading MPS to PDF converter (version 2006.09.02).]
\scratchcounter=\count378
\scratchdimen=\dimen283
\scratchbox=\box70
\nofMPsegments=\count379
\nofMParguments=\count380
\everyMPshowfont=\toks60
\MPscratchCnt=\count381
\MPscratchDim=\dimen284
\MPnumerator=\count382
\makeMPintoPDFobject=\count383
\everyMPtoPDFconversion=\toks61
) (d:/texlive/2025/texmf-dist/tex/latex/epstopdf-pkg/epstopdf-base.sty
Package: epstopdf-base 2020-01-24 v2.11 Base part for package epstopdf
Package epstopdf-base Info: Redefining graphics rule for `.eps' on input line 4
85.

(d:/texlive/2025/texmf-dist/tex/latex/latexconfig/epstopdf-sys.cfg
File: epstopdf-sys.cfg 2010/07/13 v1.3 Configuration of (r)epstopdf for TeX Liv
e
))
Package caption Info: Begin \AtBeginDocument code.
Package caption Info: float package is loaded.
Package caption Info: End \AtBeginDocument code.
\c@mv@tabular=\count384
\c@mv@boldtabular=\count385

*geometry* driver: auto-detecting
*geometry* detected driver: pdftex
*geometry* verbose mode - [ preamble ] result:
* driver: pdftex
* paper: a4paper
* layout: <same size as paper>
* layoutoffset:(h,v)=(0.0pt,0.0pt)
* modes: 
* h-part:(L,W,R)=(62.59596pt, 472.31595pt, 62.59596pt)
* v-part:(T,H,B)=(85.35826pt, 674.33032pt, 85.35826pt)
* \paperwidth=597.50787pt
* \paperheight=845.04684pt
* \textwidth=472.31595pt
* \textheight=674.33032pt
* \oddsidemargin=-9.67403pt
* \evensidemargin=-9.67403pt
* \topmargin=-46.91173pt
* \headheight=40.0pt
* \headsep=20.0pt
* \topskip=11.0pt
* \footskip=30.0pt
* \marginparwidth=50.0pt
* \marginparsep=10.0pt
* \columnsep=15.0pt
* \skip\footins=10.0pt plus 4.0pt minus 2.0pt
* \hoffset=0.0pt
* \voffset=0.0pt
* \mag=1000
* \@twocolumnfalse
* \@twosidefalse
* \@mparswitchfalse
* \@reversemarginfalse
* (1in=72.27pt=25.4mm, 1cm=28.453pt)

Package newfloat Info: Trying Plan B...
Package newfloat Info: `float' package detected.
LaTeX Info: Redefining \microtypecontext on input line 108.
Package microtype Info: Applying patch `item' on input line 108.
Package microtype Info: Applying patch `toc' on input line 108.
Package microtype Info: Applying patch `eqnum' on input line 108.
Package microtype Info: Applying patch `footnote' on input line 108.
Package microtype Info: Applying patch `verbatim' on input line 108.
LaTeX Info: Redefining \microtypesetup on input line 108.
Package microtype Info: Generating PDF output.
Package microtype Info: Character protrusion enabled (level 2).
Package microtype Info: Using default protrusion set `alltext'.
Package microtype Info: Automatic font expansion enabled (level 2),
(microtype)             stretch: 20, shrink: 20, step: 1, non-selected.
Package microtype Info: Using default expansion set `alltext-nott'.
LaTeX Info: Redefining \showhyphens on input line 108.
Package microtype Info: Tracking enabled.
Package microtype Info: Using tracking set `smallcaps'.
Package microtype Info: No adjustment of interword spacing.
Package microtype Info: No adjustment of character kerning.
(d:/texlive/2025/texmf-dist/tex/latex/microtype/mt-bch.cfg
File: mt-bch.cfg 2007/03/03 v1.5 microtype config. file: Bitstream Charter (RS)

)
LaTeX Font Info:    Font shape `T1/XCharter-TLF/b/n' will be
(Font)              scaled to size 10.95pt on input line 110.
LaTeX Font Info:    Font shape `T1/XCharter-TLF/b/n' will be
(Font)              scaled to size 19.0pt on input line 110.
LaTeX Font Info:    Font shape `T1/XCharter-TLF/b/n' will be
(Font)              scaled to size 9.0pt on input line 110.
LaTeX Font Info:    Trying to load font information for OT1+XCharter-TLF on inp
ut line 110.

(d:/texlive/2025/texmf-dist/tex/latex/xcharter/OT1XCharter-TLF.fd
File: OT1XCharter-TLF.fd 2017/06/25 (autoinst) Font definitions for OT1/XCharte
r-TLF.
)
LaTeX Font Info:    Font shape `OT1/XCharter-TLF/m/n' will be
(Font)              scaled to size 9.0pt on input line 110.
<<ot1.cmap>>
LaTeX Font Info:    Font shape `OT1/XCharter-TLF/m/n' will be
(Font)              scaled to size 6.6pt on input line 110.
LaTeX Font Info:    Font shape `OT1/XCharter-TLF/m/n' will be
(Font)              scaled to size 5.5pt on input line 110.
LaTeX Font Info:    Font shape `OML/zchmi/m/it' will be
(Font)              scaled to size 9.0pt on input line 110.
<<oml.cmap>>
LaTeX Font Info:    Font shape `OML/zchmi/m/it' will be
(Font)              scaled to size 6.6pt on input line 110.
LaTeX Font Info:    Font shape `OML/zchmi/m/it' will be
(Font)              scaled to size 5.5pt on input line 110.
LaTeX Font Info:    Font shape `LMS/ntxsy/m/n' will be
(Font)              scaled to size 9.0pt on input line 110.
LaTeX Font Info:    Font shape `LMS/ntxsy/m/n' will be
(Font)              scaled to size 6.6pt on input line 110.
LaTeX Font Info:    Font shape `LMS/ntxsy/m/n' will be
(Font)              scaled to size 5.5pt on input line 110.
LaTeX Font Info:    Font shape `LMX/ntxexx/m/n' will be
(Font)              scaled to size 9.0pt on input line 110.
LaTeX Font Info:    Font shape `LMX/ntxexx/m/n' will be
(Font)              scaled to size 6.6pt on input line 110.
LaTeX Font Info:    Font shape `LMX/ntxexx/m/n' will be
(Font)              scaled to size 5.5pt on input line 110.
LaTeX Font Info:    Trying to load font information for U+msa on input line 110
.
 (d:/texlive/2025/texmf-dist/tex/latex/amsfonts/umsa.fd
File: umsa.fd 2013/01/14 v3.01 AMS symbols A
)
(d:/texlive/2025/texmf-dist/tex/latex/microtype/mt-msa.cfg
File: mt-msa.cfg 2006/02/04 v1.1 microtype config. file: AMS symbols (a) (RS)
)
LaTeX Font Info:    Trying to load font information for U+msb on input line 110
.

(d:/texlive/2025/texmf-dist/tex/latex/amsfonts/umsb.fd
File: umsb.fd 2013/01/14 v3.01 AMS symbols B
)
(d:/texlive/2025/texmf-dist/tex/latex/microtype/mt-msb.cfg
File: mt-msb.cfg 2005/06/01 v1.0 microtype config. file: AMS symbols (b) (RS)
)
LaTeX Font Info:    Trying to load font information for U+ntxmia on input line 
110.

(d:/texlive/2025/texmf-dist/tex/latex/newtx/untxmia.fd
File: untxmia.fd 2024/04/09 Fontinst v1.933 font definitions for U/ntxmia.
)
LaTeX Font Info:    Font shape `U/ntxmia/m/it' will be
(Font)              scaled to size 9.0pt on input line 110.
LaTeX Font Info:    Font shape `U/ntxmia/m/it' will be
(Font)              scaled to size 6.6pt on input line 110.
LaTeX Font Info:    Font shape `U/ntxmia/m/it' will be
(Font)              scaled to size 5.5pt on input line 110.
LaTeX Font Info:    Trying to load font information for U+ntxsym on input line 
110.

(d:/texlive/2025/texmf-dist/tex/latex/newtx/untxsym.fd
File: untxsym.fd 2023/08/16 Fontinst v1.933 font definitions for U/ntxsym.
)
LaTeX Font Info:    Font shape `U/ntxsym/m/n' will be
(Font)              scaled to size 9.0pt on input line 110.
LaTeX Font Info:    Font shape `U/ntxsym/m/n' will be
(Font)              scaled to size 6.6pt on input line 110.
LaTeX Font Info:    Font shape `U/ntxsym/m/n' will be
(Font)              scaled to size 5.5pt on input line 110.
LaTeX Font Info:    Trying to load font information for U+ntxsyc on input line 
110.

(d:/texlive/2025/texmf-dist/tex/latex/newtx/untxsyc.fd
File: untxsyc.fd 2012/04/12 Fontinst v1.933 font definitions for U/ntxsyc.
)
LaTeX Font Info:    Font shape `U/ntxsyc/m/n' will be
(Font)              scaled to size 9.0pt on input line 110.
LaTeX Font Info:    Font shape `U/ntxsyc/m/n' will be
(Font)              scaled to size 6.6pt on input line 110.
LaTeX Font Info:    Font shape `U/ntxsyc/m/n' will be
(Font)              scaled to size 5.5pt on input line 110.
LaTeX Font Info:    Font shape `U/ntxexa/m/n' will be
(Font)              scaled to size 9.0pt on input line 110.
LaTeX Font Info:    Font shape `U/ntxexa/m/n' will be
(Font)              scaled to size 6.6pt on input line 110.
LaTeX Font Info:    Font shape `U/ntxexa/m/n' will be
(Font)              scaled to size 5.5pt on input line 110.
LaTeX Font Info:    Font shape `T1/XCharter-TLF/b/n' will be
(Font)              scaled to size 6.6pt on input line 110.
LaTeX Font Info:    Font shape `T1/XCharter-TLF/m/n' will be
(Font)              scaled to size 6.6pt on input line 110.
LaTeX Font Info:    Calculating math sizes for size <6.6> on input line 110.
LaTeX Font Info:    Font shape `OT1/XCharter-TLF/m/n' will be
(Font)              scaled to size 4.81796pt on input line 110.
LaTeX Font Info:    Font shape `OT1/XCharter-TLF/m/n' will be
(Font)              scaled to size 3.63002pt on input line 110.
LaTeX Font Info:    Font shape `OML/zchmi/m/it' will be
(Font)              scaled to size 4.81796pt on input line 110.
LaTeX Font Info:    Font shape `OML/zchmi/m/it' will be
(Font)              scaled to size 3.63002pt on input line 110.
LaTeX Font Info:    Font shape `LMS/ntxsy/m/n' will be
(Font)              scaled to size 4.81796pt on input line 110.
LaTeX Font Info:    Font shape `LMS/ntxsy/m/n' will be
(Font)              scaled to size 3.63002pt on input line 110.
LaTeX Font Info:    Font shape `LMX/ntxexx/m/n' will be
(Font)              scaled to size 4.81796pt on input line 110.
LaTeX Font Info:    Font shape `LMX/ntxexx/m/n' will be
(Font)              scaled to size 3.63002pt on input line 110.
LaTeX Font Info:    Font shape `U/ntxmia/m/it' will be
(Font)              scaled to size 4.81796pt on input line 110.
LaTeX Font Info:    Font shape `U/ntxmia/m/it' will be
(Font)              scaled to size 3.63002pt on input line 110.
LaTeX Font Info:    Font shape `U/ntxsym/m/n' will be
(Font)              scaled to size 4.81796pt on input line 110.
LaTeX Font Info:    Font shape `U/ntxsym/m/n' will be
(Font)              scaled to size 3.63002pt on input line 110.
LaTeX Font Info:    Font shape `U/ntxsyc/m/n' will be
(Font)              scaled to size 4.81796pt on input line 110.
LaTeX Font Info:    Font shape `U/ntxsyc/m/n' will be
(Font)              scaled to size 3.63002pt on input line 110.
LaTeX Font Info:    Font shape `U/ntxexa/m/n' will be
(Font)              scaled to size 4.81796pt on input line 110.
LaTeX Font Info:    Font shape `U/ntxexa/m/n' will be
(Font)              scaled to size 3.63002pt on input line 110.
LaTeX Font Info:    Font shape `T1/XCharter-TLF/m/n' will be
(Font)              scaled to size 9.0pt on input line 110.
LaTeX Font Info:    Font shape `T1/XCharter-TLF/m/n' will be
(Font)              scaled to size 8.0pt on input line 110.
LaTeX Font Info:    Font shape `OT1/XCharter-TLF/m/n' will be
(Font)              scaled to size 8.0pt on input line 110.
LaTeX Font Info:    Font shape `OT1/XCharter-TLF/m/n' will be
(Font)              scaled to size 6.0pt on input line 110.
LaTeX Font Info:    Font shape `OML/zchmi/m/it' will be
(Font)              scaled to size 8.0pt on input line 110.
LaTeX Font Info:    Font shape `OML/zchmi/m/it' will be
(Font)              scaled to size 6.0pt on input line 110.
LaTeX Font Info:    Font shape `LMS/ntxsy/m/n' will be
(Font)              scaled to size 8.0pt on input line 110.
LaTeX Font Info:    Font shape `LMS/ntxsy/m/n' will be
(Font)              scaled to size 6.0pt on input line 110.
LaTeX Font Info:    Font shape `LMX/ntxexx/m/n' will be
(Font)              scaled to size 8.0pt on input line 110.
LaTeX Font Info:    Font shape `LMX/ntxexx/m/n' will be
(Font)              scaled to size 6.0pt on input line 110.
LaTeX Font Info:    Font shape `U/ntxmia/m/it' will be
(Font)              scaled to size 8.0pt on input line 110.
LaTeX Font Info:    Font shape `U/ntxmia/m/it' will be
(Font)              scaled to size 6.0pt on input line 110.
LaTeX Font Info:    Font shape `U/ntxsym/m/n' will be
(Font)              scaled to size 8.0pt on input line 110.
LaTeX Font Info:    Font shape `U/ntxsym/m/n' will be
(Font)              scaled to size 6.0pt on input line 110.
LaTeX Font Info:    Font shape `U/ntxsyc/m/n' will be
(Font)              scaled to size 8.0pt on input line 110.
LaTeX Font Info:    Font shape `U/ntxsyc/m/n' will be
(Font)              scaled to size 6.0pt on input line 110.
LaTeX Font Info:    Font shape `U/ntxexa/m/n' will be
(Font)              scaled to size 8.0pt on input line 110.
LaTeX Font Info:    Font shape `U/ntxexa/m/n' will be
(Font)              scaled to size 6.0pt on input line 110.
LaTeX Font Info:    Font shape `T1/XCharter-TLF/m/n' will be
(Font)              scaled to size 6.0pt on input line 110.
LaTeX Font Info:    Font shape `OT1/XCharter-TLF/m/n' will be
(Font)              scaled to size 6.5pt on input line 110.
LaTeX Font Info:    Font shape `OML/zchmi/m/it' will be
(Font)              scaled to size 6.5pt on input line 110.
LaTeX Font Info:    Font shape `LMS/ntxsy/m/n' will be
(Font)              scaled to size 6.5pt on input line 110.
LaTeX Font Info:    Font shape `LMX/ntxexx/m/n' will be
(Font)              scaled to size 6.5pt on input line 110.
LaTeX Font Info:    Font shape `U/ntxmia/m/it' will be
(Font)              scaled to size 6.5pt on input line 110.
LaTeX Font Info:    Font shape `U/ntxsym/m/n' will be
(Font)              scaled to size 6.5pt on input line 110.
LaTeX Font Info:    Font shape `U/ntxsyc/m/n' will be
(Font)              scaled to size 6.5pt on input line 110.
LaTeX Font Info:    Font shape `U/ntxexa/m/n' will be
(Font)              scaled to size 6.5pt on input line 110.
LaTeX Font Info:    Font shape `T1/XCharter-TLF/b/n' will be
(Font)              scaled to size 10.0pt on input line 110.
LaTeX Font Info:    Font shape `T1/XCharter-TLF/b/it' will be
(Font)              scaled to size 10.0pt on input line 110.
LaTeX Font Info:    Trying to load font information for T1+zlmtt on input line 
110.

(d:/texlive/2025/texmf-dist/tex/latex/zlmtt/t1zlmtt.fd
File: t1zlmtt.fd 2014/02/07 v1.0 Alternate font definitions for Latin Modern Ty
pewriter, Michael Sharpe
)
LaTeX Font Info:    Font shape `T1/zlmtt/b/n' will be
(Font)              scaled to size 11.00006pt on input line 110.
Package microtype Info: Loading generic protrusion settings for font family
(microtype)             `zlmtt' (encoding: T1).
(microtype)             For optimal results, create family-specific settings.
(microtype)             See the microtype manual for details.
LaTeX Font Info:    Font shape `OT1/XCharter-TLF/m/n' will be
(Font)              scaled to size 10.0pt on input line 110.
LaTeX Font Info:    Font shape `OT1/XCharter-TLF/m/n' will be
(Font)              scaled to size 7.3pt on input line 110.
LaTeX Font Info:    Font shape `OML/zchmi/m/it' will be
(Font)              scaled to size 10.0pt on input line 110.
LaTeX Font Info:    Font shape `OML/zchmi/m/it' will be
(Font)              scaled to size 7.3pt on input line 110.
LaTeX Font Info:    Font shape `LMS/ntxsy/m/n' will be
(Font)              scaled to size 10.0pt on input line 110.
LaTeX Font Info:    Font shape `LMS/ntxsy/m/n' will be
(Font)              scaled to size 7.3pt on input line 110.
LaTeX Font Info:    Font shape `LMX/ntxexx/m/n' will be
(Font)              scaled to size 10.0pt on input line 110.
LaTeX Font Info:    Font shape `LMX/ntxexx/m/n' will be
(Font)              scaled to size 7.3pt on input line 110.
LaTeX Font Info:    Font shape `U/ntxmia/m/it' will be
(Font)              scaled to size 10.0pt on input line 110.
LaTeX Font Info:    Font shape `U/ntxmia/m/it' will be
(Font)              scaled to size 7.3pt on input line 110.
LaTeX Font Info:    Font shape `U/ntxsym/m/n' will be
(Font)              scaled to size 10.0pt on input line 110.
LaTeX Font Info:    Font shape `U/ntxsym/m/n' will be
(Font)              scaled to size 7.3pt on input line 110.
LaTeX Font Info:    Font shape `U/ntxsyc/m/n' will be
(Font)              scaled to size 10.0pt on input line 110.
LaTeX Font Info:    Font shape `U/ntxsyc/m/n' will be
(Font)              scaled to size 7.3pt on input line 110.
LaTeX Font Info:    Font shape `U/ntxexa/m/n' will be
(Font)              scaled to size 10.0pt on input line 110.
LaTeX Font Info:    Font shape `U/ntxexa/m/n' will be
(Font)              scaled to size 7.3pt on input line 110.
LaTeX Font Info:    Font shape `OT1/XCharter-TLF/m/n' will be
(Font)              scaled to size 10.95pt on input line 110.
LaTeX Font Info:    Font shape `OT1/XCharter-TLF/m/n' will be
(Font)              scaled to size 6.1pt on input line 110.
LaTeX Font Info:    Font shape `OML/zchmi/m/it' will be
(Font)              scaled to size 10.95pt on input line 110.
LaTeX Font Info:    Font shape `OML/zchmi/m/it' will be
(Font)              scaled to size 6.1pt on input line 110.
LaTeX Font Info:    Font shape `LMS/ntxsy/m/n' will be
(Font)              scaled to size 10.95pt on input line 110.
LaTeX Font Info:    Font shape `LMS/ntxsy/m/n' will be
(Font)              scaled to size 6.1pt on input line 110.
LaTeX Font Info:    Font shape `LMX/ntxexx/m/n' will be
(Font)              scaled to size 10.95pt on input line 110.
LaTeX Font Info:    Font shape `LMX/ntxexx/m/n' will be
(Font)              scaled to size 6.1pt on input line 110.
LaTeX Font Info:    Font shape `U/ntxmia/m/it' will be
(Font)              scaled to size 10.95pt on input line 110.
LaTeX Font Info:    Font shape `U/ntxmia/m/it' will be
(Font)              scaled to size 6.1pt on input line 110.
LaTeX Font Info:    Font shape `U/ntxsym/m/n' will be
(Font)              scaled to size 10.95pt on input line 110.
LaTeX Font Info:    Font shape `U/ntxsym/m/n' will be
(Font)              scaled to size 6.1pt on input line 110.
LaTeX Font Info:    Font shape `U/ntxsyc/m/n' will be
(Font)              scaled to size 10.95pt on input line 110.
LaTeX Font Info:    Font shape `U/ntxsyc/m/n' will be
(Font)              scaled to size 6.1pt on input line 110.
LaTeX Font Info:    Font shape `U/ntxexa/m/n' will be
(Font)              scaled to size 10.95pt on input line 110.
LaTeX Font Info:    Font shape `U/ntxexa/m/n' will be
(Font)              scaled to size 6.1pt on input line 110.

Underfull \hbox (badness 10000) in paragraph at lines 110--111

 []

LaTeX Font Info:    Font shape `T1/XCharter-TLF/m/n' will be
(Font)              scaled to size 12.0pt on input line 114.
LaTeX Font Info:    Font shape `T1/XCharter-TLF/b/n' will be
(Font)              scaled to size 12.0pt on input line 114.
LaTeX Font Info:    Font shape `T1/XCharter-TLF/b/n' will be
(Font)              scaled to size 13.0pt on input line 114.
LaTeX Font Info:    Font shape `T1/XCharter-TLF/m/it' will be
(Font)              scaled to size 10.95pt on input line 128.


<assets/logo_GoogleDeepMind_FullColor.png, id=82, 3824.2875pt x 513.92pt>
File: assets/logo_GoogleDeepMind_FullColor.png Graphic file (type png)
<use assets/logo_GoogleDeepMind_FullColor.png>
Package pdftex.def Info: assets/logo_GoogleDeepMind_FullColor.png  used on inpu
t line 132.
(pdftex.def)             Requested size: 133.92209pt x 18.0pt.
LaTeX Font Info:    Font shape `T1/XCharter-TLF/m/it' will be
(Font)              scaled to size 8.0pt on input line 132.
LaTeX Font Info:    Trying to load font information for TS1+XCharter-TLF on inp
ut line 132.
(d:/texlive/2025/texmf-dist/tex/latex/xcharter/TS1XCharter-TLF.fd
File: TS1XCharter-TLF.fd 2020/05/25 (msharpe) Font definitions for TS1/XCharter
-TLF.
)
LaTeX Font Info:    Font shape `TS1/XCharter-TLF/m/n' will be
(Font)              scaled to size 8.0pt on input line 132.
Package microtype Info: Character `textbardbl ' is missing
(microtype)             in font `TS1/XCharter-TLF/m/n/8'.
(microtype)             Ignoring protrusion settings for this character.
Package microtype Info: Character `textcelsius ' is missing
(microtype)             in font `TS1/XCharter-TLF/m/n/8'.
(microtype)             Ignoring protrusion settings for this character.
LaTeX Font Info:    Font shape `T1/XCharter-TLF/b/n' will be
(Font)              scaled to size 8.0pt on input line 132.
 [1{d:/texlive/2025/texmf-var/fonts/map/pdftex/updmap/pdftex.map}{d:/texlive/20
25/texmf-dist/fonts/enc/dvips/xcharter/xch_rydp4l.enc}

{d:/texlive/2025/texmf-dist/fonts/enc/dvips/lm/lm-ec.enc}{d:/texlive/2025/texmf
-dist/fonts/enc/dvips/xcharter/xch1_co4ru4.enc} <./assets/logo_GoogleDeepmind_F
ullColor.png>]
<assets/teaser_img_v6.pdf, id=142, 722.7pt x 406.51875pt>
File: assets/teaser_img_v6.pdf Graphic file (type pdf)
<use assets/teaser_img_v6.pdf>
Package pdftex.def Info: assets/teaser_img_v6.pdf  used on input line 143.
(pdftex.def)             Requested size: 472.31595pt x 265.67934pt.
<assets/vb4.png, id=143, 559.08875pt x 652.4375pt>
File: assets/vb4.png Graphic file (type png)
<use assets/vb4.png>
Package pdftex.def Info: assets/vb4.png  used on input line 147.
(pdftex.def)             Requested size: 11.25238pt x 13.13995pt.


[2 <./assets/teaser_img_v6.pdf> <./assets/vb4.png>]
File: assets/vb4.png Graphic file (type png)
<use assets/vb4.png>
Package pdftex.def Info: assets/vb4.png  used on input line 190.
(pdftex.def)             Requested size: 11.25238pt x 13.13995pt.
File: assets/vb4.png Graphic file (type png)
<use assets/vb4.png>
Package pdftex.def Info: assets/vb4.png  used on input line 204.
(pdftex.def)             Requested size: 11.25238pt x 13.13995pt.


[3{d:/texlive/2025/texmf-dist/fonts/enc/dvips/xcharter/xch_3gllts.enc}]

[4]
File: assets/vb4.png Graphic file (type png)
<use assets/vb4.png>
Package pdftex.def Info: assets/vb4.png  used on input line 261.
(pdftex.def)             Requested size: 11.25238pt x 13.13995pt.
LaTeX Font Info:    Font shape `T1/XCharter-TLF/m/n' will be
(Font)              scaled to size 10.0pt on input line 284.

Overfull \hbox (36.72095pt too wide) in paragraph at lines 337--354
 [][] 
 []



[5]
<assets/v2_vis/semseg/image5.jpg, id=302, 2006.49625pt x 1505.625pt>
File: assets/v2_vis/semseg/image5.jpg Graphic file (type jpg)
<use assets/v2_vis/semseg/image5.jpg>
Package pdftex.def Info: assets/v2_vis/semseg/image5.jpg  used on input line 39
2.
(pdftex.def)             Requested size: 151.14456pt x 113.39944pt.
<assets/v2_vis/semseg/image3.png, id=303, 1204.5pt x 899.36pt>
File: assets/v2_vis/semseg/image3.png Graphic file (type png)
<use assets/v2_vis/semseg/image3.png>
Package pdftex.def Info: assets/v2_vis/semseg/image3.png  used on input line 39
8.
(pdftex.def)             Requested size: 151.14456pt x 112.84514pt.
<assets/v2_vis/semseg/image2.png, id=304, 1204.5pt x 899.36pt>
File: assets/v2_vis/semseg/image2.png Graphic file (type png)
<use assets/v2_vis/semseg/image2.png>
Package pdftex.def Info: assets/v2_vis/semseg/image2.png  used on input line 40
3.
(pdftex.def)             Requested size: 151.14456pt x 112.84514pt.
<assets/v2_vis/semseg/image4.jpg, id=305, 1740.5025pt x 1292.83pt>
File: assets/v2_vis/semseg/image4.jpg Graphic file (type jpg)
<use assets/v2_vis/semseg/image4.jpg>
Package pdftex.def Info: assets/v2_vis/semseg/image4.jpg  used on input line 41
0.
(pdftex.def)             Requested size: 151.14456pt x 112.26619pt.
<assets/v2_vis/semseg/image6.png, id=306, 1204.5pt x 899.36pt>
File: assets/v2_vis/semseg/image6.png Graphic file (type png)
<use assets/v2_vis/semseg/image6.png>
Package pdftex.def Info: assets/v2_vis/semseg/image6.png  used on input line 41
6.
(pdftex.def)             Requested size: 151.14456pt x 112.84514pt.
<assets/v2_vis/semseg/image1.png, id=307, 1204.5pt x 899.36pt>
File: assets/v2_vis/semseg/image1.png Graphic file (type png)
<use assets/v2_vis/semseg/image1.png>
Package pdftex.def Info: assets/v2_vis/semseg/image1.png  used on input line 42
1.
(pdftex.def)             Requested size: 151.14456pt x 112.84514pt.
<assets/v2_vis/insseg/insseg4.jpg, id=308, 2537.48pt x 1820.8025pt>
File: assets/v2_vis/insseg/insseg4.jpg Graphic file (type jpg)
<use assets/v2_vis/insseg/insseg4.jpg>
Package pdftex.def Info: assets/v2_vis/insseg/insseg4.jpg  used on input line 4
39.
(pdftex.def)             Requested size: 151.14456pt x 108.43771pt.
<assets/v2_vis/insseg/insseg4_pred1.png, id=309, 1220.56pt x 883.3pt>
File: assets/v2_vis/insseg/insseg4_pred1.png Graphic file (type png)
<use assets/v2_vis/insseg/insseg4_pred1.png>
Package pdftex.def Info: assets/v2_vis/insseg/insseg4_pred1.png  used on input 
line 445.
(pdftex.def)             Requested size: 151.14456pt x 109.37442pt.
<assets/v2_vis/insseg/insseg4_pred2.png, id=310, 1220.56pt x 883.3pt>
File: assets/v2_vis/insseg/insseg4_pred2.png Graphic file (type png)
<use assets/v2_vis/insseg/insseg4_pred2.png>
Package pdftex.def Info: assets/v2_vis/insseg/insseg4_pred2.png  used on input 
line 451.
(pdftex.def)             Requested size: 151.14456pt x 109.37442pt.
<assets/v2_vis/insseg/insseg1.jpg, id=311, 2557.555pt x 1852.9225pt>
File: assets/v2_vis/insseg/insseg1.jpg Graphic file (type jpg)
<use assets/v2_vis/insseg/insseg1.jpg>
Package pdftex.def Info: assets/v2_vis/insseg/insseg1.jpg  used on input line 4
59.
(pdftex.def)             Requested size: 151.14456pt x 109.50243pt.
<assets/v2_vis/insseg/insseg1_1.png, id=312, 1220.56pt x 883.3pt>
File: assets/v2_vis/insseg/insseg1_1.png Graphic file (type png)
<use assets/v2_vis/insseg/insseg1_1.png>
Package pdftex.def Info: assets/v2_vis/insseg/insseg1_1.png  used on input line
 465.
(pdftex.def)             Requested size: 151.14456pt x 109.37442pt.
<assets/v2_vis/insseg/insseg1_2.png, id=313, 1220.56pt x 883.3pt>
File: assets/v2_vis/insseg/insseg1_2.png Graphic file (type png)
<use assets/v2_vis/insseg/insseg1_2.png>
Package pdftex.def Info: assets/v2_vis/insseg/insseg1_2.png  used on input line
 471.
(pdftex.def)             Requested size: 151.14456pt x 109.37442pt.
<assets/v2_vis/insseg/insseg3.png, id=314, 1280.785pt x 938.50626pt>
File: assets/v2_vis/insseg/insseg3.png Graphic file (type png)
<use assets/v2_vis/insseg/insseg3.png>
Package pdftex.def Info: assets/v2_vis/insseg/insseg3.png  used on input line 4
79.
(pdftex.def)             Requested size: 151.14456pt x 110.73991pt.
<assets/v2_vis/insseg/insseg3_1.png, id=315, 1204.5pt x 883.3pt>
File: assets/v2_vis/insseg/insseg3_1.png Graphic file (type png)
<use assets/v2_vis/insseg/insseg3_1.png>
Package pdftex.def Info: assets/v2_vis/insseg/insseg3_1.png  used on input line
 485.
(pdftex.def)             Requested size: 151.14456pt x 110.83005pt.
<assets/v2_vis/insseg/insseg3_2.png, id=316, 1204.5pt x 883.3pt>
File: assets/v2_vis/insseg/insseg3_2.png Graphic file (type png)
<use assets/v2_vis/insseg/insseg3_2.png>
Package pdftex.def Info: assets/v2_vis/insseg/insseg3_2.png  used on input line
 491.
(pdftex.def)             Requested size: 151.14456pt x 110.83005pt.
<assets/v2_vis/refseg/refseg1.jpeg, id=318, 992.70876pt x 1278.7775pt>
File: assets/v2_vis/refseg/refseg1.jpeg Graphic file (type jpg)
<use assets/v2_vis/refseg/refseg1.jpeg>
Package pdftex.def Info: assets/v2_vis/refseg/refseg1.jpeg  used on input line 
521.
(pdftex.def)             Requested size: 113.35841pt x 146.01239pt.
<assets/v2_vis/refseg/refseg1_pred.png, id=319, 662.475pt x 851.18pt>
File: assets/v2_vis/refseg/refseg1_pred.png Graphic file (type png)
<use assets/v2_vis/refseg/refseg1_pred.png>
Package pdftex.def Info: assets/v2_vis/refseg/refseg1_pred.png  used on input l
ine 525.
(pdftex.def)             Requested size: 113.35841pt x 145.64679pt.
<assets/v2_vis/refseg/refseg3.jpeg, id=320, 2246.3925pt x 2855.66875pt>
File: assets/v2_vis/refseg/refseg3.jpeg Graphic file (type jpg)
<use assets/v2_vis/refseg/refseg3.jpeg>
Package pdftex.def Info: assets/v2_vis/refseg/refseg3.jpeg  used on input line 
530.
(pdftex.def)             Requested size: 113.35841pt x 144.09901pt.
<assets/v2_vis/refseg/refseg3_pred.jpg, id=321, 915.42pt x 1158.3275pt>
File: assets/v2_vis/refseg/refseg3_pred.jpg Graphic file (type jpg)
<use assets/v2_vis/refseg/refseg3_pred.jpg>
Package pdftex.def Info: assets/v2_vis/refseg/refseg3_pred.jpg  used on input l
ine 534.
(pdftex.def)             Requested size: 113.35841pt x 143.42963pt.
<assets/v2_vis/refseg/refseg4_in.png, id=322, 520.94624pt x 592.2125pt>
File: assets/v2_vis/refseg/refseg4_in.png Graphic file (type png)
<use assets/v2_vis/refseg/refseg4_in.png>
Package pdftex.def Info: assets/v2_vis/refseg/refseg4_in.png  used on input lin
e 540.
(pdftex.def)             Requested size: 113.35841pt x 128.85939pt.
<assets/v2_vis/refseg/refseg_4_pred1.png, id=323, 656.4525pt x 746.79pt>
File: assets/v2_vis/refseg/refseg_4_pred1.png Graphic file (type png)
<use assets/v2_vis/refseg/refseg_4_pred1.png>
Package pdftex.def Info: assets/v2_vis/refseg/refseg_4_pred1.png  used on input
 line 544.
(pdftex.def)             Requested size: 113.35841pt x 128.95815pt.
<assets/v2_vis/refseg/refseg5_in.png, id=324, 1084.05pt x 1234.6125pt>
File: assets/v2_vis/refseg/refseg5_in.png Graphic file (type png)
<use assets/v2_vis/refseg/refseg5_in.png>
Package pdftex.def Info: assets/v2_vis/refseg/refseg5_in.png  used on input lin
e 549.
(pdftex.def)             Requested size: 113.35841pt x 129.10123pt.
<assets/v2_vis/refseg/refseg5_out.png, id=325, 963.6pt x 1097.09875pt>
File: assets/v2_vis/refseg/refseg5_out.png Graphic file (type png)
<use assets/v2_vis/refseg/refseg5_out.png>
Package pdftex.def Info: assets/v2_vis/refseg/refseg5_out.png  used on input li
ne 553.
(pdftex.def)             Requested size: 113.35841pt x 129.0514pt.


[6 <./assets/v2_vis/semseg/image5.jpg> <./assets/v2_vis/semseg/image3.png (PNG 
copy)> <./assets/v2_vis/semseg/image2.png> <./assets/v2_vis/semseg/image4.jpg> 
<./assets/v2_vis/semseg/image6.png> <./assets/v2_vis/semseg/image1.png>]

[7 <./assets/v2_vis/insseg/insseg4.jpg> <./assets/v2_vis/insseg/insseg4_pred1.p
ng (PNG copy)> <./assets/v2_vis/insseg/insseg4_pred2.png (PNG copy)> <./assets/
v2_vis/insseg/insseg1.jpg> <./assets/v2_vis/insseg/insseg1_1.png (PNG copy)> <.
/assets/v2_vis/insseg/insseg1_2.png (PNG copy)> <./assets/v2_vis/insseg/insseg3
.png> <./assets/v2_vis/insseg/insseg3_1.png (PNG copy)> <./assets/v2_vis/insseg
/insseg3_2.png (PNG copy)>]

[8 <./assets/v2_vis/refseg/refseg1.jpeg> <./assets/v2_vis/refseg/refseg1_pred.p
ng> <./assets/v2_vis/refseg/refseg3.jpeg> <./assets/v2_vis/refseg/refseg3_pred.
jpg> <./assets/v2_vis/refseg/refseg4_in.png> <./assets/v2_vis/refseg/refseg_4_p
red1.png> <./assets/v2_vis/refseg/refseg5_in.png> <./assets/v2_vis/refseg/refse
g5_out.png>]
LaTeX Font Info:    Font shape `T1/XCharter-TLF/m/n' will be
(Font)              scaled to size 6.92915pt on input line 616.
LaTeX Font Info:    Calculating math sizes for size <6.92915> on input line 616
.
LaTeX Font Info:    Font shape `OT1/XCharter-TLF/m/n' will be
(Font)              scaled to size 6.92915pt on input line 616.
LaTeX Font Info:    Font shape `OT1/XCharter-TLF/m/n' will be
(Font)              scaled to size 5.05824pt on input line 616.
LaTeX Font Info:    Font shape `OT1/XCharter-TLF/m/n' will be
(Font)              scaled to size 3.81105pt on input line 616.
LaTeX Font Info:    Font shape `OML/zchmi/m/it' will be
(Font)              scaled to size 6.92915pt on input line 616.
LaTeX Font Info:    Font shape `OML/zchmi/m/it' will be
(Font)              scaled to size 5.05824pt on input line 616.
LaTeX Font Info:    Font shape `OML/zchmi/m/it' will be
(Font)              scaled to size 3.81105pt on input line 616.
LaTeX Font Info:    Font shape `LMS/ntxsy/m/n' will be
(Font)              scaled to size 6.92915pt on input line 616.
LaTeX Font Info:    Font shape `LMS/ntxsy/m/n' will be
(Font)              scaled to size 5.05824pt on input line 616.
LaTeX Font Info:    Font shape `LMS/ntxsy/m/n' will be
(Font)              scaled to size 3.81105pt on input line 616.
LaTeX Font Info:    Font shape `LMX/ntxexx/m/n' will be
(Font)              scaled to size 6.92915pt on input line 616.
LaTeX Font Info:    Font shape `LMX/ntxexx/m/n' will be
(Font)              scaled to size 5.05824pt on input line 616.
LaTeX Font Info:    Font shape `LMX/ntxexx/m/n' will be
(Font)              scaled to size 3.81105pt on input line 616.
LaTeX Font Info:    Font shape `U/ntxmia/m/it' will be
(Font)              scaled to size 6.92915pt on input line 616.
LaTeX Font Info:    Font shape `U/ntxmia/m/it' will be
(Font)              scaled to size 5.05824pt on input line 616.
LaTeX Font Info:    Font shape `U/ntxmia/m/it' will be
(Font)              scaled to size 3.81105pt on input line 616.
LaTeX Font Info:    Font shape `U/ntxsym/m/n' will be
(Font)              scaled to size 6.92915pt on input line 616.
LaTeX Font Info:    Font shape `U/ntxsym/m/n' will be
(Font)              scaled to size 5.05824pt on input line 616.
LaTeX Font Info:    Font shape `U/ntxsym/m/n' will be
(Font)              scaled to size 3.81105pt on input line 616.
LaTeX Font Info:    Font shape `U/ntxsyc/m/n' will be
(Font)              scaled to size 6.92915pt on input line 616.
LaTeX Font Info:    Font shape `U/ntxsyc/m/n' will be
(Font)              scaled to size 5.05824pt on input line 616.
LaTeX Font Info:    Font shape `U/ntxsyc/m/n' will be
(Font)              scaled to size 3.81105pt on input line 616.
LaTeX Font Info:    Font shape `U/ntxexa/m/n' will be
(Font)              scaled to size 6.92915pt on input line 616.
LaTeX Font Info:    Font shape `U/ntxexa/m/n' will be
(Font)              scaled to size 5.05824pt on input line 616.
LaTeX Font Info:    Font shape `U/ntxexa/m/n' will be
(Font)              scaled to size 3.81105pt on input line 616.
LaTeX Font Info:    Font shape `T1/XCharter-TLF/m/n' will be
(Font)              scaled to size 6.1pt on input line 616.
<./assets/color_tubes.png, id=427, 1606.0pt x 1318.9275pt>
File: ./assets/color_tubes.png Graphic file (type png)
<use ./assets/color_tubes.png>
Package pdftex.def Info: ./assets/color_tubes.png  used on input line 626.
(pdftex.def)             Requested size: 165.31346pt x 135.76451pt.


[9 <./assets/color_tubes.png>]
File: assets/vb4.png Graphic file (type png)
<use assets/vb4.png>
Package pdftex.def Info: assets/vb4.png  used on input line 673.
(pdftex.def)             Requested size: 11.25238pt x 13.13995pt.
<assets/depth_demo/depth_3_0.png, id=475, 642.4pt x 481.8pt>
File: assets/depth_demo/depth_3_0.png Graphic file (type png)
<use assets/depth_demo/depth_3_0.png>
Package pdftex.def Info: assets/depth_demo/depth_3_0.png  used on input line 70
2.
(pdftex.def)             Requested size: 113.35841pt x 85.01466pt.
<assets/depth_demo/depth_3_1.png, id=476, 1204.5pt x 899.36pt>
File: assets/depth_demo/depth_3_1.png Graphic file (type png)
<use assets/depth_demo/depth_3_1.png>
Package pdftex.def Info: assets/depth_demo/depth_3_1.png  used on input line 70
3.
(pdftex.def)             Requested size: 113.35841pt x 84.63042pt.
<assets/depth_demo/depth_3_2.png, id=477, 669.50125pt x 520.94624pt>
File: assets/depth_demo/depth_3_2.png Graphic file (type png)
<use assets/depth_demo/depth_3_2.png>
Package pdftex.def Info: assets/depth_demo/depth_3_2.png  used on input line 70
4.
(pdftex.def)             Requested size: 113.35841pt x 88.20198pt.
<assets/depth_demo/depth_3_3.png, id=478, 587.19376pt x 503.8825pt>
File: assets/depth_demo/depth_3_3.png Graphic file (type png)
<use assets/depth_demo/depth_3_3.png>
Package pdftex.def Info: assets/depth_demo/depth_3_3.png  used on input line 70
5.
(pdftex.def)             Requested size: 113.35841pt x 97.26869pt.
<assets/depth_demo/depth_162_0.png, id=479, 642.4pt x 481.8pt>
File: assets/depth_demo/depth_162_0.png Graphic file (type png)
<use assets/depth_demo/depth_162_0.png>
Package pdftex.def Info: assets/depth_demo/depth_162_0.png  used on input line 
708.
(pdftex.def)             Requested size: 113.35841pt x 85.01466pt.
<assets/depth_demo/depth_162_1.png, id=480, 1204.5pt x 899.36pt>
File: assets/depth_demo/depth_162_1.png Graphic file (type png)
<use assets/depth_demo/depth_162_1.png>
Package pdftex.def Info: assets/depth_demo/depth_162_1.png  used on input line 
709.
(pdftex.def)             Requested size: 113.35841pt x 84.63042pt.
<assets/depth_demo/depth_162_2.png, id=481, 623.32875pt x 502.87875pt>
File: assets/depth_demo/depth_162_2.png Graphic file (type png)
<use assets/depth_demo/depth_162_2.png>
Package pdftex.def Info: assets/depth_demo/depth_162_2.png  used on input line 
710.
(pdftex.def)             Requested size: 113.35841pt x 91.45041pt.
<assets/depth_demo/depth_162_3.png, id=482, 624.3325pt x 502.87875pt>
File: assets/depth_demo/depth_162_3.png Graphic file (type png)
<use assets/depth_demo/depth_162_3.png>
Package pdftex.def Info: assets/depth_demo/depth_162_3.png  used on input line 
711.
(pdftex.def)             Requested size: 113.35841pt x 91.30461pt.
<assets/depth_demo/depth_eth3d_47_0.jpg, id=483, 6070.68pt x 4047.12pt>
File: assets/depth_demo/depth_eth3d_47_0.jpg Graphic file (type jpg)
<use assets/depth_demo/depth_eth3d_47_0.jpg>
Package pdftex.def Info: assets/depth_demo/depth_eth3d_47_0.jpg  used on input 
line 714.
(pdftex.def)             Requested size: 113.35841pt x 75.52513pt.
<assets/depth_demo/depth_eth3d_47_1.jpg, id=484, 1268.74pt x 851.18pt>
File: assets/depth_demo/depth_eth3d_47_1.jpg Graphic file (type jpg)
<use assets/depth_demo/depth_eth3d_47_1.jpg>
Package pdftex.def Info: assets/depth_demo/depth_eth3d_47_1.jpg  used on input 
line 715.
(pdftex.def)             Requested size: 113.35841pt x 76.0444pt.
<assets/depth_demo/depth_eth3d_47_2.png, id=485, 593.21625pt x 441.65pt>
File: assets/depth_demo/depth_eth3d_47_2.png Graphic file (type png)
<use assets/depth_demo/depth_eth3d_47_2.png>
Package pdftex.def Info: assets/depth_demo/depth_eth3d_47_2.png  used on input 
line 716.
(pdftex.def)             Requested size: 113.35841pt x 84.39284pt.
<assets/depth_demo/depth_eth3d_47_3.png, id=486, 752.8125pt x 523.9575pt>
File: assets/depth_demo/depth_eth3d_47_3.png Graphic file (type png)
<use assets/depth_demo/depth_eth3d_47_3.png>
Package pdftex.def Info: assets/depth_demo/depth_eth3d_47_3.png  used on input 
line 717.
(pdftex.def)             Requested size: 113.35841pt x 78.89404pt.
<assets/depth_demo/depth_eth3d_205_0.jpeg, id=487, 6070.68pt x 4047.12pt>
File: assets/depth_demo/depth_eth3d_205_0.jpeg Graphic file (type jpg)
<use assets/depth_demo/depth_eth3d_205_0.jpeg>
Package pdftex.def Info: assets/depth_demo/depth_eth3d_205_0.jpeg  used on inpu
t line 720.
(pdftex.def)             Requested size: 113.35841pt x 75.52513pt.
<assets/depth_demo/depth_eth3d_205_1.png, id=488, 1268.74pt x 851.18pt>
File: assets/depth_demo/depth_eth3d_205_1.png Graphic file (type png)
<use assets/depth_demo/depth_eth3d_205_1.png>
Package pdftex.def Info: assets/depth_demo/depth_eth3d_205_1.png  used on input
 line 721.
(pdftex.def)             Requested size: 113.35841pt x 76.0444pt.
<assets/depth_demo/depth_eth3d_205_2.png, id=489, 723.70375pt x 601.24625pt>
File: assets/depth_demo/depth_eth3d_205_2.png Graphic file (type png)
<use assets/depth_demo/depth_eth3d_205_2.png>
Package pdftex.def Info: assets/depth_demo/depth_eth3d_205_2.png  used on input
 line 722.
(pdftex.def)             Requested size: 113.35841pt x 94.17384pt.
<assets/depth_demo/depth_eth3d_205_3.png, id=490, 878.28125pt x 534.99875pt>
File: assets/depth_demo/depth_eth3d_205_3.png Graphic file (type png)
<use assets/depth_demo/depth_eth3d_205_3.png>
Package pdftex.def Info: assets/depth_demo/depth_eth3d_205_3.png  used on input
 line 723.
(pdftex.def)             Requested size: 113.35841pt x 69.04614pt.
<assets/depth_demo/depth_15_0.png, id=491, 642.4pt x 481.8pt>
File: assets/depth_demo/depth_15_0.png Graphic file (type png)
<use assets/depth_demo/depth_15_0.png>
Package pdftex.def Info: assets/depth_demo/depth_15_0.png  used on input line 7
26.
(pdftex.def)             Requested size: 113.35841pt x 85.01466pt.
<assets/depth_demo/depth_15_1.png, id=492, 1204.5pt x 899.36pt>
File: assets/depth_demo/depth_15_1.png Graphic file (type png)
<use assets/depth_demo/depth_15_1.png>
Package pdftex.def Info: assets/depth_demo/depth_15_1.png  used on input line 7
27.
(pdftex.def)             Requested size: 113.35841pt x 84.63042pt.
<assets/depth_demo/depth_15_2.png, id=493, 554.07pt x 447.6725pt>
File: assets/depth_demo/depth_15_2.png Graphic file (type png)
<use assets/depth_demo/depth_15_2.png>
Package pdftex.def Info: assets/depth_demo/depth_15_2.png  used on input line 7
28.
(pdftex.def)             Requested size: 113.35841pt x 91.58902pt.
<assets/depth_demo/depth_15_3.jpg, id=494, 1019.81pt x 743.77875pt>
File: assets/depth_demo/depth_15_3.jpg Graphic file (type jpg)
<use assets/depth_demo/depth_15_3.jpg>
Package pdftex.def Info: assets/depth_demo/depth_15_3.jpg  used on input line 7
29.
(pdftex.def)             Requested size: 113.35841pt x 82.6671pt.
<assets/depth_demo_real/depth_in.jpg, id=499, 1505.625pt x 2006.49625pt>
File: assets/depth_demo_real/depth_in.jpg Graphic file (type jpg)
<use assets/depth_demo_real/depth_in.jpg>
Package pdftex.def Info: assets/depth_demo_real/depth_in.jpg  used on input lin
e 746.
(pdftex.def)             Requested size: 151.14456pt x 201.42679pt.
<assets/depth_demo_real/depth_out.png, id=500, 899.36pt x 1204.5pt>
File: assets/depth_demo_real/depth_out.png Graphic file (type png)
<use assets/depth_demo_real/depth_out.png>
Package pdftex.def Info: assets/depth_demo_real/depth_out.png  used on input li
ne 751.
(pdftex.def)             Requested size: 151.14456pt x 202.42813pt.
<assets/depth_demo_real/depth_map.png, id=501, 775.89874pt x 850.17625pt>
File: assets/depth_demo_real/depth_map.png Graphic file (type png)
<use assets/depth_demo_real/depth_map.png>
Package pdftex.def Info: assets/depth_demo_real/depth_map.png  used on input li
ne 756.
(pdftex.def)             Requested size: 151.14456pt x 165.60857pt.


[10]

[11 <./assets/depth_demo/depth_3_0.png (PNG copy)> <./assets/depth_demo/depth_3
_1.png (PNG copy)> <./assets/depth_demo/depth_3_2.png> <./assets/depth_demo/dep
th_3_3.png> <./assets/depth_demo/depth_162_0.png (PNG copy)> <./assets/depth_de
mo/depth_162_1.png (PNG copy)> <./assets/depth_demo/depth_162_2.png> <./assets/
depth_demo/depth_162_3.png> <./assets/depth_demo/depth_eth3d_47_0.jpg> <./asset
s/depth_demo/depth_eth3d_47_1.jpg> <./assets/depth_demo/depth_eth3d_47_2.png> <
./assets/depth_demo/depth_eth3d_47_3.png> <./assets/depth_demo/depth_eth3d_205_
0.jpeg> <./assets/depth_demo/depth_eth3d_205_1.png (PNG copy)> <./assets/depth_
demo/depth_eth3d_205_2.png> <./assets/depth_demo/depth_eth3d_205_3.png> <./asse
ts/depth_demo/depth_15_0.png (PNG copy)> <./assets/depth_demo/depth_15_1.png (P
NG copy)> <./assets/depth_demo/depth_15_2.png> <./assets/depth_demo/depth_15_3.
jpg>]
LaTeX Font Info:    Font shape `TS1/XCharter-TLF/m/n' will be
(Font)              scaled to size 10.95pt on input line 781.
Package microtype Info: Character `textbardbl ' is missing
(microtype)             in font `TS1/XCharter-TLF/m/n/10.95'.
(microtype)             Ignoring protrusion settings for this character.
Package microtype Info: Character `textcelsius ' is missing
(microtype)             in font `TS1/XCharter-TLF/m/n/10.95'.
(microtype)             Ignoring protrusion settings for this character.
File: assets/vb4.png Graphic file (type png)
<use assets/vb4.png>
Package pdftex.def Info: assets/vb4.png  used on input line 808.
(pdftex.def)             Requested size: 11.25238pt x 13.13995pt.
<assets/surface_normal/sn_1_in.jpg, id=549, 1505.625pt x 2006.49625pt>
File: assets/surface_normal/sn_1_in.jpg Graphic file (type jpg)
<use assets/surface_normal/sn_1_in.jpg>
Package pdftex.def Info: assets/surface_normal/sn_1_in.jpg  used on input line 
822.
(pdftex.def)             Requested size: 151.14456pt x 201.42679pt.
<assets/surface_normal/sn_1_lotus.jpg, id=550, 1496.59125pt x 2006.49625pt>
File: assets/surface_normal/sn_1_lotus.jpg Graphic file (type jpg)
<use assets/surface_normal/sn_1_lotus.jpg>
Package pdftex.def Info: assets/surface_normal/sn_1_lotus.jpg  used on input li
ne 823.
(pdftex.def)             Requested size: 151.14456pt x 202.62083pt.
<assets/surface_normal/sn_1_gpm.jpg, id=551, 899.36pt x 1204.5pt>
File: assets/surface_normal/sn_1_gpm.jpg Graphic file (type jpg)
<use assets/surface_normal/sn_1_gpm.jpg>
Package pdftex.def Info: assets/surface_normal/sn_1_gpm.jpg  used on input line
 824.
(pdftex.def)             Requested size: 151.14456pt x 202.42813pt.
<assets/surface_normal/sn_2_in.jpg, id=552, 2006.49625pt x 1505.625pt>
File: assets/surface_normal/sn_2_in.jpg Graphic file (type jpg)
<use assets/surface_normal/sn_2_in.jpg>
Package pdftex.def Info: assets/surface_normal/sn_2_in.jpg  used on input line 
827.
(pdftex.def)             Requested size: 151.14456pt x 113.39944pt.
<assets/surface_normal/sn_2_lotus.jpg, id=553, 1429.34pt x 1078.0275pt>
File: assets/surface_normal/sn_2_lotus.jpg Graphic file (type jpg)
<use assets/surface_normal/sn_2_lotus.jpg>
Package pdftex.def Info: assets/surface_normal/sn_2_lotus.jpg  used on input li
ne 828.
(pdftex.def)             Requested size: 151.14456pt x 113.99402pt.
<assets/surface_normal/sn_2_gpm.jpg, id=554, 1204.5pt x 899.36pt>
File: assets/surface_normal/sn_2_gpm.jpg Graphic file (type jpg)
<use assets/surface_normal/sn_2_gpm.jpg>
Package pdftex.def Info: assets/surface_normal/sn_2_gpm.jpg  used on input line
 829.
(pdftex.def)             Requested size: 151.14456pt x 112.84514pt.
<assets/surface_normal/sn_4_in.jpg, id=555, 1246.6575pt x 376.40625pt>
File: assets/surface_normal/sn_4_in.jpg Graphic file (type jpg)
<use assets/surface_normal/sn_4_in.jpg>
Package pdftex.def Info: assets/surface_normal/sn_4_in.jpg  used on input line 
832.
(pdftex.def)             Requested size: 151.14456pt x 45.63202pt.
<assets/surface_normal/sn_4_lotus.png, id=556, 1246.6575pt x 376.40625pt>
File: assets/surface_normal/sn_4_lotus.png Graphic file (type png)
<use assets/surface_normal/sn_4_lotus.png>
Package pdftex.def Info: assets/surface_normal/sn_4_lotus.png  used on input li
ne 833.
(pdftex.def)             Requested size: 151.14456pt x 45.63202pt.
<assets/surface_normal/sn_4_gpm.png, id=557, 1895.08pt x 562.1pt>
File: assets/surface_normal/sn_4_gpm.png Graphic file (type png)
<use assets/surface_normal/sn_4_gpm.png>
Package pdftex.def Info: assets/surface_normal/sn_4_gpm.png  used on input line
 834.
(pdftex.def)             Requested size: 151.14456pt x 44.8231pt.
File: assets/vb4.png Graphic file (type png)
<use assets/vb4.png>
Package pdftex.def Info: assets/vb4.png  used on input line 835.
(pdftex.def)             Requested size: 10.27985pt x 11.99997pt.
LaTeX Font Info:    Font shape `T1/zlmtt/m/n' will be
(Font)              scaled to size 12.04506pt on input line 842.


[12 <./assets/depth_demo_real/depth_in.jpg> <./assets/depth_demo_real/depth_out
.png> <./assets/depth_demo_real/depth_map.png>]

[13 <./assets/surface_normal/sn_1_in.jpg> <./assets/surface_normal/sn_1_lotus.j
pg> <./assets/surface_normal/sn_1_gpm.jpg> <./assets/surface_normal/sn_2_in.jpg
> <./assets/surface_normal/sn_2_lotus.jpg> <./assets/surface_normal/sn_2_gpm.jp
g> <./assets/surface_normal/sn_4_in.jpg> <./assets/surface_normal/sn_4_lotus.pn
g (PNG copy)> <./assets/surface_normal/sn_4_gpm.png (PNG copy)>]

[14] (./main.bbl

[15]
Underfull \hbox (badness 2126) in paragraph at lines 140--144
[]\T1/XCharter-TLF/m/n/10.95 (+20) Google.  In-tro-duc-ing nano ba-nana pro.  [
][]$\T1/zlmtt/m/n/10.95 https : / / blog . google / innovation-[]and-[]ai /
 []



[16]

[17]

[18]

[19])

[20]
<assets/T2I/demo_1_dp.jpg, id=659, 1413.28pt x 770.88pt>
File: assets/T2I/demo_1_dp.jpg Graphic file (type jpg)
<use assets/T2I/demo_1_dp.jpg>
Package pdftex.def Info: assets/T2I/demo_1_dp.jpg  used on input line 903.
(pdftex.def)             Requested size: 226.70963pt x 123.64914pt.
LaTeX Font Info:    Font shape `T1/XCharter-TLF/m/it' will be
(Font)              scaled to size 10.0pt on input line 904.
<assets/T2I/demo_1_nbp.jpg, id=660, 1413.28pt x 770.88pt>
File: assets/T2I/demo_1_nbp.jpg Graphic file (type jpg)
<use assets/T2I/demo_1_nbp.jpg>
Package pdftex.def Info: assets/T2I/demo_1_nbp.jpg  used on input line 908.
(pdftex.def)             Requested size: 226.70963pt x 123.64914pt.
<assets/T2I/demo_2_dp.jpg, id=661, 1413.28pt x 770.88pt>
File: assets/T2I/demo_2_dp.jpg Graphic file (type jpg)
<use assets/T2I/demo_2_dp.jpg>
Package pdftex.def Info: assets/T2I/demo_2_dp.jpg  used on input line 915.
(pdftex.def)             Requested size: 226.70963pt x 123.64914pt.
<assets/T2I/demo_2_nbp.jpg, id=662, 1413.28pt x 770.88pt>
File: assets/T2I/demo_2_nbp.jpg Graphic file (type jpg)
<use assets/T2I/demo_2_nbp.jpg>
Package pdftex.def Info: assets/T2I/demo_2_nbp.jpg  used on input line 920.
(pdftex.def)             Requested size: 226.70963pt x 123.64914pt.
<assets/T2I/demo_3_dp.jpg, id=663, 1413.28pt x 770.88pt>
File: assets/T2I/demo_3_dp.jpg Graphic file (type jpg)
<use assets/T2I/demo_3_dp.jpg>
Package pdftex.def Info: assets/T2I/demo_3_dp.jpg  used on input line 927.
(pdftex.def)             Requested size: 226.70963pt x 123.64914pt.
<assets/T2I/demo_3_nbp.jpg, id=664, 1413.28pt x 770.88pt>
File: assets/T2I/demo_3_nbp.jpg Graphic file (type jpg)
<use assets/T2I/demo_3_nbp.jpg>
Package pdftex.def Info: assets/T2I/demo_3_nbp.jpg  used on input line 932.
(pdftex.def)             Requested size: 226.70963pt x 123.64914pt.
<assets/T2I/demo_4_vb.jpg, id=665, 1413.28pt x 770.88pt>
File: assets/T2I/demo_4_vb.jpg Graphic file (type jpg)
<use assets/T2I/demo_4_vb.jpg>
Package pdftex.def Info: assets/T2I/demo_4_vb.jpg  used on input line 940.
(pdftex.def)             Requested size: 226.70963pt x 123.64914pt.
<assets/T2I/demo_4_nbp.jpg, id=666, 1413.28pt x 770.88pt>
File: assets/T2I/demo_4_nbp.jpg Graphic file (type jpg)
<use assets/T2I/demo_4_nbp.jpg>
Package pdftex.def Info: assets/T2I/demo_4_nbp.jpg  used on input line 945.
(pdftex.def)             Requested size: 226.70963pt x 123.64914pt.
File: assets/vb4.png Graphic file (type png)
<use assets/vb4.png>
Package pdftex.def Info: assets/vb4.png  used on input line 961.
(pdftex.def)             Requested size: 11.25238pt x 13.13995pt.
<assets/imgedit/sample.1.original.jpg, id=669, 1027.84pt x 1027.84pt>
File: assets/imgedit/sample.1.original.jpg Graphic file (type jpg)
<use assets/imgedit/sample.1.original.jpg>
Package pdftex.def Info: assets/imgedit/sample.1.original.jpg  used on input li
ne 964.
(pdftex.def)             Requested size: 151.14456pt x 151.14241pt.
<assets/imgedit/sample.1.vb.jpg, id=670, 1027.84pt x 1027.84pt>
File: assets/imgedit/sample.1.vb.jpg Graphic file (type jpg)
<use assets/imgedit/sample.1.vb.jpg>
Package pdftex.def Info: assets/imgedit/sample.1.vb.jpg  used on input line 965
.
(pdftex.def)             Requested size: 151.14456pt x 151.14241pt.
<assets/imgedit/sample.1.nbp.jpg, id=671, 1027.84pt x 1027.84pt>
File: assets/imgedit/sample.1.nbp.jpg Graphic file (type jpg)
<use assets/imgedit/sample.1.nbp.jpg>
Package pdftex.def Info: assets/imgedit/sample.1.nbp.jpg  used on input line 96
6.
(pdftex.def)             Requested size: 151.14456pt x 151.14241pt.
<assets/imgedit/sample.2.original.jpg, id=672, 1284.8pt x 722.7pt>
File: assets/imgedit/sample.2.original.jpg Graphic file (type jpg)
<use assets/imgedit/sample.2.original.jpg>
Package pdftex.def Info: assets/imgedit/sample.2.original.jpg  used on input li
ne 970.
(pdftex.def)             Requested size: 151.14456pt x 85.01099pt.
<assets/imgedit/sample.2.vb.jpg, id=673, 1381.16pt x 770.88pt>
File: assets/imgedit/sample.2.vb.jpg Graphic file (type jpg)
<use assets/imgedit/sample.2.vb.jpg>
Package pdftex.def Info: assets/imgedit/sample.2.vb.jpg  used on input line 971
.
(pdftex.def)             Requested size: 151.14456pt x 84.35008pt.
<assets/imgedit/sample.2.nbp.jpg, id=674, 1381.16pt x 770.88pt>
File: assets/imgedit/sample.2.nbp.jpg Graphic file (type jpg)
<use assets/imgedit/sample.2.nbp.jpg>
Package pdftex.def Info: assets/imgedit/sample.2.nbp.jpg  used on input line 97
2.
(pdftex.def)             Requested size: 151.14456pt x 84.35008pt.
<assets/imgedit/sample.3.original.jpg, id=675, 1027.84pt x 1027.84pt>
File: assets/imgedit/sample.3.original.jpg Graphic file (type jpg)
<use assets/imgedit/sample.3.original.jpg>
Package pdftex.def Info: assets/imgedit/sample.3.original.jpg  used on input li
ne 976.
(pdftex.def)             Requested size: 151.14456pt x 151.14241pt.
<assets/imgedit/sample.3.vb.jpg, id=676, 1027.84pt x 1027.84pt>
File: assets/imgedit/sample.3.vb.jpg Graphic file (type jpg)
<use assets/imgedit/sample.3.vb.jpg>
Package pdftex.def Info: assets/imgedit/sample.3.vb.jpg  used on input line 977
.
(pdftex.def)             Requested size: 151.14456pt x 151.14241pt.
<assets/imgedit/sample.3.nbp.jpg, id=677, 1027.84pt x 1027.84pt>
File: assets/imgedit/sample.3.nbp.jpg Graphic file (type jpg)
<use assets/imgedit/sample.3.nbp.jpg>
Package pdftex.def Info: assets/imgedit/sample.3.nbp.jpg  used on input line 97
8.
(pdftex.def)             Requested size: 151.14456pt x 151.14241pt.
<assets/imgedit/sample.4.original.jpg, id=678, 1027.84pt x 1027.84pt>
File: assets/imgedit/sample.4.original.jpg Graphic file (type jpg)
<use assets/imgedit/sample.4.original.jpg>
Package pdftex.def Info: assets/imgedit/sample.4.original.jpg  used on input li
ne 982.
(pdftex.def)             Requested size: 151.14456pt x 151.14241pt.
<assets/imgedit/sample.4.vb.jpg, id=679, 1027.84pt x 1027.84pt>
File: assets/imgedit/sample.4.vb.jpg Graphic file (type jpg)
<use assets/imgedit/sample.4.vb.jpg>
Package pdftex.def Info: assets/imgedit/sample.4.vb.jpg  used on input line 983
.
(pdftex.def)             Requested size: 151.14456pt x 151.14241pt.
<assets/imgedit/sample.4.nbp.jpg, id=680, 1027.84pt x 1027.84pt>
File: assets/imgedit/sample.4.nbp.jpg Graphic file (type jpg)
<use assets/imgedit/sample.4.nbp.jpg>
Package pdftex.def Info: assets/imgedit/sample.4.nbp.jpg  used on input line 98
4.
(pdftex.def)             Requested size: 151.14456pt x 151.14241pt.

Overfull \hbox (17.11774pt too wide) in paragraph at lines 958--991
 [][] 
 []


LaTeX Warning: Float too large for page by 1.7946pt on input line 995.



[21 <./assets/T2I/demo_1_dp.jpg> <./assets/T2I/demo_1_nbp.jpg> <./assets/T2I/de
mo_2_dp.jpg> <./assets/T2I/demo_2_nbp.jpg> <./assets/T2I/demo_3_dp.jpg> <./asse
ts/T2I/demo_3_nbp.jpg> <./assets/T2I/demo_4_vb.jpg> <./assets/T2I/demo_4_nbp.jp
g>]

[22 <./assets/imgedit/sample.1.original.jpg> <./assets/imgedit/sample.1.vb.jpg>
 <./assets/imgedit/sample.1.nbp.jpg> <./assets/imgedit/sample.2.original.jpg> <
./assets/imgedit/sample.2.vb.jpg> <./assets/imgedit/sample.2.nbp.jpg> <./assets
/imgedit/sample.3.original.jpg> <./assets/imgedit/sample.3.vb.jpg> <./assets/im
gedit/sample.3.nbp.jpg> <./assets/imgedit/sample.4.original.jpg> <./assets/imge
dit/sample.4.vb.jpg> <./assets/imgedit/sample.4.nbp.jpg>]

enddocument/afterlastpage (AED): lastpage setting LastPage.
(./main.aux)
 ***********
LaTeX2e <2024-11-01> patch level 2
L3 programming layer <2025-01-18>
 ***********
Package rerunfilecheck Info: File `main.out' has not changed.
(rerunfilecheck)             Checksum: 3339F10E8CBF7C86E180D6C65E61F739;1083.
 ) 
Here is how much of TeX's memory you used:
 27366 strings out of 473190
 477991 string characters out of 5719980
 931486 words of memory out of 5000000
 49299 multiletter control sequences out of 15000+600000
 916706 words of font info for 715 fonts, out of 8000000 for 9000
 1141 hyphenation exceptions out of 8191
 94i,20n,131p,1368b,786s stack positions out of 10000i,1000n,20000p,200000b,200000s
<d:/texlive/2025/texmf-dist/fonts/type1/public/xcharter/XCharter-Bold.pfb><d:
/texlive/2025/texmf-dist/fonts/type1/public/xcharter/XCharter-BoldItalic.pfb><d
:/texlive/2025/texmf-dist/fonts/type1/public/xcharter/XCharter-Italic.pfb><d:/t
exlive/2025/texmf-dist/fonts/type1/public/xcharter/XCharter-Roman.pfb><d:/texli
ve/2025/texmf-dist/fonts/type1/public/xcharter/XCharterMathMI.pfb><d:/texlive/2
025/texmf-dist/fonts/type1/public/lm/lmtk10.pfb><d:/texlive/2025/texmf-dist/fon
ts/type1/public/lm/lmtt10.pfb><d:/texlive/2025/texmf-dist/fonts/type1/public/ne
wtx/txmiaX.pfb><d:/texlive/2025/texmf-dist/fonts/type1/public/newtx/txsym.pfb><
d:/texlive/2025/texmf-dist/fonts/type1/public/newtx/txsys.pfb>
Output written on main.pdf (22 pages, 38179772 bytes).
PDF statistics:
 770 PDF objects out of 1000 (max. 8388607)
 606 compressed objects within 7 object streams
 128 named destinations out of 1000 (max. 500000)
 146888 words of extra memory for PDF output out of 154059 (max. 10000000)

